id,domain,activity,level,category,who_leads,who_else,required_qualification,wording,access_outcome,context,frequency,intensity_summary,evidence_to_monitor,student_voice_prompt,how_support_fades,status
D1-A01-PE-01,Learning and Applying Knowledge,Watching,Present Environment,Instruction & explanation,Classroom Teacher,,,Maintain ordinary accessible supports and resources in the setting,"access visual information, demonstrations, images or screen-based content",visual information; demonstrations; images; screen-based content,as part of everyday practice,Ordinary supports/resources available in the setting,access and participation; prompt or assistance level; independent use of the support; task engagement/completion where relevant,"Which part of this support helps you most when working with visual information, demonstrations, images or screen-based content? What should we keep, change or fade?",Teach the student how and when to use the support; prompt use before increasing direct assistance; fade prompts when evidence shows increasing independence.,working_draft
D1-A01-DT-01A,Learning and Applying Knowledge,Watching,Differentiated Teaching,Instruction & explanation,Classroom Teacher,Education Support Staff,,Help {preferredName} identify key features of visual information,access and interpret visual information used for learning,visual information; demonstrations; images; screen-based content,as needed during relevant tasks or routines,"Brief, occasional; within usual classroom practice",access and participation; prompt or assistance level; independent use of the support; task engagement/completion where relevant,"Which part of this support helps you most when working with visual information, demonstrations, images or screen-based content? What should we keep, change or fade?",Teach the student how and when to use the support; prompt use before increasing direct assistance; fade prompts when evidence shows increasing independence.,working_draft
D1-A01-DT-01B,Learning and Applying Knowledge,Watching,Differentiated Teaching,Instruction & explanation,Classroom Teacher,Education Support Staff,,Provide occasional reminders to use visual aids,access and interpret visual information used for learning,visual information; demonstrations; images; screen-based content,as needed during relevant tasks or routines,"Brief, occasional; within usual classroom practice",access and participation; prompt or assistance level; independent use of the support; task engagement/completion where relevant,"Which part of this support helps you most when working with visual information, demonstrations, images or screen-based content? What should we keep, change or fade?",Teach the student how and when to use the support; prompt use before increasing direct assistance; fade prompts when evidence shows increasing independence.,working_draft
D1-A01-DT-01C,Learning and Applying Knowledge,Watching,Differentiated Teaching,Instruction & explanation,Classroom Teacher,Education Support Staff,,Enable and model relevant classroom accessibility settings,access and interpret visual information used for learning,visual information; demonstrations; images; screen-based content,as needed during relevant tasks or routines,"Brief, occasional; within usual classroom practice",access and participation; prompt or assistance level; independent use of the support; task engagement/completion where relevant,"Which part of this support helps you most when working with visual information, demonstrations, images or screen-based content? What should we keep, change or fade?",Teach the student how and when to use the support; prompt use before increasing direct assistance; fade prompts when evidence shows increasing independence.,working_draft
D1-A01-SUP-01A,Learning and Applying Knowledge,Watching,Supplementary,Instruction & explanation,Classroom Teacher,Education Support Staff,,Provide enlarged text,access and interpret visual information used for learning,visual information; demonstrations; images; screen-based content,at specific times through the week or in identified tasks or settings,"Regular, planned and personalised; at specific times/settings",access and participation; prompt or assistance level; independent use of the support; task engagement/completion where relevant,"Which part of this support helps you most when working with visual information, demonstrations, images or screen-based content? What should we keep, change or fade?",Teach the student how and when to use the support; prompt use before increasing direct assistance; fade prompts when evidence shows increasing independence.,working_draft
D1-A01-SUP-01B,Learning and Applying Knowledge,Watching,Supplementary,Environment & routines,Classroom Teacher,Education Support Staff,,Reduce visual clutter in materials or the immediate work area,access and interpret visual information used for learning,visual information; demonstrations; images; screen-based content,at specific times through the week or in identified tasks or settings,"Regular, planned and personalised; at specific times/settings",access and participation; prompt or assistance level; independent use of the support; task engagement/completion where relevant,"Which part of this support helps you most when working with visual information, demonstrations, images or screen-based content? What should we keep, change or fade?",Teach the student how and when to use the support; prompt use before increasing direct assistance; fade prompts when evidence shows increasing independence.,working_draft
D1-A01-SUP-01C,Learning and Applying Knowledge,Watching,Supplementary,Instruction & explanation,Classroom Teacher,Education Support Staff,,Provide verbal description of key visual information,access and interpret visual information used for learning,visual information; demonstrations; images; screen-based content,at specific times through the week or in identified tasks or settings,"Regular, planned and personalised; at specific times/settings",access and participation; prompt or assistance level; independent use of the support; task engagement/completion where relevant,"Which part of this support helps you most when working with visual information, demonstrations, images or screen-based content? What should we keep, change or fade?",Teach the student how and when to use the support; prompt use before increasing direct assistance; fade prompts when evidence shows increasing independence.,working_draft
D1-A01-SUP-01D,Learning and Applying Knowledge,Watching,Supplementary,Instruction & explanation,Classroom Teacher,Education Support Staff,,Provide recorded instructions,access and interpret visual information used for learning,visual information; demonstrations; images; screen-based content,at specific times through the week or in identified tasks or settings,"Regular, planned and personalised; at specific times/settings",access and participation; prompt or assistance level; independent use of the support; task engagement/completion where relevant,"Which part of this support helps you most when working with visual information, demonstrations, images or screen-based content? What should we keep, change or fade?",Teach the student how and when to use the support; prompt use before increasing direct assistance; fade prompts when evidence shows increasing independence.,working_draft
D1-A01-SUP-02,Learning and Applying Knowledge,Watching,Supplementary,Instruction & explanation,Classroom Teacher,Education Support Staff,,Provide planned rest breaks,access and interpret visual information used for learning,visual information; demonstrations; images; screen-based content,at specific times through the week or in identified tasks or settings,"Regular, planned and personalised; at specific times/settings",access and participation; prompt or assistance level; independent use of the support; task engagement/completion where relevant,"Which part of this support helps you most when working with visual information, demonstrations, images or screen-based content? What should we keep, change or fade?",Teach the student how and when to use the support; prompt use before increasing direct assistance; fade prompts when evidence shows increasing independence.,working_draft
D1-A01-SUB-01A,Learning and Applying Knowledge,Watching,Substantial,Instruction & explanation,Classroom Teacher,Education Support Staff,,Explicitly direct {hishertheir} attention to key visual features,access and interpret visual information used for learning,visual information; demonstrations; images; screen-based content,on most days or across most relevant tasks or settings,"Frequent, personalised; on most days/relevant settings",access and participation; prompt or assistance level; independent use of the support; task engagement/completion where relevant,"Which part of this support helps you most when working with visual information, demonstrations, images or screen-based content? What should we keep, change or fade?",Teach the student how and when to use the support; prompt use before increasing direct assistance; fade prompts when evidence shows increasing independence.,working_draft
D1-A01-SUB-01B,Learning and Applying Knowledge,Watching,Substantial,Environment & routines,Classroom Teacher,Education Support Staff,,Reduce visual clutter,access and interpret visual information used for learning,visual information; demonstrations; images; screen-based content,on most days or across most relevant tasks or settings,"Frequent, personalised; on most days/relevant settings",access and participation; prompt or assistance level; independent use of the support; task engagement/completion where relevant,"Which part of this support helps you most when working with visual information, demonstrations, images or screen-based content? What should we keep, change or fade?",Teach the student how and when to use the support; prompt use before increasing direct assistance; fade prompts when evidence shows increasing independence.,working_draft
D1-A01-SUB-01C,Learning and Applying Knowledge,Watching,Substantial,Task & materials,Classroom Teacher,Education Support Staff,,Provide enlarged visual materials,access and interpret visual information used for learning,visual information; demonstrations; images; screen-based content,on most days or across most relevant tasks or settings,"Frequent, personalised; on most days/relevant settings",access and participation; prompt or assistance level; independent use of the support; task engagement/completion where relevant,"Which part of this support helps you most when working with visual information, demonstrations, images or screen-based content? What should we keep, change or fade?",Teach the student how and when to use the support; prompt use before increasing direct assistance; fade prompts when evidence shows increasing independence.,working_draft
D1-A01-SUB-01D,Learning and Applying Knowledge,Watching,Substantial,Task & materials,Classroom Teacher,Education Support Staff,,Provide high-contrast materials,access and interpret visual information used for learning,visual information; demonstrations; images; screen-based content,on most days or across most relevant tasks or settings,"Frequent, personalised; on most days/relevant settings",access and participation; prompt or assistance level; independent use of the support; task engagement/completion where relevant,"Which part of this support helps you most when working with visual information, demonstrations, images or screen-based content? What should we keep, change or fade?",Teach the student how and when to use the support; prompt use before increasing direct assistance; fade prompts when evidence shows increasing independence.,working_draft
D1-A01-SUB-02A,Learning and Applying Knowledge,Watching,Substantial,Instruction & explanation,Classroom Teacher,Education Support Staff,,Supplement visual information with verbal explanation,access and interpret visual information used for learning,visual information; demonstrations; images; screen-based content,on most days or across most relevant tasks or settings,"Frequent, personalised; on most days/relevant settings",access and participation; prompt or assistance level; independent use of the support; task engagement/completion where relevant,"Which part of this support helps you most when working with visual information, demonstrations, images or screen-based content? What should we keep, change or fade?",Teach the student how and when to use the support; prompt use before increasing direct assistance; fade prompts when evidence shows increasing independence.,working_draft
D1-A01-SUB-02B,Learning and Applying Knowledge,Watching,Substantial,Instruction & explanation,Classroom Teacher,Education Support Staff,,Allow additional time to interpret diagrams,access and interpret visual information used for learning,visual information; demonstrations; images; screen-based content,on most days or across most relevant tasks or settings,"Frequent, personalised; on most days/relevant settings",access and participation; prompt or assistance level; independent use of the support; task engagement/completion where relevant,"Which part of this support helps you most when working with visual information, demonstrations, images or screen-based content? What should we keep, change or fade?",Teach the student how and when to use the support; prompt use before increasing direct assistance; fade prompts when evidence shows increasing independence.,working_draft
D1-A01-SUB-02C,Learning and Applying Knowledge,Watching,Substantial,Instruction & explanation,Classroom Teacher,Education Support Staff,,Provide written instructions alongside spoken information,access and interpret visual information used for learning,visual information; demonstrations; images; screen-based content,on most days or across most relevant tasks or settings,"Frequent, personalised; on most days/relevant settings",access and participation; prompt or assistance level; independent use of the support; task engagement/completion where relevant,"Which part of this support helps you most when working with visual information, demonstrations, images or screen-based content? What should we keep, change or fade?",Teach the student how and when to use the support; prompt use before increasing direct assistance; fade prompts when evidence shows increasing independence.,working_draft
D1-A01-SUB-02D,Learning and Applying Knowledge,Watching,Substantial,Instruction & explanation,Classroom Teacher,Education Support Staff,,"Present key information on screen where {preferredName} can adjust size, contrast and zoom",access and interpret visual information used for learning,visual information; demonstrations; images; screen-based content,on most days or across most relevant tasks or settings,"Frequent, personalised; on most days/relevant settings",access and participation; prompt or assistance level; independent use of the support; task engagement/completion where relevant,"Which part of this support helps you most when working with visual information, demonstrations, images or screen-based content? What should we keep, change or fade?",Teach the student how and when to use the support; prompt use before increasing direct assistance; fade prompts when evidence shows increasing independence.,working_draft
D1-A01-EXT-01A,Learning and Applying Knowledge,Watching,Extensive,Technology & resources,Classroom Teacher,Education Support Staff,,Use audio description,access and interpret visual information used for learning,visual information; demonstrations; images; screen-based content,consistently throughout the activity or across relevant settings in the school day,"Sustained, highly individualised; consistently across activity/settings",access and participation; prompt or assistance level; independent use of the support; task engagement/completion where relevant,"Which part of this support helps you most when working with visual information, demonstrations, images or screen-based content? What should we keep, change or fade?",Teach the student how and when to use the support; prompt use before increasing direct assistance; fade prompts when evidence shows increasing independence.,working_draft
D1-A01-EXT-01B,Learning and Applying Knowledge,Watching,Extensive,Task & materials,Classroom Teacher,Education Support Staff,,Provide tactile materials,access and interpret visual information used for learning,visual information; demonstrations; images; screen-based content,consistently throughout the activity or across relevant settings in the school day,"Sustained, highly individualised; consistently across activity/settings",access and participation; prompt or assistance level; independent use of the support; task engagement/completion where relevant,"Which part of this support helps you most when working with visual information, demonstrations, images or screen-based content? What should we keep, change or fade?",Teach the student how and when to use the support; prompt use before increasing direct assistance; fade prompts when evidence shows increasing independence.,working_draft
D1-A01-EXT-01C,Learning and Applying Knowledge,Watching,Extensive,Instruction & explanation,Classroom Teacher,Education Support Staff,,Use verbal explanation,access and interpret visual information used for learning,visual information; demonstrations; images; screen-based content,consistently throughout the activity or across relevant settings in the school day,"Sustained, highly individualised; consistently across activity/settings",access and participation; prompt or assistance level; independent use of the support; task engagement/completion where relevant,"Which part of this support helps you most when working with visual information, demonstrations, images or screen-based content? What should we keep, change or fade?",Teach the student how and when to use the support; prompt use before increasing direct assistance; fade prompts when evidence shows increasing independence.,working_draft
D1-A01-EXT-01D,Learning and Applying Knowledge,Watching,Extensive,Technology & resources,Classroom Teacher,Education Support Staff,,Provide the agreed assistive technology and teach its use,access and interpret visual information used for learning,visual information; demonstrations; images; screen-based content,consistently throughout the activity or across relevant settings in the school day,"Sustained, highly individualised; consistently across activity/settings",access and participation; prompt or assistance level; independent use of the support; task engagement/completion where relevant,"Which part of this support helps you most when working with visual information, demonstrations, images or screen-based content? What should we keep, change or fade?",Teach the student how and when to use the support; prompt use before increasing direct assistance; fade prompts when evidence shows increasing independence.,working_draft
D1-A02-PE-01,Learning and Applying Knowledge,Listening,Present Environment,Technology & resources,Classroom Teacher,,,Maintain ordinary accessible supports and resources in the setting,"access spoken instructions, class discussion, announcements or audio content",spoken instructions; class discussion; announcements; audio content,as part of everyday practice,Ordinary supports/resources available in the setting,access and participation; prompt or assistance level; independent use of the support; task engagement/completion where relevant,"Which part of this support helps you most when working with spoken instructions, class discussion, announcements or audio content? What should we keep, change or fade?",Teach the student how and when to use the support; prompt use before increasing direct assistance; fade prompts when evidence shows increasing independence.,working_draft
D1-A02-DT-01,Learning and Applying Knowledge,Listening,Differentiated Teaching,Technology & resources,Classroom Teacher,Education Support Staff,,Provide agreed classroom supports matched to the activity,access and understand spoken information,spoken instructions; class discussion; announcements; audio content,as needed during relevant tasks or routines,"Brief, occasional; within usual classroom practice",access and participation; prompt or assistance level; independent use of the support; task engagement/completion where relevant,"Which part of this support helps you most when working with spoken instructions, class discussion, announcements or audio content? What should we keep, change or fade?",Teach the student how and when to use the support; prompt use before increasing direct assistance; fade prompts when evidence shows increasing independence.,working_draft
D1-A02-SUP-01A,Learning and Applying Knowledge,Listening,Supplementary,Technology & resources,Classroom Teacher,Education Support Staff,,Provide access to the hearing loop where available and appropriate,access and understand spoken information,spoken instructions; class discussion; announcements; audio content,at specific times through the week or in identified tasks or settings,"Regular, planned and personalised; at specific times/settings",access and participation; prompt or assistance level; independent use of the support; task engagement/completion where relevant,"Which part of this support helps you most when working with spoken instructions, class discussion, announcements or audio content? What should we keep, change or fade?",Teach the student how and when to use the support; prompt use before increasing direct assistance; fade prompts when evidence shows increasing independence.,working_draft
D1-A02-SUP-01B,Learning and Applying Knowledge,Listening,Supplementary,Technology & resources,Classroom Teacher,Education Support Staff,,Provide captioned materials,access and understand spoken information,spoken instructions; class discussion; announcements; audio content,at specific times through the week or in identified tasks or settings,"Regular, planned and personalised; at specific times/settings",access and participation; prompt or assistance level; independent use of the support; task engagement/completion where relevant,"Which part of this support helps you most when working with spoken instructions, class discussion, announcements or audio content? What should we keep, change or fade?",Teach the student how and when to use the support; prompt use before increasing direct assistance; fade prompts when evidence shows increasing independence.,working_draft
D1-A02-SUP-01C,Learning and Applying Knowledge,Listening,Supplementary,Technology & resources,Classroom Teacher,Education Support Staff,,Provide visual supports,access and understand spoken information,spoken instructions; class discussion; announcements; audio content,at specific times through the week or in identified tasks or settings,"Regular, planned and personalised; at specific times/settings",access and participation; prompt or assistance level; independent use of the support; task engagement/completion where relevant,"Which part of this support helps you most when working with spoken instructions, class discussion, announcements or audio content? What should we keep, change or fade?",Teach the student how and when to use the support; prompt use before increasing direct assistance; fade prompts when evidence shows increasing independence.,working_draft
D1-A02-SUP-01D,Learning and Applying Knowledge,Listening,Supplementary,Technology & resources,Classroom Teacher,Education Support Staff,,Provide written instructions alongside spoken information,access and understand spoken information,spoken instructions; class discussion; announcements; audio content,at specific times through the week or in identified tasks or settings,"Regular, planned and personalised; at specific times/settings",access and participation; prompt or assistance level; independent use of the support; task engagement/completion where relevant,"Which part of this support helps you most when working with spoken instructions, class discussion, announcements or audio content? What should we keep, change or fade?",Teach the student how and when to use the support; prompt use before increasing direct assistance; fade prompts when evidence shows increasing independence.,working_draft
D1-A02-SUP-02A,Learning and Applying Knowledge,Listening,Supplementary,Physical access & mobility,Classroom Teacher,Education Support Staff,,Provide preferential positioning matched to the access need,access and understand spoken information,spoken instructions; class discussion; announcements; audio content,at specific times through the week or in identified tasks or settings,"Regular, planned and personalised; at specific times/settings",access and participation; prompt or assistance level; independent use of the support; task engagement/completion where relevant,"Which part of this support helps you most when working with spoken instructions, class discussion, announcements or audio content? What should we keep, change or fade?",Teach the student how and when to use the support; prompt use before increasing direct assistance; fade prompts when evidence shows increasing independence.,working_draft
D1-A02-SUP-02B,Learning and Applying Knowledge,Listening,Supplementary,Technology & resources,Classroom Teacher,Education Support Staff,,Use specialist advice to adjust the acoustic environment,access and understand spoken information,spoken instructions; class discussion; announcements; audio content,at specific times through the week or in identified tasks or settings,"Regular, planned and personalised; at specific times/settings",access and participation; prompt or assistance level; independent use of the support; task engagement/completion where relevant,"Which part of this support helps you most when working with spoken instructions, class discussion, announcements or audio content? What should we keep, change or fade?",Teach the student how and when to use the support; prompt use before increasing direct assistance; fade prompts when evidence shows increasing independence.,working_draft
D1-A02-SUB-01A,Learning and Applying Knowledge,Listening,Substantial,Technology & resources,Classroom Teacher,Education Support Staff,,Provide visual supports,access and understand spoken information,spoken instructions; class discussion; announcements; audio content,on most days or across most relevant tasks or settings,"Frequent, personalised; on most days/relevant settings",access and participation; prompt or assistance level; independent use of the support; task engagement/completion where relevant,"Which part of this support helps you most when working with spoken instructions, class discussion, announcements or audio content? What should we keep, change or fade?",Teach the student how and when to use the support; prompt use before increasing direct assistance; fade prompts when evidence shows increasing independence.,working_draft
D1-A02-SUB-01B,Learning and Applying Knowledge,Listening,Substantial,Technology & resources,Classroom Teacher,Education Support Staff,,Provide written instructions alongside spoken information,access and understand spoken information,spoken instructions; class discussion; announcements; audio content,on most days or across most relevant tasks or settings,"Frequent, personalised; on most days/relevant settings",access and participation; prompt or assistance level; independent use of the support; task engagement/completion where relevant,"Which part of this support helps you most when working with spoken instructions, class discussion, announcements or audio content? What should we keep, change or fade?",Teach the student how and when to use the support; prompt use before increasing direct assistance; fade prompts when evidence shows increasing independence.,working_draft
D1-A02-SUB-01C,Learning and Applying Knowledge,Listening,Substantial,Technology & resources,Classroom Teacher,Education Support Staff,,Use simplified verbal information,access and understand spoken information,spoken instructions; class discussion; announcements; audio content,on most days or across most relevant tasks or settings,"Frequent, personalised; on most days/relevant settings",access and participation; prompt or assistance level; independent use of the support; task engagement/completion where relevant,"Which part of this support helps you most when working with spoken instructions, class discussion, announcements or audio content? What should we keep, change or fade?",Teach the student how and when to use the support; prompt use before increasing direct assistance; fade prompts when evidence shows increasing independence.,working_draft
D1-A02-SUB-01D,Learning and Applying Knowledge,Listening,Substantial,Technology & resources,Classroom Teacher,Education Support Staff,,Provide the agreed assistive technology and teach its use,access and understand spoken information,spoken instructions; class discussion; announcements; audio content,on most days or across most relevant tasks or settings,"Frequent, personalised; on most days/relevant settings",access and participation; prompt or assistance level; independent use of the support; task engagement/completion where relevant,"Which part of this support helps you most when working with spoken instructions, class discussion, announcements or audio content? What should we keep, change or fade?",Teach the student how and when to use the support; prompt use before increasing direct assistance; fade prompts when evidence shows increasing independence.,working_draft
D1-A02-SUB-02A,Learning and Applying Knowledge,Listening,Substantial,Communication & interaction,Classroom Teacher,Education Support Staff,,Provide the agreed communication system and model its use,access and understand spoken information,spoken instructions; class discussion; announcements; audio content,on most days or across most relevant tasks or settings,"Frequent, personalised; on most days/relevant settings",access and participation; prompt or assistance level; independent use of the support; task engagement/completion where relevant,"Which part of this support helps you most when working with spoken instructions, class discussion, announcements or audio content? What should we keep, change or fade?",Teach the student how and when to use the support; prompt use before increasing direct assistance; fade prompts when evidence shows increasing independence.,working_draft
D1-A02-SUB-02B,Learning and Applying Knowledge,Listening,Substantial,Physical access & mobility,Classroom Teacher,Education Support Staff,,Provide preferential positioning matched to the access need,access and understand spoken information,spoken instructions; class discussion; announcements; audio content,on most days or across most relevant tasks or settings,"Frequent, personalised; on most days/relevant settings",access and participation; prompt or assistance level; independent use of the support; task engagement/completion where relevant,"Which part of this support helps you most when working with spoken instructions, class discussion, announcements or audio content? What should we keep, change or fade?",Teach the student how and when to use the support; prompt use before increasing direct assistance; fade prompts when evidence shows increasing independence.,working_draft
D1-A02-SUB-02C,Learning and Applying Knowledge,Listening,Substantial,Technology & resources,Classroom Teacher,Education Support Staff,,Check understanding at agreed points across relevant lessons and routines,access and understand spoken information,spoken instructions; class discussion; announcements; audio content,on most days or across most relevant tasks or settings,"Frequent, personalised; on most days/relevant settings",access and participation; prompt or assistance level; independent use of the support; task engagement/completion where relevant,"Which part of this support helps you most when working with spoken instructions, class discussion, announcements or audio content? What should we keep, change or fade?",Teach the student how and when to use the support; prompt use before increasing direct assistance; fade prompts when evidence shows increasing independence.,working_draft
D1-A02-EXT-01,Learning and Applying Knowledge,Listening,Extensive,Communication & interaction,Classroom Teacher,Education Support Staff,,Supplement auditory information using visual or alternative communication systems,access and understand spoken information,spoken instructions; class discussion; announcements; audio content,consistently throughout the activity or across relevant settings in the school day,"Sustained, highly individualised; consistently across activity/settings",access and participation; prompt or assistance level; independent use of the support; task engagement/completion where relevant,"Which part of this support helps you most when working with spoken instructions, class discussion, announcements or audio content? What should we keep, change or fade?",Teach the student how and when to use the support; prompt use before increasing direct assistance; fade prompts when evidence shows increasing independence.,working_draft
D1-A03-PE-01,Learning and Applying Knowledge,Reading,Present Environment,Literacy / numeracy access,Classroom Teacher,,,Maintain ordinary accessible supports and resources in the setting,"access dense text, written instructions, subject-specific texts or word problems",dense text; written instructions; subject-specific texts; word problems,as part of everyday practice,Ordinary supports/resources available in the setting,access and participation; prompt or assistance level; independent use of the support; task engagement/completion where relevant,"Which part of this support helps you most when working with dense text, written instructions, subject-specific texts or word problems? What should we keep, change or fade?",Teach the student how and when to use the support; prompt use before increasing direct assistance; fade prompts when evidence shows increasing independence.,working_draft
D1-A03-DT-01A,Learning and Applying Knowledge,Reading,Differentiated Teaching,Literacy / numeracy access,Classroom Teacher,Education Support Staff,,Provide brief teacher assistance,access written information and demonstrate comprehension,dense text; written instructions; subject-specific texts; word problems,as needed during relevant tasks or routines,"Brief, occasional; within usual classroom practice",access and participation; prompt or assistance level; independent use of the support; task engagement/completion where relevant,"Which part of this support helps you most when working with dense text, written instructions, subject-specific texts or word problems? What should we keep, change or fade?",Teach the student how and when to use the support; prompt use before increasing direct assistance; fade prompts when evidence shows increasing independence.,working_draft
D1-A03-DT-01B,Learning and Applying Knowledge,Reading,Differentiated Teaching,Literacy / numeracy access,Classroom Teacher,Education Support Staff,,Re-read or restate instructions,access written information and demonstrate comprehension,dense text; written instructions; subject-specific texts; word problems,as needed during relevant tasks or routines,"Brief, occasional; within usual classroom practice",access and participation; prompt or assistance level; independent use of the support; task engagement/completion where relevant,"Which part of this support helps you most when working with dense text, written instructions, subject-specific texts or word problems? What should we keep, change or fade?",Teach the student how and when to use the support; prompt use before increasing direct assistance; fade prompts when evidence shows increasing independence.,working_draft
D1-A03-DT-01C,Learning and Applying Knowledge,Reading,Differentiated Teaching,Literacy / numeracy access,Classroom Teacher,Education Support Staff,,Clarify key vocabulary,access written information and demonstrate comprehension,dense text; written instructions; subject-specific texts; word problems,as needed during relevant tasks or routines,"Brief, occasional; within usual classroom practice",access and participation; prompt or assistance level; independent use of the support; task engagement/completion where relevant,"Which part of this support helps you most when working with dense text, written instructions, subject-specific texts or word problems? What should we keep, change or fade?",Teach the student how and when to use the support; prompt use before increasing direct assistance; fade prompts when evidence shows increasing independence.,working_draft
D1-A03-DT-01D,Learning and Applying Knowledge,Reading,Differentiated Teaching,Literacy / numeracy access,Classroom Teacher,Education Support Staff,,Check understanding,access written information and demonstrate comprehension,dense text; written instructions; subject-specific texts; word problems,as needed during relevant tasks or routines,"Brief, occasional; within usual classroom practice",access and participation; prompt or assistance level; independent use of the support; task engagement/completion where relevant,"Which part of this support helps you most when working with dense text, written instructions, subject-specific texts or word problems? What should we keep, change or fade?",Teach the student how and when to use the support; prompt use before increasing direct assistance; fade prompts when evidence shows increasing independence.,working_draft
D1-A03-DT-02,Learning and Applying Knowledge,Reading,Differentiated Teaching,Literacy / numeracy access,Classroom Teacher,Education Support Staff,,Provide access to routine classroom literacy supports,access written information and demonstrate comprehension,dense text; written instructions; subject-specific texts; word problems,as needed during relevant tasks or routines,"Brief, occasional; within usual classroom practice",access and participation; prompt or assistance level; independent use of the support; task engagement/completion where relevant,"Which part of this support helps you most when working with dense text, written instructions, subject-specific texts or word problems? What should we keep, change or fade?",Teach the student how and when to use the support; prompt use before increasing direct assistance; fade prompts when evidence shows increasing independence.,working_draft
D1-A03-SUP-01A,Learning and Applying Knowledge,Reading,Supplementary,Literacy / numeracy access,Classroom Teacher,Education Support Staff,,Provide targeted small-group teaching linked to the identified need,access written information and demonstrate comprehension,dense text; written instructions; subject-specific texts; word problems,at specific times through the week or in identified tasks or settings,"Regular, planned and personalised; at specific times/settings",access and participation; prompt or assistance level; independent use of the support; task engagement/completion where relevant,"Which part of this support helps you most when working with dense text, written instructions, subject-specific texts or word problems? What should we keep, change or fade?",Teach the student how and when to use the support; prompt use before increasing direct assistance; fade prompts when evidence shows increasing independence.,working_draft
D1-A03-SUP-01B,Learning and Applying Knowledge,Reading,Supplementary,Literacy / numeracy access,Classroom Teacher,Education Support Staff,,Provide a specific reading programme linked to the identified need,access written information and demonstrate comprehension,dense text; written instructions; subject-specific texts; word problems,at specific times through the week or in identified tasks or settings,"Regular, planned and personalised; at specific times/settings",access and participation; prompt or assistance level; independent use of the support; task engagement/completion where relevant,"Which part of this support helps you most when working with dense text, written instructions, subject-specific texts or word problems? What should we keep, change or fade?",Teach the student how and when to use the support; prompt use before increasing direct assistance; fade prompts when evidence shows increasing independence.,working_draft
D1-A03-SUP-01C,Learning and Applying Knowledge,Reading,Supplementary,Literacy / numeracy access,Classroom Teacher,Education Support Staff,,Pre-teach key vocabulary,access written information and demonstrate comprehension,dense text; written instructions; subject-specific texts; word problems,at specific times through the week or in identified tasks or settings,"Regular, planned and personalised; at specific times/settings",access and participation; prompt or assistance level; independent use of the support; task engagement/completion where relevant,"Which part of this support helps you most when working with dense text, written instructions, subject-specific texts or word problems? What should we keep, change or fade?",Teach the student how and when to use the support; prompt use before increasing direct assistance; fade prompts when evidence shows increasing independence.,working_draft
D1-A03-SUP-01D,Learning and Applying Knowledge,Reading,Supplementary,Literacy / numeracy access,Classroom Teacher,Education Support Staff,,Provide an accessible version of the text while preserving the intended learning goal,access written information and demonstrate comprehension,dense text; written instructions; subject-specific texts; word problems,at specific times through the week or in identified tasks or settings,"Regular, planned and personalised; at specific times/settings",access and participation; prompt or assistance level; independent use of the support; task engagement/completion where relevant,"Which part of this support helps you most when working with dense text, written instructions, subject-specific texts or word problems? What should we keep, change or fade?",Teach the student how and when to use the support; prompt use before increasing direct assistance; fade prompts when evidence shows increasing independence.,working_draft
D1-A03-SUP-02A,Learning and Applying Knowledge,Reading,Supplementary,Literacy / numeracy access,Classroom Teacher,Education Support Staff,,Provide guided reading support,access written information and demonstrate comprehension,dense text; written instructions; subject-specific texts; word problems,at specific times through the week or in identified tasks or settings,"Regular, planned and personalised; at specific times/settings",access and participation; prompt or assistance level; independent use of the support; task engagement/completion where relevant,"Which part of this support helps you most when working with dense text, written instructions, subject-specific texts or word problems? What should we keep, change or fade?",Teach the student how and when to use the support; prompt use before increasing direct assistance; fade prompts when evidence shows increasing independence.,working_draft
D1-A03-SUP-02B,Learning and Applying Knowledge,Reading,Supplementary,Technology & resources,Classroom Teacher,Education Support Staff,,Provide the agreed assistive technology and teach its use,access written information and demonstrate comprehension,dense text; written instructions; subject-specific texts; word problems,at specific times through the week or in identified tasks or settings,"Regular, planned and personalised; at specific times/settings",access and participation; prompt or assistance level; independent use of the support; task engagement/completion where relevant,"Which part of this support helps you most when working with dense text, written instructions, subject-specific texts or word problems? What should we keep, change or fade?",Teach the student how and when to use the support; prompt use before increasing direct assistance; fade prompts when evidence shows increasing independence.,working_draft
D1-A03-SUP-02C,Learning and Applying Knowledge,Reading,Supplementary,Literacy / numeracy access,Classroom Teacher,Education Support Staff,,Provide regular support to understand written instructions and learning materials,access written information and demonstrate comprehension,dense text; written instructions; subject-specific texts; word problems,at specific times through the week or in identified tasks or settings,"Regular, planned and personalised; at specific times/settings",access and participation; prompt or assistance level; independent use of the support; task engagement/completion where relevant,"Which part of this support helps you most when working with dense text, written instructions, subject-specific texts or word problems? What should we keep, change or fade?",Teach the student how and when to use the support; prompt use before increasing direct assistance; fade prompts when evidence shows increasing independence.,working_draft
D1-A03-SUB-01A,Learning and Applying Knowledge,Reading,Substantial,Assessment & demonstrating learning,Education Support Staff,Classroom Teacher,,"Act as an agreed one-to-one reader, reading the text verbatim without adding interpretation",access written information and demonstrate comprehension,reading-intensive tasks where reader support is documented,on most days or across relevant reading-intensive tasks,"Frequent, personalised; on most days/relevant settings",access and participation; prompt or assistance level; independent use of the support; task engagement/completion where relevant,"Which part of this support helps you most when working with reading-intensive tasks where reader support is documented? What should we keep, change or fade?",Teach the student how and when to use the support; prompt use before increasing direct assistance; fade prompts when evidence shows increasing independence.,working_draft
D1-A03-SUB-01B,Learning and Applying Knowledge,Reading,Substantial,Literacy / numeracy access,Classroom Teacher,Education Support Staff,,Highlight only essential words in {preferredName}'s copy when this reduces visual load without changing the learning demand,identify essential information without unnecessary visual load,reading-intensive tasks,on most days or across relevant reading-intensive tasks,"Frequent, personalised; on most days/relevant settings",access and participation; prompt or assistance level; independent use of the support; task engagement/completion where relevant,"Which part of this support helps you most when working with reading-intensive tasks? What should we keep, change or fade?",Teach the student how and when to use the support; prompt use before increasing direct assistance; fade prompts when evidence shows increasing independence.,working_draft
D1-A03-SUB-02A,Learning and Applying Knowledge,Reading,Substantial,Assessment & demonstrating learning,Classroom Teacher,,,Provide large-print materials where required for access,access information through an appropriate format,relevant tasks and assessments,for each relevant task or assessment,"Frequent, personalised; on most days/relevant settings",access and participation; prompt or assistance level; independent use of the support; task engagement/completion where relevant,"Which part of this support helps you most when working with relevant tasks and assessments? What should we keep, change or fade?",Teach the student how and when to use the support; prompt use before increasing direct assistance; fade prompts when evidence shows increasing independence.,working_draft
D1-A03-SUB-02B,Learning and Applying Knowledge,Reading,Substantial,Assessment & demonstrating learning,Classroom Teacher,,,Provide an audio version of written material where decoding is not the intended learning outcome,access information through an appropriate format,relevant tasks and assessments,for each relevant task or assessment,"Frequent, personalised; on most days/relevant settings",access and participation; prompt or assistance level; independent use of the support; task engagement/completion where relevant,"Which part of this support helps you most when working with relevant tasks and assessments? What should we keep, change or fade?",Teach the student how and when to use the support; prompt use before increasing direct assistance; fade prompts when evidence shows increasing independence.,working_draft
D1-A03-SUB-02C,Learning and Applying Knowledge,Reading,Substantial,Assessment & demonstrating learning,Classroom Teacher,,,Provide a scaffolded template where this supports access without lowering the intended learning goal,organise and demonstrate understanding,relevant tasks and assessments,for each relevant task or assessment,"Frequent, personalised; on most days/relevant settings",access and participation; prompt or assistance level; independent use of the support; task engagement/completion where relevant,"Which part of this support helps you most when working with relevant tasks and assessments? What should we keep, change or fade?",Teach the student how and when to use the support; prompt use before increasing direct assistance; fade prompts when evidence shows increasing independence.,working_draft
D1-A03-SUB-02D,Learning and Applying Knowledge,Reading,Substantial,Assessment & demonstrating learning,Classroom Teacher,,,Keep captions enabled for multimedia used in learning and assessment,access spoken information in multimedia,multimedia,whenever relevant multimedia is used,"Frequent, personalised; on most days/relevant settings",access and participation; prompt or assistance level; independent use of the support; task engagement/completion where relevant,"Which part of this support helps you most when working with multimedia? What should we keep, change or fade?",Teach the student how and when to use the support; prompt use before increasing direct assistance; fade prompts when evidence shows increasing independence.,working_draft
D1-A03-SUB-03A,Learning and Applying Knowledge,Reading,Substantial,Assessment & demonstrating learning,Classroom Teacher,,,Apply 25% additional time when this provision is documented for {preferredName},use additional processing and response time without changing the intended learning,reading-intensive assessments,every relevant assessment,"Frequent, personalised; on most days/relevant settings",access and participation; prompt or assistance level; independent use of the support; task engagement/completion where relevant,"Which part of this support helps you most when working with reading-intensive assessments? What should we keep, change or fade?",Teach the student how and when to use the support; prompt use before increasing direct assistance; fade prompts when evidence shows increasing independence.,working_draft
D1-A03-SUB-04A,Learning and Applying Knowledge,Reading,Substantial,Literacy / numeracy access,Classroom Teacher,Education Support Staff,,Read most materials aloud,access written information and demonstrate comprehension,dense text; written instructions; subject-specific texts; word problems,on most days or across most relevant tasks or settings,"Frequent, personalised; on most days/relevant settings",access and participation; prompt or assistance level; independent use of the support; task engagement/completion where relevant,"Which part of this support helps you most when working with dense text, written instructions, subject-specific texts or word problems? What should we keep, change or fade?",Teach the student how and when to use the support; prompt use before increasing direct assistance; fade prompts when evidence shows increasing independence.,working_draft
D1-A03-SUB-04B,Learning and Applying Knowledge,Reading,Substantial,Technology & resources,Classroom Teacher,Education Support Staff,,Provide text-to-speech,access written information and demonstrate comprehension,dense text; written instructions; subject-specific texts; word problems,on most days or across most relevant tasks or settings,"Frequent, personalised; on most days/relevant settings",access and participation; prompt or assistance level; independent use of the support; task engagement/completion where relevant,"Which part of this support helps you most when working with dense text, written instructions, subject-specific texts or word problems? What should we keep, change or fade?",Teach the student how and when to use the support; prompt use before increasing direct assistance; fade prompts when evidence shows increasing independence.,working_draft
D1-A03-SUB-04C,Learning and Applying Knowledge,Reading,Substantial,Literacy / numeracy access,Classroom Teacher,Education Support Staff,,Adapt texts,access written information and demonstrate comprehension,dense text; written instructions; subject-specific texts; word problems,on most days or across most relevant tasks or settings,"Frequent, personalised; on most days/relevant settings",access and participation; prompt or assistance level; independent use of the support; task engagement/completion where relevant,"Which part of this support helps you most when working with dense text, written instructions, subject-specific texts or word problems? What should we keep, change or fade?",Teach the student how and when to use the support; prompt use before increasing direct assistance; fade prompts when evidence shows increasing independence.,working_draft
D1-A03-SUB-04D,Learning and Applying Knowledge,Reading,Substantial,Literacy / numeracy access,Classroom Teacher,Education Support Staff,,Pre-teach key vocabulary,access written information and demonstrate comprehension,dense text; written instructions; subject-specific texts; word problems,on most days or across most relevant tasks or settings,"Frequent, personalised; on most days/relevant settings",access and participation; prompt or assistance level; independent use of the support; task engagement/completion where relevant,"Which part of this support helps you most when working with dense text, written instructions, subject-specific texts or word problems? What should we keep, change or fade?",Teach the student how and when to use the support; prompt use before increasing direct assistance; fade prompts when evidence shows increasing independence.,working_draft
D1-A03-SUB-05A,Learning and Applying Knowledge,Reading,Substantial,Literacy / numeracy access,Classroom Teacher,Education Support Staff,,Provide alternative formats,access written information and demonstrate comprehension,dense text; written instructions; subject-specific texts; word problems,on most days or across most relevant tasks or settings,"Frequent, personalised; on most days/relevant settings",access and participation; prompt or assistance level; independent use of the support; task engagement/completion where relevant,"Which part of this support helps you most when working with dense text, written instructions, subject-specific texts or word problems? What should we keep, change or fade?",Teach the student how and when to use the support; prompt use before increasing direct assistance; fade prompts when evidence shows increasing independence.,working_draft
D1-A03-SUB-05B,Learning and Applying Knowledge,Reading,Substantial,Literacy / numeracy access,Classroom Teacher,Education Support Staff,,Support comprehension,access written information and demonstrate comprehension,dense text; written instructions; subject-specific texts; word problems,on most days or across most relevant tasks or settings,"Frequent, personalised; on most days/relevant settings",access and participation; prompt or assistance level; independent use of the support; task engagement/completion where relevant,"Which part of this support helps you most when working with dense text, written instructions, subject-specific texts or word problems? What should we keep, change or fade?",Teach the student how and when to use the support; prompt use before increasing direct assistance; fade prompts when evidence shows increasing independence.,working_draft
D1-A03-SUB-05C,Learning and Applying Knowledge,Reading,Substantial,Assessment & demonstrating learning,Classroom Teacher,Education Support Staff,,Modify assessment conditions,access written information and demonstrate comprehension,dense text; written instructions; subject-specific texts; word problems,on most days or across most relevant tasks or settings,"Frequent, personalised; on most days/relevant settings",access and participation; prompt or assistance level; independent use of the support; task engagement/completion where relevant,"Which part of this support helps you most when working with dense text, written instructions, subject-specific texts or word problems? What should we keep, change or fade?",Teach the student how and when to use the support; prompt use before increasing direct assistance; fade prompts when evidence shows increasing independence.,working_draft
D1-A03-EXT-01A,Learning and Applying Knowledge,Reading,Extensive,Literacy / numeracy access,Classroom Teacher,Education Support Staff,,Provide all or almost all written materials through adult reading,access written information and demonstrate comprehension,dense text; written instructions; subject-specific texts; word problems,consistently throughout the activity or across relevant settings in the school day,"Sustained, highly individualised; consistently across activity/settings",access and participation; prompt or assistance level; independent use of the support; task engagement/completion where relevant,"Which part of this support helps you most when working with dense text, written instructions, subject-specific texts or word problems? What should we keep, change or fade?",Teach the student how and when to use the support; prompt use before increasing direct assistance; fade prompts when evidence shows increasing independence.,working_draft
D1-A03-EXT-01B,Learning and Applying Knowledge,Reading,Extensive,Literacy / numeracy access,Classroom Teacher,Education Support Staff,,Use tactile formats,access written information and demonstrate comprehension,dense text; written instructions; subject-specific texts; word problems,consistently throughout the activity or across relevant settings in the school day,"Sustained, highly individualised; consistently across activity/settings",access and participation; prompt or assistance level; independent use of the support; task engagement/completion where relevant,"Which part of this support helps you most when working with dense text, written instructions, subject-specific texts or word problems? What should we keep, change or fade?",Teach the student how and when to use the support; prompt use before increasing direct assistance; fade prompts when evidence shows increasing independence.,working_draft
D1-A03-EXT-01C,Learning and Applying Knowledge,Reading,Extensive,Literacy / numeracy access,Classroom Teacher,Education Support Staff,,Use other specialised access methods,access written information and demonstrate comprehension,dense text; written instructions; subject-specific texts; word problems,consistently throughout the activity or across relevant settings in the school day,"Sustained, highly individualised; consistently across activity/settings",access and participation; prompt or assistance level; independent use of the support; task engagement/completion where relevant,"Which part of this support helps you most when working with dense text, written instructions, subject-specific texts or word problems? What should we keep, change or fade?",Teach the student how and when to use the support; prompt use before increasing direct assistance; fade prompts when evidence shows increasing independence.,working_draft
D1-A04-PE-01,Learning and Applying Knowledge,Writing,Present Environment,Assessment & demonstrating learning,Classroom Teacher,,,Maintain ordinary accessible supports and resources in the setting,"access planning, drafting, recording written responses or assessment tasks",planning; drafting; recording written responses; assessment tasks,as part of everyday practice,Ordinary supports/resources available in the setting,access and participation; prompt or assistance level; independent use of the support; task engagement/completion where relevant,"Which part of this support helps you most when working with planning, drafting, recording written responses or assessment tasks? What should we keep, change or fade?",Teach the student how and when to use the support; prompt use before increasing direct assistance; fade prompts when evidence shows increasing independence.,working_draft
D1-A04-DT-01A,Learning and Applying Knowledge,Writing,Differentiated Teaching,Assessment & demonstrating learning,Classroom Teacher,Education Support Staff,,Use brief prompting,communicate ideas and demonstrate learning in written or recorded form,planning; drafting; recording written responses; assessment tasks,as needed during relevant tasks or routines,"Brief, occasional; within usual classroom practice",access and participation; prompt or assistance level; independent use of the support; task engagement/completion where relevant,"Which part of this support helps you most when working with planning, drafting, recording written responses or assessment tasks? What should we keep, change or fade?",Teach the student how and when to use the support; prompt use before increasing direct assistance; fade prompts when evidence shows increasing independence.,working_draft
D1-A04-DT-01B,Learning and Applying Knowledge,Writing,Differentiated Teaching,Assessment & demonstrating learning,Classroom Teacher,Education Support Staff,,Provide sentence starters where they reduce an access barrier without lowering the learning goal,communicate ideas and demonstrate learning in written or recorded form,planning; drafting; recording written responses; assessment tasks,as needed during relevant tasks or routines,"Brief, occasional; within usual classroom practice",access and participation; prompt or assistance level; independent use of the support; task engagement/completion where relevant,"Which part of this support helps you most when working with planning, drafting, recording written responses or assessment tasks? What should we keep, change or fade?",Teach the student how and when to use the support; prompt use before increasing direct assistance; fade prompts when evidence shows increasing independence.,working_draft
D1-A04-DT-01C,Learning and Applying Knowledge,Writing,Differentiated Teaching,Assessment & demonstrating learning,Classroom Teacher,Education Support Staff,,Provide word banks,communicate ideas and demonstrate learning in written or recorded form,planning; drafting; recording written responses; assessment tasks,as needed during relevant tasks or routines,"Brief, occasional; within usual classroom practice",access and participation; prompt or assistance level; independent use of the support; task engagement/completion where relevant,"Which part of this support helps you most when working with planning, drafting, recording written responses or assessment tasks? What should we keep, change or fade?",Teach the student how and when to use the support; prompt use before increasing direct assistance; fade prompts when evidence shows increasing independence.,working_draft
D1-A04-DT-01D,Learning and Applying Knowledge,Writing,Differentiated Teaching,Assessment & demonstrating learning,Classroom Teacher,Education Support Staff,,Allow additional time matched to the identified access need,communicate ideas and demonstrate learning in written or recorded form,planning; drafting; recording written responses; assessment tasks,as needed during relevant tasks or routines,"Brief, occasional; within usual classroom practice",access and participation; prompt or assistance level; independent use of the support; task engagement/completion where relevant,"Which part of this support helps you most when working with planning, drafting, recording written responses or assessment tasks? What should we keep, change or fade?",Teach the student how and when to use the support; prompt use before increasing direct assistance; fade prompts when evidence shows increasing independence.,working_draft
D1-A04-DT-02A,Learning and Applying Knowledge,Writing,Differentiated Teaching,Assessment & demonstrating learning,Classroom Teacher,Education Support Staff,,Provide keyboard access where this improves access to written work,communicate ideas and demonstrate learning in written or recorded form,planning; drafting; recording written responses; assessment tasks,as needed during relevant tasks or routines,"Brief, occasional; within usual classroom practice",access and participation; prompt or assistance level; independent use of the support; task engagement/completion where relevant,"Which part of this support helps you most when working with planning, drafting, recording written responses or assessment tasks? What should we keep, change or fade?",Teach the student how and when to use the support; prompt use before increasing direct assistance; fade prompts when evidence shows increasing independence.,working_draft
D1-A04-DT-02B,Learning and Applying Knowledge,Writing,Differentiated Teaching,Assessment & demonstrating learning,Classroom Teacher,Education Support Staff,,Provide brief teacher check-ins at agreed points,communicate ideas and demonstrate learning in written or recorded form,planning; drafting; recording written responses; assessment tasks,as needed during relevant tasks or routines,"Brief, occasional; within usual classroom practice",access and participation; prompt or assistance level; independent use of the support; task engagement/completion where relevant,"Which part of this support helps you most when working with planning, drafting, recording written responses or assessment tasks? What should we keep, change or fade?",Teach the student how and when to use the support; prompt use before increasing direct assistance; fade prompts when evidence shows increasing independence.,working_draft
D1-A04-SUP-01A,Learning and Applying Knowledge,Writing,Supplementary,Assessment & demonstrating learning,Classroom Teacher,Education Support Staff,,Use targeted teaching strategies,communicate ideas and demonstrate learning in written or recorded form,planning; drafting; recording written responses; assessment tasks,at specific times through the week or in identified tasks or settings,"Regular, planned and personalised; at specific times/settings",access and participation; prompt or assistance level; independent use of the support; task engagement/completion where relevant,"Which part of this support helps you most when working with planning, drafting, recording written responses or assessment tasks? What should we keep, change or fade?",Teach the student how and when to use the support; prompt use before increasing direct assistance; fade prompts when evidence shows increasing independence.,working_draft
D1-A04-SUP-01B,Learning and Applying Knowledge,Writing,Supplementary,Assessment & demonstrating learning,Classroom Teacher,Education Support Staff,,Provide the agreed assistive technology and teach its use,communicate ideas and demonstrate learning in written or recorded form,planning; drafting; recording written responses; assessment tasks,at specific times through the week or in identified tasks or settings,"Regular, planned and personalised; at specific times/settings",access and participation; prompt or assistance level; independent use of the support; task engagement/completion where relevant,"Which part of this support helps you most when working with planning, drafting, recording written responses or assessment tasks? What should we keep, change or fade?",Teach the student how and when to use the support; prompt use before increasing direct assistance; fade prompts when evidence shows increasing independence.,working_draft
D1-A04-SUP-01C,Learning and Applying Knowledge,Writing,Supplementary,Assessment & demonstrating learning,Classroom Teacher,Education Support Staff,,Provide scaffolded templates,communicate ideas and demonstrate learning in written or recorded form,planning; drafting; recording written responses; assessment tasks,at specific times through the week or in identified tasks or settings,"Regular, planned and personalised; at specific times/settings",access and participation; prompt or assistance level; independent use of the support; task engagement/completion where relevant,"Which part of this support helps you most when working with planning, drafting, recording written responses or assessment tasks? What should we keep, change or fade?",Teach the student how and when to use the support; prompt use before increasing direct assistance; fade prompts when evidence shows increasing independence.,working_draft
D1-A04-SUP-01D,Learning and Applying Knowledge,Writing,Supplementary,Assessment & demonstrating learning,Classroom Teacher,Education Support Staff,,Provide explicit instruction in the identified writing skill,communicate ideas and demonstrate learning in written or recorded form,planning; drafting; recording written responses; assessment tasks,at specific times through the week or in identified tasks or settings,"Regular, planned and personalised; at specific times/settings",access and participation; prompt or assistance level; independent use of the support; task engagement/completion where relevant,"Which part of this support helps you most when working with planning, drafting, recording written responses or assessment tasks? What should we keep, change or fade?",Teach the student how and when to use the support; prompt use before increasing direct assistance; fade prompts when evidence shows increasing independence.,working_draft
D1-A04-SUP-02A,Learning and Applying Knowledge,Writing,Supplementary,Assessment & demonstrating learning,Classroom Teacher,Education Support Staff,,Reduce copying demands,communicate ideas and demonstrate learning in written or recorded form,planning; drafting; recording written responses; assessment tasks,at specific times through the week or in identified tasks or settings,"Regular, planned and personalised; at specific times/settings",access and participation; prompt or assistance level; independent use of the support; task engagement/completion where relevant,"Which part of this support helps you most when working with planning, drafting, recording written responses or assessment tasks? What should we keep, change or fade?",Teach the student how and when to use the support; prompt use before increasing direct assistance; fade prompts when evidence shows increasing independence.,working_draft
D1-A04-SUP-02B,Learning and Applying Knowledge,Writing,Supplementary,Assessment & demonstrating learning,Classroom Teacher,Education Support Staff,,Use specialist advice to support writing development,communicate ideas and demonstrate learning in written or recorded form,planning; drafting; recording written responses; assessment tasks,at specific times through the week or in identified tasks or settings,"Regular, planned and personalised; at specific times/settings",access and participation; prompt or assistance level; independent use of the support; task engagement/completion where relevant,"Which part of this support helps you most when working with planning, drafting, recording written responses or assessment tasks? What should we keep, change or fade?",Teach the student how and when to use the support; prompt use before increasing direct assistance; fade prompts when evidence shows increasing independence.,working_draft
D1-A04-SUB-01A,Learning and Applying Knowledge,Writing,Substantial,Assessment & demonstrating learning,Classroom Teacher,Education Support Staff,,Provide scribing where documented and where writing production is not the intended learning outcome,communicate ideas and demonstrate learning in written or recorded form,planning; drafting; recording written responses; assessment tasks,on most days or across most relevant tasks or settings,"Frequent, personalised; on most days/relevant settings",access and participation; prompt or assistance level; independent use of the support; task engagement/completion where relevant,"Which part of this support helps you most when working with planning, drafting, recording written responses or assessment tasks? What should we keep, change or fade?",Teach the student how and when to use the support; prompt use before increasing direct assistance; fade prompts when evidence shows increasing independence.,working_draft
D1-A04-SUB-01B,Learning and Applying Knowledge,Writing,Substantial,Assessment & demonstrating learning,Classroom Teacher,Education Support Staff,,Allow an agreed alternative recording format,communicate ideas and demonstrate learning in written or recorded form,planning; drafting; recording written responses; assessment tasks,on most days or across most relevant tasks or settings,"Frequent, personalised; on most days/relevant settings",access and participation; prompt or assistance level; independent use of the support; task engagement/completion where relevant,"Which part of this support helps you most when working with planning, drafting, recording written responses or assessment tasks? What should we keep, change or fade?",Teach the student how and when to use the support; prompt use before increasing direct assistance; fade prompts when evidence shows increasing independence.,working_draft
D1-A04-SUB-01C,Learning and Applying Knowledge,Writing,Substantial,Assessment & demonstrating learning,Classroom Teacher,Education Support Staff,,Provide sentence starters where they reduce an access barrier without lowering the learning goal,communicate ideas and demonstrate learning in written or recorded form,planning; drafting; recording written responses; assessment tasks,on most days or across most relevant tasks or settings,"Frequent, personalised; on most days/relevant settings",access and participation; prompt or assistance level; independent use of the support; task engagement/completion where relevant,"Which part of this support helps you most when working with planning, drafting, recording written responses or assessment tasks? What should we keep, change or fade?",Teach the student how and when to use the support; prompt use before increasing direct assistance; fade prompts when evidence shows increasing independence.,working_draft
D1-A04-SUB-01D,Learning and Applying Knowledge,Writing,Substantial,Assessment & demonstrating learning,Classroom Teacher,Education Support Staff,,Provide a highly scaffolded writing structure matched to the task,communicate ideas and demonstrate learning in written or recorded form,planning; drafting; recording written responses; assessment tasks,on most days or across most relevant tasks or settings,"Frequent, personalised; on most days/relevant settings",access and participation; prompt or assistance level; independent use of the support; task engagement/completion where relevant,"Which part of this support helps you most when working with planning, drafting, recording written responses or assessment tasks? What should we keep, change or fade?",Teach the student how and when to use the support; prompt use before increasing direct assistance; fade prompts when evidence shows increasing independence.,working_draft
D1-A04-SUB-02A,Learning and Applying Knowledge,Writing,Substantial,Assessment & demonstrating learning,Classroom Teacher,Education Support Staff,,Reduce written output where volume is not the intended learning outcome,communicate ideas and demonstrate learning in written or recorded form,planning; drafting; recording written responses; assessment tasks,on most days or across most relevant tasks or settings,"Frequent, personalised; on most days/relevant settings",access and participation; prompt or assistance level; independent use of the support; task engagement/completion where relevant,"Which part of this support helps you most when working with planning, drafting, recording written responses or assessment tasks? What should we keep, change or fade?",Teach the student how and when to use the support; prompt use before increasing direct assistance; fade prompts when evidence shows increasing independence.,working_draft
D1-A04-SUB-02B,Learning and Applying Knowledge,Writing,Substantial,Assessment & demonstrating learning,Classroom Teacher,Education Support Staff,,Provide the agreed assistive technology and teach its use,communicate ideas and demonstrate learning in written or recorded form,planning; drafting; recording written responses; assessment tasks,on most days or across most relevant tasks or settings,"Frequent, personalised; on most days/relevant settings",access and participation; prompt or assistance level; independent use of the support; task engagement/completion where relevant,"Which part of this support helps you most when working with planning, drafting, recording written responses or assessment tasks? What should we keep, change or fade?",Teach the student how and when to use the support; prompt use before increasing direct assistance; fade prompts when evidence shows increasing independence.,working_draft
D1-A04-SUB-02C,Learning and Applying Knowledge,Writing,Substantial,Assessment & demonstrating learning,Classroom Teacher,Education Support Staff,,Provide explicit step-by-step support to plan written work,communicate ideas and demonstrate learning in written or recorded form,planning; drafting; recording written responses; assessment tasks,on most days or across most relevant tasks or settings,"Frequent, personalised; on most days/relevant settings",access and participation; prompt or assistance level; independent use of the support; task engagement/completion where relevant,"Which part of this support helps you most when working with planning, drafting, recording written responses or assessment tasks? What should we keep, change or fade?",Teach the student how and when to use the support; prompt use before increasing direct assistance; fade prompts when evidence shows increasing independence.,working_draft
D1-A04-SUB-02D,Learning and Applying Knowledge,Writing,Substantial,Assessment & demonstrating learning,Classroom Teacher,Education Support Staff,,Explicitly support {preferredName} to edit and submit written work using the agreed sequence,communicate ideas and demonstrate learning in written or recorded form,planning; drafting; recording written responses; assessment tasks,on most days or across most relevant tasks or settings,"Frequent, personalised; on most days/relevant settings",access and participation; prompt or assistance level; independent use of the support; task engagement/completion where relevant,"Which part of this support helps you most when working with planning, drafting, recording written responses or assessment tasks? What should we keep, change or fade?",Teach the student how and when to use the support; prompt use before increasing direct assistance; fade prompts when evidence shows increasing independence.,working_draft
D1-A04-EXT-01A,Learning and Applying Knowledge,Writing,Extensive,Assessment & demonstrating learning,Classroom Teacher,Education Support Staff,,Support {preferredName} to use the agreed AAC system,communicate ideas and demonstrate learning in written or recorded form,planning; drafting; recording written responses; assessment tasks,consistently throughout the activity or across relevant settings in the school day,"Sustained, highly individualised; consistently across activity/settings",access and participation; prompt or assistance level; independent use of the support; task engagement/completion where relevant,"Which part of this support helps you most when working with planning, drafting, recording written responses or assessment tasks? What should we keep, change or fade?",Teach the student how and when to use the support; prompt use before increasing direct assistance; fade prompts when evidence shows increasing independence.,working_draft
D1-A04-EXT-01B,Learning and Applying Knowledge,Writing,Extensive,Assessment & demonstrating learning,Classroom Teacher,Education Support Staff,,Support {preferredName} to use the agreed assistive technology,communicate ideas and demonstrate learning in written or recorded form,planning; drafting; recording written responses; assessment tasks,consistently throughout the activity or across relevant settings in the school day,"Sustained, highly individualised; consistently across activity/settings",access and participation; prompt or assistance level; independent use of the support; task engagement/completion where relevant,"Which part of this support helps you most when working with planning, drafting, recording written responses or assessment tasks? What should we keep, change or fade?",Teach the student how and when to use the support; prompt use before increasing direct assistance; fade prompts when evidence shows increasing independence.,working_draft
D1-A04-EXT-01C,Learning and Applying Knowledge,Writing,Extensive,Assessment & demonstrating learning,Classroom Teacher,Education Support Staff,,Provide alternative response formats,communicate ideas and demonstrate learning in written or recorded form,planning; drafting; recording written responses; assessment tasks,consistently throughout the activity or across relevant settings in the school day,"Sustained, highly individualised; consistently across activity/settings",access and participation; prompt or assistance level; independent use of the support; task engagement/completion where relevant,"Which part of this support helps you most when working with planning, drafting, recording written responses or assessment tasks? What should we keep, change or fade?",Teach the student how and when to use the support; prompt use before increasing direct assistance; fade prompts when evidence shows increasing independence.,working_draft
D1-A04-EXT-01D,Learning and Applying Knowledge,Writing,Extensive,Assessment & demonstrating learning,Classroom Teacher,Education Support Staff,,Allow {preferredName} to demonstrate learning through speech where this preserves the intended learning,communicate ideas and demonstrate learning in written or recorded form,planning; drafting; recording written responses; assessment tasks,consistently throughout the activity or across relevant settings in the school day,"Sustained, highly individualised; consistently across activity/settings",access and participation; prompt or assistance level; independent use of the support; task engagement/completion where relevant,"Which part of this support helps you most when working with planning, drafting, recording written responses or assessment tasks? What should we keep, change or fade?",Teach the student how and when to use the support; prompt use before increasing direct assistance; fade prompts when evidence shows increasing independence.,working_draft
D1-A04-EXT-02A,Learning and Applying Knowledge,Writing,Extensive,Assessment & demonstrating learning,Classroom Teacher,Education Support Staff,,Allow recorded responses where this preserves the intended learning,communicate ideas and demonstrate learning in written or recorded form,planning; drafting; recording written responses; assessment tasks,consistently throughout the activity or across relevant settings in the school day,"Sustained, highly individualised; consistently across activity/settings",access and participation; prompt or assistance level; independent use of the support; task engagement/completion where relevant,"Which part of this support helps you most when working with planning, drafting, recording written responses or assessment tasks? What should we keep, change or fade?",Teach the student how and when to use the support; prompt use before increasing direct assistance; fade prompts when evidence shows increasing independence.,working_draft
D1-A04-EXT-02B,Learning and Applying Knowledge,Writing,Extensive,Assessment & demonstrating learning,Classroom Teacher,Education Support Staff,,Allow another agreed non-written response mode where this preserves the intended learning,communicate ideas and demonstrate learning in written or recorded form,planning; drafting; recording written responses; assessment tasks,consistently throughout the activity or across relevant settings in the school day,"Sustained, highly individualised; consistently across activity/settings",access and participation; prompt or assistance level; independent use of the support; task engagement/completion where relevant,"Which part of this support helps you most when working with planning, drafting, recording written responses or assessment tasks? What should we keep, change or fade?",Teach the student how and when to use the support; prompt use before increasing direct assistance; fade prompts when evidence shows increasing independence.,working_draft
D1-A05-PE-01,Learning and Applying Knowledge,Mathematics: Calculating,Present Environment,Literacy / numeracy access,Classroom Teacher,,,Maintain ordinary accessible supports and resources in the setting,"access calculation tasks, multi-step Maths problems or mathematical representations",calculation tasks; multi-step Maths problems; mathematical representations,as part of everyday practice,Ordinary supports/resources available in the setting,access and participation; prompt or assistance level; independent use of the support; task engagement/completion where relevant,"Which part of this support helps you most when working with calculation tasks, multi-step Maths problems or mathematical representations? What should we keep, change or fade?",Teach the student how and when to use the support; prompt use before increasing direct assistance; fade prompts when evidence shows increasing independence.,working_draft
D1-A05-DT-01A,Learning and Applying Knowledge,Mathematics: Calculating,Differentiated Teaching,Literacy / numeracy access,Classroom Teacher,Education Support Staff,,Provide brief teacher prompts,access mathematical processes and demonstrate mathematical understanding,calculation tasks; multi-step Maths problems; mathematical representations,as needed during relevant tasks or routines,"Brief, occasional; within usual classroom practice",access and participation; prompt or assistance level; independent use of the support; task engagement/completion where relevant,"Which part of this support helps you most when working with calculation tasks, multi-step Maths problems or mathematical representations? What should we keep, change or fade?",Teach the student how and when to use the support; prompt use before increasing direct assistance; fade prompts when evidence shows increasing independence.,working_draft
D1-A05-DT-01B,Learning and Applying Knowledge,Mathematics: Calculating,Differentiated Teaching,Literacy / numeracy access,Classroom Teacher,Education Support Staff,,Provide worked examples,access mathematical processes and demonstrate mathematical understanding,calculation tasks; multi-step Maths problems; mathematical representations,as needed during relevant tasks or routines,"Brief, occasional; within usual classroom practice",access and participation; prompt or assistance level; independent use of the support; task engagement/completion where relevant,"Which part of this support helps you most when working with calculation tasks, multi-step Maths problems or mathematical representations? What should we keep, change or fade?",Teach the student how and when to use the support; prompt use before increasing direct assistance; fade prompts when evidence shows increasing independence.,working_draft
D1-A05-DT-01C,Learning and Applying Knowledge,Mathematics: Calculating,Differentiated Teaching,Literacy / numeracy access,Classroom Teacher,Education Support Staff,,Provide visual models,access mathematical processes and demonstrate mathematical understanding,calculation tasks; multi-step Maths problems; mathematical representations,as needed during relevant tasks or routines,"Brief, occasional; within usual classroom practice",access and participation; prompt or assistance level; independent use of the support; task engagement/completion where relevant,"Which part of this support helps you most when working with calculation tasks, multi-step Maths problems or mathematical representations? What should we keep, change or fade?",Teach the student how and when to use the support; prompt use before increasing direct assistance; fade prompts when evidence shows increasing independence.,working_draft
D1-A05-DT-01D,Learning and Applying Knowledge,Mathematics: Calculating,Differentiated Teaching,Literacy / numeracy access,Classroom Teacher,Education Support Staff,,Allow calculator use where this does not change the intended learning,access mathematical processes and demonstrate mathematical understanding,calculation tasks; multi-step Maths problems; mathematical representations,as needed during relevant tasks or routines,"Brief, occasional; within usual classroom practice",access and participation; prompt or assistance level; independent use of the support; task engagement/completion where relevant,"Which part of this support helps you most when working with calculation tasks, multi-step Maths problems or mathematical representations? What should we keep, change or fade?",Teach the student how and when to use the support; prompt use before increasing direct assistance; fade prompts when evidence shows increasing independence.,working_draft
D1-A05-DT-02,Learning and Applying Knowledge,Mathematics: Calculating,Differentiated Teaching,Literacy / numeracy access,Classroom Teacher,Education Support Staff,,Provide brief re-teaching during class,access mathematical processes and demonstrate mathematical understanding,calculation tasks; multi-step Maths problems; mathematical representations,as needed during relevant tasks or routines,"Brief, occasional; within usual classroom practice",access and participation; prompt or assistance level; independent use of the support; task engagement/completion where relevant,"Which part of this support helps you most when working with calculation tasks, multi-step Maths problems or mathematical representations? What should we keep, change or fade?",Teach the student how and when to use the support; prompt use before increasing direct assistance; fade prompts when evidence shows increasing independence.,working_draft
D1-A05-SUP-01A,Learning and Applying Knowledge,Mathematics: Calculating,Supplementary,Literacy / numeracy access,Classroom Teacher,Education Support Staff,,Provide targeted small-group instruction linked to the identified need,access mathematical processes and demonstrate mathematical understanding,calculation tasks; multi-step Maths problems; mathematical representations,at specific times through the week or in identified tasks or settings,"Regular, planned and personalised; at specific times/settings",access and participation; prompt or assistance level; independent use of the support; task engagement/completion where relevant,"Which part of this support helps you most when working with calculation tasks, multi-step Maths problems or mathematical representations? What should we keep, change or fade?",Teach the student how and when to use the support; prompt use before increasing direct assistance; fade prompts when evidence shows increasing independence.,working_draft
D1-A05-SUP-01B,Learning and Applying Knowledge,Mathematics: Calculating,Supplementary,Literacy / numeracy access,Classroom Teacher,Education Support Staff,,Provide individual instruction linked to the identified need,access mathematical processes and demonstrate mathematical understanding,calculation tasks; multi-step Maths problems; mathematical representations,at specific times through the week or in identified tasks or settings,"Regular, planned and personalised; at specific times/settings",access and participation; prompt or assistance level; independent use of the support; task engagement/completion where relevant,"Which part of this support helps you most when working with calculation tasks, multi-step Maths problems or mathematical representations? What should we keep, change or fade?",Teach the student how and when to use the support; prompt use before increasing direct assistance; fade prompts when evidence shows increasing independence.,working_draft
D1-A05-SUP-01C,Learning and Applying Knowledge,Mathematics: Calculating,Supplementary,Literacy / numeracy access,Classroom Teacher,Education Support Staff,,Provide concrete materials or manipulatives,access mathematical processes and demonstrate mathematical understanding,calculation tasks; multi-step Maths problems; mathematical representations,at specific times through the week or in identified tasks or settings,"Regular, planned and personalised; at specific times/settings",access and participation; prompt or assistance level; independent use of the support; task engagement/completion where relevant,"Which part of this support helps you most when working with calculation tasks, multi-step Maths problems or mathematical representations? What should we keep, change or fade?",Teach the student how and when to use the support; prompt use before increasing direct assistance; fade prompts when evidence shows increasing independence.,working_draft
D1-A05-SUP-01D,Learning and Applying Knowledge,Mathematics: Calculating,Supplementary,Literacy / numeracy access,Classroom Teacher,Education Support Staff,,Provide visual models,access mathematical processes and demonstrate mathematical understanding,calculation tasks; multi-step Maths problems; mathematical representations,at specific times through the week or in identified tasks or settings,"Regular, planned and personalised; at specific times/settings",access and participation; prompt or assistance level; independent use of the support; task engagement/completion where relevant,"Which part of this support helps you most when working with calculation tasks, multi-step Maths problems or mathematical representations? What should we keep, change or fade?",Teach the student how and when to use the support; prompt use before increasing direct assistance; fade prompts when evidence shows increasing independence.,working_draft
D1-A05-SUP-02A,Learning and Applying Knowledge,Mathematics: Calculating,Supplementary,Literacy / numeracy access,Classroom Teacher,Education Support Staff,,Provide number lines or equivalent visual number supports,access mathematical processes and demonstrate mathematical understanding,calculation tasks; multi-step Maths problems; mathematical representations,at specific times through the week or in identified tasks or settings,"Regular, planned and personalised; at specific times/settings",access and participation; prompt or assistance level; independent use of the support; task engagement/completion where relevant,"Which part of this support helps you most when working with calculation tasks, multi-step Maths problems or mathematical representations? What should we keep, change or fade?",Teach the student how and when to use the support; prompt use before increasing direct assistance; fade prompts when evidence shows increasing independence.,working_draft
D1-A05-SUP-02B,Learning and Applying Knowledge,Mathematics: Calculating,Supplementary,Literacy / numeracy access,Classroom Teacher,Education Support Staff,,Provide worked examples,access mathematical processes and demonstrate mathematical understanding,calculation tasks; multi-step Maths problems; mathematical representations,at specific times through the week or in identified tasks or settings,"Regular, planned and personalised; at specific times/settings",access and participation; prompt or assistance level; independent use of the support; task engagement/completion where relevant,"Which part of this support helps you most when working with calculation tasks, multi-step Maths problems or mathematical representations? What should we keep, change or fade?",Teach the student how and when to use the support; prompt use before increasing direct assistance; fade prompts when evidence shows increasing independence.,working_draft
D1-A05-SUP-02C,Learning and Applying Knowledge,Mathematics: Calculating,Supplementary,Literacy / numeracy access,Classroom Teacher,Education Support Staff,,Reduce cognitive load,access mathematical processes and demonstrate mathematical understanding,calculation tasks; multi-step Maths problems; mathematical representations,at specific times through the week or in identified tasks or settings,"Regular, planned and personalised; at specific times/settings",access and participation; prompt or assistance level; independent use of the support; task engagement/completion where relevant,"Which part of this support helps you most when working with calculation tasks, multi-step Maths problems or mathematical representations? What should we keep, change or fade?",Teach the student how and when to use the support; prompt use before increasing direct assistance; fade prompts when evidence shows increasing independence.,working_draft
D1-A05-SUP-02D,Learning and Applying Knowledge,Mathematics: Calculating,Supplementary,Literacy / numeracy access,Classroom Teacher,Education Support Staff,,Provide repeated guided practice,access mathematical processes and demonstrate mathematical understanding,calculation tasks; multi-step Maths problems; mathematical representations,at specific times through the week or in identified tasks or settings,"Regular, planned and personalised; at specific times/settings",access and participation; prompt or assistance level; independent use of the support; task engagement/completion where relevant,"Which part of this support helps you most when working with calculation tasks, multi-step Maths problems or mathematical representations? What should we keep, change or fade?",Teach the student how and when to use the support; prompt use before increasing direct assistance; fade prompts when evidence shows increasing independence.,working_draft
D1-A05-SUP-03A,Learning and Applying Knowledge,Mathematics: Calculating,Supplementary,Technology & resources,Classroom Teacher,Education Support Staff,,Provide the agreed assistive technology and teach its use,access mathematical processes and demonstrate mathematical understanding,calculation tasks; multi-step Maths problems; mathematical representations,at specific times through the week or in identified tasks or settings,"Regular, planned and personalised; at specific times/settings",access and participation; prompt or assistance level; independent use of the support; task engagement/completion where relevant,"Which part of this support helps you most when working with calculation tasks, multi-step Maths problems or mathematical representations? What should we keep, change or fade?",Teach the student how and when to use the support; prompt use before increasing direct assistance; fade prompts when evidence shows increasing independence.,working_draft
D1-A05-SUP-03B,Learning and Applying Knowledge,Mathematics: Calculating,Supplementary,Literacy / numeracy access,Classroom Teacher,Education Support Staff,,Explicitly teach problem-solving steps,access mathematical processes and demonstrate mathematical understanding,calculation tasks; multi-step Maths problems; mathematical representations,at specific times through the week or in identified tasks or settings,"Regular, planned and personalised; at specific times/settings",access and participation; prompt or assistance level; independent use of the support; task engagement/completion where relevant,"Which part of this support helps you most when working with calculation tasks, multi-step Maths problems or mathematical representations? What should we keep, change or fade?",Teach the student how and when to use the support; prompt use before increasing direct assistance; fade prompts when evidence shows increasing independence.,working_draft
D1-A05-SUB-01A,Learning and Applying Knowledge,Mathematics: Calculating,Substantial,Literacy / numeracy access,Classroom Teacher,Education Support Staff,,Provide explicit instruction,access mathematical processes and demonstrate mathematical understanding,calculation tasks; multi-step Maths problems; mathematical representations,on most days or across most relevant tasks or settings,"Frequent, personalised; on most days/relevant settings",access and participation; prompt or assistance level; independent use of the support; task engagement/completion where relevant,"Which part of this support helps you most when working with calculation tasks, multi-step Maths problems or mathematical representations? What should we keep, change or fade?",Teach the student how and when to use the support; prompt use before increasing direct assistance; fade prompts when evidence shows increasing independence.,working_draft
D1-A05-SUB-01B,Learning and Applying Knowledge,Mathematics: Calculating,Substantial,Literacy / numeracy access,Classroom Teacher,Education Support Staff,,Provide concrete manipulatives,access mathematical processes and demonstrate mathematical understanding,calculation tasks; multi-step Maths problems; mathematical representations,on most days or across most relevant tasks or settings,"Frequent, personalised; on most days/relevant settings",access and participation; prompt or assistance level; independent use of the support; task engagement/completion where relevant,"Which part of this support helps you most when working with calculation tasks, multi-step Maths problems or mathematical representations? What should we keep, change or fade?",Teach the student how and when to use the support; prompt use before increasing direct assistance; fade prompts when evidence shows increasing independence.,working_draft
D1-A05-SUB-01C,Learning and Applying Knowledge,Mathematics: Calculating,Substantial,Literacy / numeracy access,Classroom Teacher,Education Support Staff,,Break down problem-solving steps,access mathematical processes and demonstrate mathematical understanding,calculation tasks; multi-step Maths problems; mathematical representations,on most days or across most relevant tasks or settings,"Frequent, personalised; on most days/relevant settings",access and participation; prompt or assistance level; independent use of the support; task engagement/completion where relevant,"Which part of this support helps you most when working with calculation tasks, multi-step Maths problems or mathematical representations? What should we keep, change or fade?",Teach the student how and when to use the support; prompt use before increasing direct assistance; fade prompts when evidence shows increasing independence.,working_draft
D1-A05-SUB-01D,Learning and Applying Knowledge,Mathematics: Calculating,Substantial,Literacy / numeracy access,Classroom Teacher,Education Support Staff,,Provide visual models,access mathematical processes and demonstrate mathematical understanding,calculation tasks; multi-step Maths problems; mathematical representations,on most days or across most relevant tasks or settings,"Frequent, personalised; on most days/relevant settings",access and participation; prompt or assistance level; independent use of the support; task engagement/completion where relevant,"Which part of this support helps you most when working with calculation tasks, multi-step Maths problems or mathematical representations? What should we keep, change or fade?",Teach the student how and when to use the support; prompt use before increasing direct assistance; fade prompts when evidence shows increasing independence.,working_draft
D1-A05-SUB-02,Learning and Applying Knowledge,Mathematics: Calculating,Substantial,Literacy / numeracy access,Classroom Teacher,Education Support Staff,,Offer guided practice,access mathematical processes and demonstrate mathematical understanding,calculation tasks; multi-step Maths problems; mathematical representations,on most days or across most relevant tasks or settings,"Frequent, personalised; on most days/relevant settings",access and participation; prompt or assistance level; independent use of the support; task engagement/completion where relevant,"Which part of this support helps you most when working with calculation tasks, multi-step Maths problems or mathematical representations? What should we keep, change or fade?",Teach the student how and when to use the support; prompt use before increasing direct assistance; fade prompts when evidence shows increasing independence.,working_draft
D1-A05-EXT-01A,Learning and Applying Knowledge,Mathematics: Calculating,Extensive,Literacy / numeracy access,Classroom Teacher,Education Support Staff,,Provide sustained individualised support,access mathematical processes and demonstrate mathematical understanding,calculation tasks; multi-step Maths problems; mathematical representations,consistently throughout the activity or across relevant settings in the school day,"Sustained, highly individualised; consistently across activity/settings",access and participation; prompt or assistance level; independent use of the support; task engagement/completion where relevant,"Which part of this support helps you most when working with calculation tasks, multi-step Maths problems or mathematical representations? What should we keep, change or fade?",Teach the student how and when to use the support; prompt use before increasing direct assistance; fade prompts when evidence shows increasing independence.,working_draft
D1-A05-EXT-01B,Learning and Applying Knowledge,Mathematics: Calculating,Extensive,Literacy / numeracy access,Classroom Teacher,Education Support Staff,,Provide significantly modified learning materials,access mathematical processes and demonstrate mathematical understanding,calculation tasks; multi-step Maths problems; mathematical representations,consistently throughout the activity or across relevant settings in the school day,"Sustained, highly individualised; consistently across activity/settings",access and participation; prompt or assistance level; independent use of the support; task engagement/completion where relevant,"Which part of this support helps you most when working with calculation tasks, multi-step Maths problems or mathematical representations? What should we keep, change or fade?",Teach the student how and when to use the support; prompt use before increasing direct assistance; fade prompts when evidence shows increasing independence.,working_draft
D1-A05-EXT-01C,Learning and Applying Knowledge,Mathematics: Calculating,Extensive,Technology & resources,Classroom Teacher,Education Support Staff,,Provide specialised assistive technology as documented and ensure relevant staff know how to support its use,access mathematical processes and demonstrate mathematical understanding,calculation tasks; multi-step Maths problems; mathematical representations,consistently throughout the activity or across relevant settings in the school day,"Sustained, highly individualised; consistently across activity/settings",access and participation; prompt or assistance level; independent use of the support; task engagement/completion where relevant,"Which part of this support helps you most when working with calculation tasks, multi-step Maths problems or mathematical representations? What should we keep, change or fade?",Teach the student how and when to use the support; prompt use before increasing direct assistance; fade prompts when evidence shows increasing independence.,working_draft
D1-A05-EXT-01D,Learning and Applying Knowledge,Mathematics: Calculating,Extensive,Literacy / numeracy access,Classroom Teacher,Education Support Staff,,Guide {preferredName} through each part of the calculation process,access mathematical processes and demonstrate mathematical understanding,calculation tasks; multi-step Maths problems; mathematical representations,consistently throughout the activity or across relevant settings in the school day,"Sustained, highly individualised; consistently across activity/settings",access and participation; prompt or assistance level; independent use of the support; task engagement/completion where relevant,"Which part of this support helps you most when working with calculation tasks, multi-step Maths problems or mathematical representations? What should we keep, change or fade?",Teach the student how and when to use the support; prompt use before increasing direct assistance; fade prompts when evidence shows increasing independence.,working_draft
D1-A05-EXT-02A,Learning and Applying Knowledge,Mathematics: Calculating,Extensive,Literacy / numeracy access,Classroom Teacher,Education Support Staff,,Adapt the calculation routine to the agreed steps and supports,access mathematical processes and demonstrate mathematical understanding,calculation tasks; multi-step Maths problems; mathematical representations,consistently throughout the activity or across relevant settings in the school day,"Sustained, highly individualised; consistently across activity/settings",access and participation; prompt or assistance level; independent use of the support; task engagement/completion where relevant,"Which part of this support helps you most when working with calculation tasks, multi-step Maths problems or mathematical representations? What should we keep, change or fade?",Teach the student how and when to use the support; prompt use before increasing direct assistance; fade prompts when evidence shows increasing independence.,working_draft
D1-A05-EXT-02B,Learning and Applying Knowledge,Mathematics: Calculating,Extensive,Assessment & demonstrating learning,Classroom Teacher,Education Support Staff,,Adapt the response format where this preserves the intended learning,access mathematical processes and demonstrate mathematical understanding,calculation tasks; multi-step Maths problems; mathematical representations,consistently throughout the activity or across relevant settings in the school day,"Sustained, highly individualised; consistently across activity/settings",access and participation; prompt or assistance level; independent use of the support; task engagement/completion where relevant,"Which part of this support helps you most when working with calculation tasks, multi-step Maths problems or mathematical representations? What should we keep, change or fade?",Teach the student how and when to use the support; prompt use before increasing direct assistance; fade prompts when evidence shows increasing independence.,working_draft
D1-A06-PE-01,Learning and Applying Knowledge,Focusing and Directing Attention,Present Environment,"Regulation, engagement & independence",Classroom Teacher,,,Maintain ordinary accessible supports and resources in the setting,"access lengthy, unfamiliar, multi-step or independent learning tasks",lengthy; unfamiliar; multi-step; independent learning tasks,as part of everyday practice,Ordinary supports/resources available in the setting,access and participation; prompt or assistance level; independent use of the support; task engagement/completion where relevant,"Which part of this support helps you most when working with lengthy, unfamiliar, multi-step or independent learning tasks? What should we keep, change or fade?",Teach the student how and when to use the support; prompt use before increasing direct assistance; fade prompts when evidence shows increasing independence.,working_draft
D1-A06-DT-01A,Learning and Applying Knowledge,Focusing and Directing Attention,Differentiated Teaching,"Regulation, engagement & independence",Classroom Teacher,Education Support Staff,,Prompt to maintain attention on tasks,"initiate, sustain and return attention to the learning task",lengthy; unfamiliar; multi-step; independent learning tasks,as needed during relevant tasks or routines,"Brief, occasional; within usual classroom practice",access and participation; prompt or assistance level; independent use of the support; task engagement/completion where relevant,"Which part of this support helps you most when working with lengthy, unfamiliar, multi-step or independent learning tasks? What should we keep, change or fade?",Teach the student how and when to use the support; prompt use before increasing direct assistance; fade prompts when evidence shows increasing independence.,working_draft
D1-A06-DT-01B,Learning and Applying Knowledge,Focusing and Directing Attention,Differentiated Teaching,"Regulation, engagement & independence",Classroom Teacher,Education Support Staff,,Support {preferredName} to filter or reduce distractions using the agreed strategy,"initiate, sustain and return attention to the learning task",lengthy; unfamiliar; multi-step; independent learning tasks,as needed during relevant tasks or routines,"Brief, occasional; within usual classroom practice",access and participation; prompt or assistance level; independent use of the support; task engagement/completion where relevant,"Which part of this support helps you most when working with lengthy, unfamiliar, multi-step or independent learning tasks? What should we keep, change or fade?",Teach the student how and when to use the support; prompt use before increasing direct assistance; fade prompts when evidence shows increasing independence.,working_draft
D1-A06-DT-01C,Learning and Applying Knowledge,Focusing and Directing Attention,Differentiated Teaching,"Regulation, engagement & independence",Classroom Teacher,Education Support Staff,,Prompt {preferredName} to return to the agreed learning focus,"initiate, sustain and return attention to the learning task",lengthy; unfamiliar; multi-step; independent learning tasks,as needed during relevant tasks or routines,"Brief, occasional; within usual classroom practice",access and participation; prompt or assistance level; independent use of the support; task engagement/completion where relevant,"Which part of this support helps you most when working with lengthy, unfamiliar, multi-step or independent learning tasks? What should we keep, change or fade?",Teach the student how and when to use the support; prompt use before increasing direct assistance; fade prompts when evidence shows increasing independence.,working_draft
D1-A06-SUP-01A,Learning and Applying Knowledge,Focusing and Directing Attention,Supplementary,"Health, care & safety",Classroom Teacher,Education Support Staff,,"Provide seating matched to {preferredName}'s attention, sensory or access needs","initiate, sustain and return attention to the learning task",lengthy; unfamiliar; multi-step; independent learning tasks,at specific times through the week or in identified tasks or settings,"Regular, planned and personalised; at specific times/settings",implementation as documented; safety/health observations required by the plan; participation and dignity; issues escalated according to the plan,"Which part of this support helps you most when working with lengthy, unfamiliar, multi-step or independent learning tasks? What should we keep, change or fade?",Follow the documented plan and do not fade safety-critical assistance except through formal review.,working_draft
D1-A06-SUP-01B,Learning and Applying Knowledge,Focusing and Directing Attention,Supplementary,"Regulation, engagement & independence",Classroom Teacher,Education Support Staff,,Reduce visual clutter in materials or the immediate work area,"initiate, sustain and return attention to the learning task",lengthy; unfamiliar; multi-step; independent learning tasks,at specific times through the week or in identified tasks or settings,"Regular, planned and personalised; at specific times/settings",access and participation; prompt or assistance level; independent use of the support; task engagement/completion where relevant,"Which part of this support helps you most when working with lengthy, unfamiliar, multi-step or independent learning tasks? What should we keep, change or fade?",Teach the student how and when to use the support; prompt use before increasing direct assistance; fade prompts when evidence shows increasing independence.,working_draft
D1-A06-SUP-01C,Learning and Applying Knowledge,Focusing and Directing Attention,Supplementary,"Regulation, engagement & independence",Classroom Teacher,Education Support Staff,,Offer an agreed fidget or regulation tool where it supports participation,"initiate, sustain and return attention to the learning task",lengthy; unfamiliar; multi-step; independent learning tasks,at specific times through the week or in identified tasks or settings,"Regular, planned and personalised; at specific times/settings",access and participation; prompt or assistance level; independent use of the support; task engagement/completion where relevant,"Which part of this support helps you most when working with lengthy, unfamiliar, multi-step or independent learning tasks? What should we keep, change or fade?",Teach the student how and when to use the support; prompt use before increasing direct assistance; fade prompts when evidence shows increasing independence.,working_draft
D1-A06-SUP-01D,Learning and Applying Knowledge,Focusing and Directing Attention,Supplementary,"Regulation, engagement & independence",Classroom Teacher,Education Support Staff,,State expectations explicitly before the task begins,"initiate, sustain and return attention to the learning task",lengthy; unfamiliar; multi-step; independent learning tasks,at specific times through the week or in identified tasks or settings,"Regular, planned and personalised; at specific times/settings",access and participation; prompt or assistance level; independent use of the support; task engagement/completion where relevant,"Which part of this support helps you most when working with lengthy, unfamiliar, multi-step or independent learning tasks? What should we keep, change or fade?",Teach the student how and when to use the support; prompt use before increasing direct assistance; fade prompts when evidence shows increasing independence.,working_draft
D1-A06-SUP-02A,Learning and Applying Knowledge,Focusing and Directing Attention,Supplementary,"Regulation, engagement & independence",Classroom Teacher,Education Support Staff,,Provide a visual timer with a clear start and finish point,"initiate, sustain and return attention to the learning task",lengthy; unfamiliar; multi-step; independent learning tasks,at specific times through the week or in identified tasks or settings,"Regular, planned and personalised; at specific times/settings",access and participation; prompt or assistance level; independent use of the support; task engagement/completion where relevant,"Which part of this support helps you most when working with lengthy, unfamiliar, multi-step or independent learning tasks? What should we keep, change or fade?",Teach the student how and when to use the support; prompt use before increasing direct assistance; fade prompts when evidence shows increasing independence.,working_draft
D1-A06-SUP-02B,Learning and Applying Knowledge,Focusing and Directing Attention,Supplementary,"Regulation, engagement & independence",Classroom Teacher,Education Support Staff,,"Break the task into short, clearly defined sections","initiate, sustain and return attention to the learning task",lengthy; unfamiliar; multi-step; independent learning tasks,at specific times through the week or in identified tasks or settings,"Regular, planned and personalised; at specific times/settings",access and participation; prompt or assistance level; independent use of the support; task engagement/completion where relevant,"Which part of this support helps you most when working with lengthy, unfamiliar, multi-step or independent learning tasks? What should we keep, change or fade?",Teach the student how and when to use the support; prompt use before increasing direct assistance; fade prompts when evidence shows increasing independence.,working_draft
D1-A06-SUP-02C,Learning and Applying Knowledge,Focusing and Directing Attention,Supplementary,"Regulation, engagement & independence",Classroom Teacher,Education Support Staff,,Use classroom strategies informed by relevant specialist advice,"initiate, sustain and return attention to the learning task",lengthy; unfamiliar; multi-step; independent learning tasks,at specific times through the week or in identified tasks or settings,"Regular, planned and personalised; at specific times/settings",access and participation; prompt or assistance level; independent use of the support; task engagement/completion where relevant,"Which part of this support helps you most when working with lengthy, unfamiliar, multi-step or independent learning tasks? What should we keep, change or fade?",Teach the student how and when to use the support; prompt use before increasing direct assistance; fade prompts when evidence shows increasing independence.,working_draft
D1-A06-SUB-01A,Learning and Applying Knowledge,Focusing and Directing Attention,Substantial,"Regulation, engagement & independence",Classroom Teacher,,,Offer an agreed quiet or low-distraction working space,maintain attention and regulation,lessons where environmental distraction creates an access barrier,every relevant lesson,"Frequent, personalised; on most days/relevant settings",access and participation; prompt or assistance level; independent use of the support; task engagement/completion where relevant,"Which part of this support helps you most when working with lessons where environmental distraction creates an access barrier? What should we keep, change or fade?",Teach the student how and when to use the support; prompt use before increasing direct assistance; fade prompts when evidence shows increasing independence.,working_draft
D1-A06-SUB-01B,Learning and Applying Knowledge,Focusing and Directing Attention,Substantial,"Regulation, engagement & independence",Classroom Teacher,,,Offer noise-cancelling headphones where agreed and safe for the activity,manage auditory distraction,lessons where background noise creates an access barrier,every relevant lesson,"Frequent, personalised; on most days/relevant settings",access and participation; prompt or assistance level; independent use of the support; task engagement/completion where relevant,"Which part of this support helps you most when working with lessons where background noise creates an access barrier? What should we keep, change or fade?",Teach the student how and when to use the support; prompt use before increasing direct assistance; fade prompts when evidence shows increasing independence.,working_draft
D1-A06-SUB-01C,Learning and Applying Knowledge,Focusing and Directing Attention,Substantial,"Regulation, engagement & independence",Classroom Teacher,,,Reduce unnecessary visual clutter in {preferredName}'s immediate work area and learning materials,focus on the essential information,lessons where visual load affects attention,every relevant lesson,"Frequent, personalised; on most days/relevant settings",access and participation; prompt or assistance level; independent use of the support; task engagement/completion where relevant,"Which part of this support helps you most when working with lessons where visual load affects attention? What should we keep, change or fade?",Teach the student how and when to use the support; prompt use before increasing direct assistance; fade prompts when evidence shows increasing independence.,working_draft
D1-A06-SUB-01D,Learning and Applying Knowledge,Focusing and Directing Attention,Substantial,"Regulation, engagement & independence",Classroom Teacher,Education Support Staff,,Provide scheduled sensory or movement breaks,maintain regulation and re-engage with learning,learning blocks and identified transitions,during each relevant learning block and before identified transitions,"Frequent, personalised; on most days/relevant settings",access and participation; prompt or assistance level; independent use of the support; task engagement/completion where relevant,"Which part of this support helps you most when working with learning blocks and identified transitions? What should we keep, change or fade?",Teach the student how and when to use the support; prompt use before increasing direct assistance; fade prompts when evidence shows increasing independence.,working_draft
D1-A06-SUB-02A,Learning and Applying Knowledge,Focusing and Directing Attention,Substantial,"Regulation, engagement & independence",Classroom Teacher,,,"Break lengthy or multi-step tasks into short, clearly defined sections",sustain attention and complete the task sequence,lengthy or multi-step tasks,on most days or across relevant tasks,"Frequent, personalised; on most days/relevant settings",access and participation; prompt or assistance level; independent use of the support; task engagement/completion where relevant,"Which part of this support helps you most when working with lengthy or multi-step tasks? What should we keep, change or fade?",Teach the student how and when to use the support; prompt use before increasing direct assistance; fade prompts when evidence shows increasing independence.,working_draft
D1-A06-SUB-02B,Learning and Applying Knowledge,Focusing and Directing Attention,Substantial,"Regulation, engagement & independence",Classroom Teacher,,,Provide a visual schedule or timer with clear start and finish points,identify the current step and expected duration,lengthy or multi-step tasks,on most days or across relevant tasks,"Frequent, personalised; on most days/relevant settings",access and participation; prompt or assistance level; independent use of the support; task engagement/completion where relevant,"Which part of this support helps you most when working with lengthy or multi-step tasks? What should we keep, change or fade?",Teach the student how and when to use the support; prompt use before increasing direct assistance; fade prompts when evidence shows increasing independence.,working_draft
D1-A06-SUB-02C,Learning and Applying Knowledge,Focusing and Directing Attention,Substantial,"Regulation, engagement & independence",Classroom Teacher,Education Support Staff,,"Provide frequent brief check-ins at agreed points, then fade prompts as independent re-engagement increases",re-engage with increasing independence,tasks where attention is likely to shift,on most days or across relevant tasks,"Frequent, personalised; on most days/relevant settings",access and participation; prompt or assistance level; independent use of the support; task engagement/completion where relevant,"Which part of this support helps you most when working with tasks where attention is likely to shift? What should we keep, change or fade?",Teach the student how and when to use the support; prompt use before increasing direct assistance; fade prompts when evidence shows increasing independence.,working_draft
D1-A06-SUB-03A,Learning and Applying Knowledge,Focusing and Directing Attention,Substantial,"Regulation, engagement & independence",Classroom Teacher,Education Support Staff,,Provide frequent prompts,"initiate, sustain and return attention to the learning task",lengthy; unfamiliar; multi-step; independent learning tasks,on most days or across most relevant tasks or settings,"Frequent, personalised; on most days/relevant settings",access and participation; prompt or assistance level; independent use of the support; task engagement/completion where relevant,"Which part of this support helps you most when working with lengthy, unfamiliar, multi-step or independent learning tasks? What should we keep, change or fade?",Teach the student how and when to use the support; prompt use before increasing direct assistance; fade prompts when evidence shows increasing independence.,working_draft
D1-A06-SUB-03B,Learning and Applying Knowledge,Focusing and Directing Attention,Substantial,"Regulation, engagement & independence",Classroom Teacher,Education Support Staff,,Break tasks into short steps,"initiate, sustain and return attention to the learning task",lengthy; unfamiliar; multi-step; independent learning tasks,on most days or across most relevant tasks or settings,"Frequent, personalised; on most days/relevant settings",access and participation; prompt or assistance level; independent use of the support; task engagement/completion where relevant,"Which part of this support helps you most when working with lengthy, unfamiliar, multi-step or independent learning tasks? What should we keep, change or fade?",Teach the student how and when to use the support; prompt use before increasing direct assistance; fade prompts when evidence shows increasing independence.,working_draft
D1-A06-SUB-03C,Learning and Applying Knowledge,Focusing and Directing Attention,Substantial,"Regulation, engagement & independence",Classroom Teacher,Education Support Staff,,Reduce distractions,"initiate, sustain and return attention to the learning task",lengthy; unfamiliar; multi-step; independent learning tasks,on most days or across most relevant tasks or settings,"Frequent, personalised; on most days/relevant settings",access and participation; prompt or assistance level; independent use of the support; task engagement/completion where relevant,"Which part of this support helps you most when working with lengthy, unfamiliar, multi-step or independent learning tasks? What should we keep, change or fade?",Teach the student how and when to use the support; prompt use before increasing direct assistance; fade prompts when evidence shows increasing independence.,working_draft
D1-A06-SUB-03D,Learning and Applying Knowledge,Focusing and Directing Attention,Substantial,"Regulation, engagement & independence",Classroom Teacher,Education Support Staff,,Use visual schedules,"initiate, sustain and return attention to the learning task",lengthy; unfamiliar; multi-step; independent learning tasks,on most days or across most relevant tasks or settings,"Frequent, personalised; on most days/relevant settings",access and participation; prompt or assistance level; independent use of the support; task engagement/completion where relevant,"Which part of this support helps you most when working with lengthy, unfamiliar, multi-step or independent learning tasks? What should we keep, change or fade?",Teach the student how and when to use the support; prompt use before increasing direct assistance; fade prompts when evidence shows increasing independence.,working_draft
D1-A06-SUB-04A,Learning and Applying Knowledge,Focusing and Directing Attention,Substantial,"Regulation, engagement & independence",Classroom Teacher,Education Support Staff,,Provide planned movement support or a movement break as agreed,"initiate, sustain and return attention to the learning task",lengthy; unfamiliar; multi-step; independent learning tasks,on most days or across most relevant tasks or settings,"Frequent, personalised; on most days/relevant settings",access and participation; prompt or assistance level; independent use of the support; task engagement/completion where relevant,"Which part of this support helps you most when working with lengthy, unfamiliar, multi-step or independent learning tasks? What should we keep, change or fade?",Teach the student how and when to use the support; prompt use before increasing direct assistance; fade prompts when evidence shows increasing independence.,working_draft
D1-A06-SUB-04B,Learning and Applying Knowledge,Focusing and Directing Attention,Substantial,"Regulation, engagement & independence",Classroom Teacher,Education Support Staff,,Provide planned sensory breaks,"initiate, sustain and return attention to the learning task",lengthy; unfamiliar; multi-step; independent learning tasks,on most days or across most relevant tasks or settings,"Frequent, personalised; on most days/relevant settings",access and participation; prompt or assistance level; independent use of the support; task engagement/completion where relevant,"Which part of this support helps you most when working with lengthy, unfamiliar, multi-step or independent learning tasks? What should we keep, change or fade?",Teach the student how and when to use the support; prompt use before increasing direct assistance; fade prompts when evidence shows increasing independence.,working_draft
D1-A06-SUB-04C,Learning and Applying Knowledge,Focusing and Directing Attention,Substantial,"Regulation, engagement & independence",Classroom Teacher,Education Support Staff,,Check in regularly,"initiate, sustain and return attention to the learning task",lengthy; unfamiliar; multi-step; independent learning tasks,on most days or across most relevant tasks or settings,"Frequent, personalised; on most days/relevant settings",access and participation; prompt or assistance level; independent use of the support; task engagement/completion where relevant,"Which part of this support helps you most when working with lengthy, unfamiliar, multi-step or independent learning tasks? What should we keep, change or fade?",Teach the student how and when to use the support; prompt use before increasing direct assistance; fade prompts when evidence shows increasing independence.,working_draft
D1-A06-SUB-04D,Learning and Applying Knowledge,Focusing and Directing Attention,Substantial,"Regulation, engagement & independence",Classroom Teacher,Education Support Staff,,Support {preferredName} to re-engage when attention shifts,"initiate, sustain and return attention to the learning task",lengthy; unfamiliar; multi-step; independent learning tasks,on most days or across most relevant tasks or settings,"Frequent, personalised; on most days/relevant settings",access and participation; prompt or assistance level; independent use of the support; task engagement/completion where relevant,"Which part of this support helps you most when working with lengthy, unfamiliar, multi-step or independent learning tasks? What should we keep, change or fade?",Teach the student how and when to use the support; prompt use before increasing direct assistance; fade prompts when evidence shows increasing independence.,working_draft
D1-A06-EXT-01A,Learning and Applying Knowledge,Focusing and Directing Attention,Extensive,"Regulation, engagement & independence",Classroom Teacher,Education Support Staff,,Provide sustained prompting,"initiate, sustain and return attention to the learning task",lengthy; unfamiliar; multi-step; independent learning tasks,consistently throughout the activity or across relevant settings in the school day,"Sustained, highly individualised; consistently across activity/settings",access and participation; prompt or assistance level; independent use of the support; task engagement/completion where relevant,"Which part of this support helps you most when working with lengthy, unfamiliar, multi-step or independent learning tasks? What should we keep, change or fade?",Teach the student how and when to use the support; prompt use before increasing direct assistance; fade prompts when evidence shows increasing independence.,working_draft
D1-A06-EXT-01B,Learning and Applying Knowledge,Focusing and Directing Attention,Extensive,"Regulation, engagement & independence",Classroom Teacher,Education Support Staff,,Provide a highly structured task sequence,"initiate, sustain and return attention to the learning task",lengthy; unfamiliar; multi-step; independent learning tasks,consistently throughout the activity or across relevant settings in the school day,"Sustained, highly individualised; consistently across activity/settings",access and participation; prompt or assistance level; independent use of the support; task engagement/completion where relevant,"Which part of this support helps you most when working with lengthy, unfamiliar, multi-step or independent learning tasks? What should we keep, change or fade?",Teach the student how and when to use the support; prompt use before increasing direct assistance; fade prompts when evidence shows increasing independence.,working_draft
D1-A06-EXT-01C,Learning and Applying Knowledge,Focusing and Directing Attention,Extensive,"Regulation, engagement & independence",Classroom Teacher,Education Support Staff,,Reduce environmental distractions,"initiate, sustain and return attention to the learning task",lengthy; unfamiliar; multi-step; independent learning tasks,consistently throughout the activity or across relevant settings in the school day,"Sustained, highly individualised; consistently across activity/settings",access and participation; prompt or assistance level; independent use of the support; task engagement/completion where relevant,"Which part of this support helps you most when working with lengthy, unfamiliar, multi-step or independent learning tasks? What should we keep, change or fade?",Teach the student how and when to use the support; prompt use before increasing direct assistance; fade prompts when evidence shows increasing independence.,working_draft
D1-A06-EXT-01D,Learning and Applying Knowledge,Focusing and Directing Attention,Extensive,"Regulation, engagement & independence",Classroom Teacher,Education Support Staff,,Use short work intervals with clear start and finish points,"initiate, sustain and return attention to the learning task",lengthy; unfamiliar; multi-step; independent learning tasks,consistently throughout the activity or across relevant settings in the school day,"Sustained, highly individualised; consistently across activity/settings",access and participation; prompt or assistance level; independent use of the support; task engagement/completion where relevant,"Which part of this support helps you most when working with lengthy, unfamiliar, multi-step or independent learning tasks? What should we keep, change or fade?",Teach the student how and when to use the support; prompt use before increasing direct assistance; fade prompts when evidence shows increasing independence.,working_draft
D1-A06-EXT-02A,Learning and Applying Knowledge,Focusing and Directing Attention,Extensive,"Regulation, engagement & independence",Classroom Teacher,Education Support Staff,,Provide frequent regulation breaks,"initiate, sustain and return attention to the learning task",lengthy; unfamiliar; multi-step; independent learning tasks,consistently throughout the activity or across relevant settings in the school day,"Sustained, highly individualised; consistently across activity/settings",access and participation; prompt or assistance level; independent use of the support; task engagement/completion where relevant,"Which part of this support helps you most when working with lengthy, unfamiliar, multi-step or independent learning tasks? What should we keep, change or fade?",Teach the student how and when to use the support; prompt use before increasing direct assistance; fade prompts when evidence shows increasing independence.,working_draft
D1-A06-EXT-02B,Learning and Applying Knowledge,Focusing and Directing Attention,Extensive,"Regulation, engagement & independence",Classroom Teacher,Education Support Staff,,"Make the start, finish and next step visually clear","initiate, sustain and return attention to the learning task",lengthy; unfamiliar; multi-step; independent learning tasks,consistently throughout the activity or across relevant settings in the school day,"Sustained, highly individualised; consistently across activity/settings",access and participation; prompt or assistance level; independent use of the support; task engagement/completion where relevant,"Which part of this support helps you most when working with lengthy, unfamiliar, multi-step or independent learning tasks? What should we keep, change or fade?",Teach the student how and when to use the support; prompt use before increasing direct assistance; fade prompts when evidence shows increasing independence.,working_draft
D1-A06-EXT-02C,Learning and Applying Knowledge,Focusing and Directing Attention,Extensive,"Regulation, engagement & independence",Classroom Teacher,Education Support Staff,,"Provide close support to move through each stage of the activity, then fade where appropriate","initiate, sustain and return attention to the learning task",lengthy; unfamiliar; multi-step; independent learning tasks,consistently throughout the activity or across relevant settings in the school day,"Sustained, highly individualised; consistently across activity/settings",access and participation; prompt or assistance level; independent use of the support; task engagement/completion where relevant,"Which part of this support helps you most when working with lengthy, unfamiliar, multi-step or independent learning tasks? What should we keep, change or fade?",Teach the student how and when to use the support; prompt use before increasing direct assistance; fade prompts when evidence shows increasing independence.,working_draft
D1-A07-PE-01,Learning and Applying Knowledge,Solving Problems,Present Environment,Task & materials,Classroom Teacher,,,Maintain ordinary accessible supports and resources in the setting,"access multi-step, unfamiliar, abstract or problem-solving tasks",multi-step; unfamiliar; abstract; problem-solving tasks,as part of everyday practice,Ordinary supports/resources available in the setting,access and participation; prompt or assistance level; independent use of the support; task engagement/completion where relevant,"Which part of this support helps you most when working with multi-step, unfamiliar, abstract or problem-solving tasks? What should we keep, change or fade?",Teach the student how and when to use the support; prompt use before increasing direct assistance; fade prompts when evidence shows increasing independence.,working_draft
D1-A07-DT-01A,Learning and Applying Knowledge,Solving Problems,Differentiated Teaching,Task & materials,Classroom Teacher,Education Support Staff,,Draw on known class-based approaches,work through the problem-solving process and apply a strategy,multi-step; unfamiliar; abstract; problem-solving tasks,as needed during relevant tasks or routines,"Brief, occasional; within usual classroom practice",access and participation; prompt or assistance level; independent use of the support; task engagement/completion where relevant,"Which part of this support helps you most when working with multi-step, unfamiliar, abstract or problem-solving tasks? What should we keep, change or fade?",Teach the student how and when to use the support; prompt use before increasing direct assistance; fade prompts when evidence shows increasing independence.,working_draft
D1-A07-DT-01B,Learning and Applying Knowledge,Solving Problems,Differentiated Teaching,Environment & routines,Classroom Teacher,Education Support Staff,,Use structured cooperative learning routines,work through the problem-solving process and apply a strategy,multi-step; unfamiliar; abstract; problem-solving tasks,as needed during relevant tasks or routines,"Brief, occasional; within usual classroom practice",access and participation; prompt or assistance level; independent use of the support; task engagement/completion where relevant,"Which part of this support helps you most when working with multi-step, unfamiliar, abstract or problem-solving tasks? What should we keep, change or fade?",Teach the student how and when to use the support; prompt use before increasing direct assistance; fade prompts when evidence shows increasing independence.,working_draft
D1-A07-DT-01C,Learning and Applying Knowledge,Solving Problems,Differentiated Teaching,Task & materials,Classroom Teacher,Education Support Staff,,Use brief teacher prompts,work through the problem-solving process and apply a strategy,multi-step; unfamiliar; abstract; problem-solving tasks,as needed during relevant tasks or routines,"Brief, occasional; within usual classroom practice",access and participation; prompt or assistance level; independent use of the support; task engagement/completion where relevant,"Which part of this support helps you most when working with multi-step, unfamiliar, abstract or problem-solving tasks? What should we keep, change or fade?",Teach the student how and when to use the support; prompt use before increasing direct assistance; fade prompts when evidence shows increasing independence.,working_draft
D1-A07-DT-01D,Learning and Applying Knowledge,Solving Problems,Differentiated Teaching,Task & materials,Classroom Teacher,Education Support Staff,,Provide worked examples,work through the problem-solving process and apply a strategy,multi-step; unfamiliar; abstract; problem-solving tasks,as needed during relevant tasks or routines,"Brief, occasional; within usual classroom practice",access and participation; prompt or assistance level; independent use of the support; task engagement/completion where relevant,"Which part of this support helps you most when working with multi-step, unfamiliar, abstract or problem-solving tasks? What should we keep, change or fade?",Teach the student how and when to use the support; prompt use before increasing direct assistance; fade prompts when evidence shows increasing independence.,working_draft
D1-A07-SUP-01A,Learning and Applying Knowledge,Solving Problems,Supplementary,Task & materials,Classroom Teacher,Education Support Staff,,Provide visual problem-solving frameworks,work through the problem-solving process and apply a strategy,multi-step; unfamiliar; abstract; problem-solving tasks,at specific times through the week or in identified tasks or settings,"Regular, planned and personalised; at specific times/settings",access and participation; prompt or assistance level; independent use of the support; task engagement/completion where relevant,"Which part of this support helps you most when working with multi-step, unfamiliar, abstract or problem-solving tasks? What should we keep, change or fade?",Teach the student how and when to use the support; prompt use before increasing direct assistance; fade prompts when evidence shows increasing independence.,working_draft
D1-A07-SUP-01B,Learning and Applying Knowledge,Solving Problems,Supplementary,Task & materials,Classroom Teacher,Education Support Staff,,Provide worked examples,work through the problem-solving process and apply a strategy,multi-step; unfamiliar; abstract; problem-solving tasks,at specific times through the week or in identified tasks or settings,"Regular, planned and personalised; at specific times/settings",access and participation; prompt or assistance level; independent use of the support; task engagement/completion where relevant,"Which part of this support helps you most when working with multi-step, unfamiliar, abstract or problem-solving tasks? What should we keep, change or fade?",Teach the student how and when to use the support; prompt use before increasing direct assistance; fade prompts when evidence shows increasing independence.,working_draft
D1-A07-SUP-01C,Learning and Applying Knowledge,Solving Problems,Supplementary,Task & materials,Classroom Teacher,Education Support Staff,,Use prompt questions to guide the next step without giving the answer,work through the problem-solving process and apply a strategy,multi-step; unfamiliar; abstract; problem-solving tasks,at specific times through the week or in identified tasks or settings,"Regular, planned and personalised; at specific times/settings",access and participation; prompt or assistance level; independent use of the support; task engagement/completion where relevant,"Which part of this support helps you most when working with multi-step, unfamiliar, abstract or problem-solving tasks? What should we keep, change or fade?",Teach the student how and when to use the support; prompt use before increasing direct assistance; fade prompts when evidence shows increasing independence.,working_draft
D1-A07-SUP-01D,Learning and Applying Knowledge,Solving Problems,Supplementary,Task & materials,Classroom Teacher,Education Support Staff,,Explicitly teach and model reasoning strategies,work through the problem-solving process and apply a strategy,multi-step; unfamiliar; abstract; problem-solving tasks,at specific times through the week or in identified tasks or settings,"Regular, planned and personalised; at specific times/settings",access and participation; prompt or assistance level; independent use of the support; task engagement/completion where relevant,"Which part of this support helps you most when working with multi-step, unfamiliar, abstract or problem-solving tasks? What should we keep, change or fade?",Teach the student how and when to use the support; prompt use before increasing direct assistance; fade prompts when evidence shows increasing independence.,working_draft
D1-A07-SUP-02A,Learning and Applying Knowledge,Solving Problems,Supplementary,Task & materials,Classroom Teacher,Education Support Staff,,"Chunk instructions into short, clearly sequenced steps",work through the problem-solving process and apply a strategy,multi-step; unfamiliar; abstract; problem-solving tasks,at specific times through the week or in identified tasks or settings,"Regular, planned and personalised; at specific times/settings",access and participation; prompt or assistance level; independent use of the support; task engagement/completion where relevant,"Which part of this support helps you most when working with multi-step, unfamiliar, abstract or problem-solving tasks? What should we keep, change or fade?",Teach the student how and when to use the support; prompt use before increasing direct assistance; fade prompts when evidence shows increasing independence.,working_draft
D1-A07-SUP-02B,Learning and Applying Knowledge,Solving Problems,Supplementary,Task & materials,Classroom Teacher,Education Support Staff,,Allow additional processing time,work through the problem-solving process and apply a strategy,multi-step; unfamiliar; abstract; problem-solving tasks,at specific times through the week or in identified tasks or settings,"Regular, planned and personalised; at specific times/settings",access and participation; prompt or assistance level; independent use of the support; task engagement/completion where relevant,"Which part of this support helps you most when working with multi-step, unfamiliar, abstract or problem-solving tasks? What should we keep, change or fade?",Teach the student how and when to use the support; prompt use before increasing direct assistance; fade prompts when evidence shows increasing independence.,working_draft
D1-A07-SUP-02C,Learning and Applying Knowledge,Solving Problems,Supplementary,Task & materials,Classroom Teacher,Education Support Staff,,Model think-aloud strategies,work through the problem-solving process and apply a strategy,multi-step; unfamiliar; abstract; problem-solving tasks,at specific times through the week or in identified tasks or settings,"Regular, planned and personalised; at specific times/settings",access and participation; prompt or assistance level; independent use of the support; task engagement/completion where relevant,"Which part of this support helps you most when working with multi-step, unfamiliar, abstract or problem-solving tasks? What should we keep, change or fade?",Teach the student how and when to use the support; prompt use before increasing direct assistance; fade prompts when evidence shows increasing independence.,working_draft
D1-A07-SUB-01A,Learning and Applying Knowledge,Solving Problems,Substantial,Task & materials,Classroom Teacher,,,Provide a task breakdown for multi-step problem-solving tasks,follow the problem-solving sequence while preserving challenge,multi-step problem-solving,every relevant lesson and assessment task,"Frequent, personalised; on most days/relevant settings",access and participation; prompt or assistance level; independent use of the support; task engagement/completion where relevant,"Which part of this support helps you most when working with multi-step problem-solving? What should we keep, change or fade?",Teach the student how and when to use the support; prompt use before increasing direct assistance; fade prompts when evidence shows increasing independence.,working_draft
D1-A07-SUB-01B,Learning and Applying Knowledge,Solving Problems,Substantial,Instruction & explanation,Classroom Teacher,,,Provide a problem-solving framework that makes the thinking sequence explicit without supplying the answer,apply reasoning strategies while preserving challenge,multi-step problem-solving,every relevant lesson and assessment task,"Frequent, personalised; on most days/relevant settings",access and participation; prompt or assistance level; independent use of the support; task engagement/completion where relevant,"Which part of this support helps you most when working with multi-step problem-solving? What should we keep, change or fade?",Teach the student how and when to use the support; prompt use before increasing direct assistance; fade prompts when evidence shows increasing independence.,working_draft
D1-A07-SUB-01C,Learning and Applying Knowledge,Solving Problems,Substantial,Task & materials,Classroom Teacher,,,Provide a visual planning tool for complex problem-solving tasks,plan and monitor the problem-solving process,multi-step problem-solving,every relevant lesson and assessment task,"Frequent, personalised; on most days/relevant settings",access and participation; prompt or assistance level; independent use of the support; task engagement/completion where relevant,"Which part of this support helps you most when working with multi-step problem-solving? What should we keep, change or fade?",Teach the student how and when to use the support; prompt use before increasing direct assistance; fade prompts when evidence shows increasing independence.,working_draft
D1-A07-SUB-01D,Learning and Applying Knowledge,Solving Problems,Substantial,Instruction & explanation,Classroom Teacher,,,Provide brief check-ins at agreed points during multi-step work,clarify the next step and persist with the problem,multi-step problem-solving,through relevant multi-step work,"Frequent, personalised; on most days/relevant settings",access and participation; prompt or assistance level; independent use of the support; task engagement/completion where relevant,"Which part of this support helps you most when working with multi-step problem-solving? What should we keep, change or fade?",Teach the student how and when to use the support; prompt use before increasing direct assistance; fade prompts when evidence shows increasing independence.,working_draft
D1-A07-SUB-02A,Learning and Applying Knowledge,Solving Problems,Substantial,Task & materials,Classroom Teacher,Education Support Staff,,Explicitly identify the problem before moving to possible solutions,work through the problem-solving process and apply a strategy,multi-step; unfamiliar; abstract; problem-solving tasks,on most days or across most relevant tasks or settings,"Frequent, personalised; on most days/relevant settings",access and participation; prompt or assistance level; independent use of the support; task engagement/completion where relevant,"Which part of this support helps you most when working with multi-step, unfamiliar, abstract or problem-solving tasks? What should we keep, change or fade?",Teach the student how and when to use the support; prompt use before increasing direct assistance; fade prompts when evidence shows increasing independence.,working_draft
D1-A07-SUB-02B,Learning and Applying Knowledge,Solving Problems,Substantial,Task & materials,Classroom Teacher,Education Support Staff,,Narrow the number of choices when this reduces cognitive load without removing the intended decision,work through the problem-solving process and apply a strategy,multi-step; unfamiliar; abstract; problem-solving tasks,on most days or across most relevant tasks or settings,"Frequent, personalised; on most days/relevant settings",access and participation; prompt or assistance level; independent use of the support; task engagement/completion where relevant,"Which part of this support helps you most when working with multi-step, unfamiliar, abstract or problem-solving tasks? What should we keep, change or fade?",Teach the student how and when to use the support; prompt use before increasing direct assistance; fade prompts when evidence shows increasing independence.,working_draft
D1-A07-SUB-02C,Learning and Applying Knowledge,Solving Problems,Substantial,Task & materials,Classroom Teacher,Education Support Staff,,Model possible solution pathways without supplying the final answer,work through the problem-solving process and apply a strategy,multi-step; unfamiliar; abstract; problem-solving tasks,on most days or across most relevant tasks or settings,"Frequent, personalised; on most days/relevant settings",access and participation; prompt or assistance level; independent use of the support; task engagement/completion where relevant,"Which part of this support helps you most when working with multi-step, unfamiliar, abstract or problem-solving tasks? What should we keep, change or fade?",Teach the student how and when to use the support; prompt use before increasing direct assistance; fade prompts when evidence shows increasing independence.,working_draft
D1-A07-SUB-02D,Learning and Applying Knowledge,Solving Problems,Substantial,Task & materials,Classroom Teacher,Education Support Staff,,Provide visual prompts or supports matched to the task,work through the problem-solving process and apply a strategy,multi-step; unfamiliar; abstract; problem-solving tasks,on most days or across most relevant tasks or settings,"Frequent, personalised; on most days/relevant settings",access and participation; prompt or assistance level; independent use of the support; task engagement/completion where relevant,"Which part of this support helps you most when working with multi-step, unfamiliar, abstract or problem-solving tasks? What should we keep, change or fade?",Teach the student how and when to use the support; prompt use before increasing direct assistance; fade prompts when evidence shows increasing independence.,working_draft
D1-A07-SUB-03A,Learning and Applying Knowledge,Solving Problems,Substantial,Task & materials,Classroom Teacher,Education Support Staff,,"Provide verbal prompts for each step, fading prompts as independence increases",work through the problem-solving process and apply a strategy,multi-step; unfamiliar; abstract; problem-solving tasks,on most days or across most relevant tasks or settings,"Frequent, personalised; on most days/relevant settings",access and participation; prompt or assistance level; independent use of the support; task engagement/completion where relevant,"Which part of this support helps you most when working with multi-step, unfamiliar, abstract or problem-solving tasks? What should we keep, change or fade?",Teach the student how and when to use the support; prompt use before increasing direct assistance; fade prompts when evidence shows increasing independence.,working_draft
D1-A07-SUB-03B,Learning and Applying Knowledge,Solving Problems,Substantial,Task & materials,Classroom Teacher,Education Support Staff,,Support decision-making,work through the problem-solving process and apply a strategy,multi-step; unfamiliar; abstract; problem-solving tasks,on most days or across most relevant tasks or settings,"Frequent, personalised; on most days/relevant settings",access and participation; prompt or assistance level; independent use of the support; task engagement/completion where relevant,"Which part of this support helps you most when working with multi-step, unfamiliar, abstract or problem-solving tasks? What should we keep, change or fade?",Teach the student how and when to use the support; prompt use before increasing direct assistance; fade prompts when evidence shows increasing independence.,working_draft
D1-A07-SUB-03C,Learning and Applying Knowledge,Solving Problems,Substantial,Task & materials,Classroom Teacher,Education Support Staff,,Help {preferredName} evaluate the outcome of the chosen solution,work through the problem-solving process and apply a strategy,multi-step; unfamiliar; abstract; problem-solving tasks,on most days or across most relevant tasks or settings,"Frequent, personalised; on most days/relevant settings",access and participation; prompt or assistance level; independent use of the support; task engagement/completion where relevant,"Which part of this support helps you most when working with multi-step, unfamiliar, abstract or problem-solving tasks? What should we keep, change or fade?",Teach the student how and when to use the support; prompt use before increasing direct assistance; fade prompts when evidence shows increasing independence.,working_draft
D1-A07-EXT-01,Learning and Applying Knowledge,Solving Problems,Extensive,Task & materials,Classroom Teacher,Education Support Staff,,"Provide sustained, highly individualised support for multi-step, unfamiliar or abstract problem-solving tasks, including in social situations, safety situations and unexpected changes",work through the problem-solving process and apply a strategy,multi-step; unfamiliar; abstract; problem-solving tasks,consistently throughout the activity or across relevant settings in the school day,"Sustained, highly individualised; consistently across activity/settings",implementation as documented; safety/health observations required by the plan; participation and dignity; issues escalated according to the plan,"Which part of this support helps you most when working with multi-step, unfamiliar, abstract or problem-solving tasks? What should we keep, change or fade?",Follow the documented plan and do not fade safety-critical assistance except through formal review.,working_draft
D2-A01-PE-01,General Tasks and Demands,Carrying Out Daily Routines,Present Environment,Physical access & mobility,Classroom Teacher,,,Maintain ordinary accessible supports and resources in the setting,"access arrival, class preparation, transitions, packing up or routine procedures",arrival; class preparation; transitions; packing up; routine procedures,as part of everyday practice,Ordinary supports/resources available in the setting,access and participation; prompt or assistance level; independent use of the support; task engagement/completion where relevant,"Which part of this support helps you most when working with arrival, class preparation, transitions, packing up or routine procedures? What should we keep, change or fade?",Teach the student how and when to use the support; prompt use before increasing direct assistance; fade prompts when evidence shows increasing independence.,working_draft
D2-A01-DT-01A,General Tasks and Demands,Carrying Out Daily Routines,Differentiated Teaching,Physical access & mobility,Classroom Teacher,Education Support Staff,,Use occasional verbal prompts,complete daily school routines with increasing independence,arrival; class preparation; transitions; packing up; routine procedures,as needed during relevant tasks or routines,"Brief, occasional; within usual classroom practice",access and participation; prompt or assistance level; independent use of the support; task engagement/completion where relevant,"Which part of this support helps you most when working with arrival, class preparation, transitions, packing up or routine procedures? What should we keep, change or fade?",Teach the student how and when to use the support; prompt use before increasing direct assistance; fade prompts when evidence shows increasing independence.,working_draft
D2-A01-DT-01B,General Tasks and Demands,Carrying Out Daily Routines,Differentiated Teaching,Physical access & mobility,Classroom Teacher,Education Support Staff,,Use agreed classroom cues,complete daily school routines with increasing independence,arrival; class preparation; transitions; packing up; routine procedures,as needed during relevant tasks or routines,"Brief, occasional; within usual classroom practice",access and participation; prompt or assistance level; independent use of the support; task engagement/completion where relevant,"Which part of this support helps you most when working with arrival, class preparation, transitions, packing up or routine procedures? What should we keep, change or fade?",Teach the student how and when to use the support; prompt use before increasing direct assistance; fade prompts when evidence shows increasing independence.,working_draft
D2-A01-DT-01C,General Tasks and Demands,Carrying Out Daily Routines,Differentiated Teaching,Physical access & mobility,Classroom Teacher,Education Support Staff,,Provide brief assistance at identified transition points,complete daily school routines with increasing independence,arrival; class preparation; transitions; packing up; routine procedures,as needed during relevant tasks or routines,"Brief, occasional; within usual classroom practice",access and participation; prompt or assistance level; independent use of the support; task engagement/completion where relevant,"Which part of this support helps you most when working with arrival, class preparation, transitions, packing up or routine procedures? What should we keep, change or fade?",Teach the student how and when to use the support; prompt use before increasing direct assistance; fade prompts when evidence shows increasing independence.,working_draft
D2-A01-SUP-01A,General Tasks and Demands,Carrying Out Daily Routines,Supplementary,Physical access & mobility,Classroom Teacher,Education Support Staff,,Use visual routines,complete daily school routines with increasing independence,arrival; class preparation; transitions; packing up; routine procedures,at specific times through the week or in identified tasks or settings,"Regular, planned and personalised; at specific times/settings",access and participation; prompt or assistance level; independent use of the support; task engagement/completion where relevant,"Which part of this support helps you most when working with arrival, class preparation, transitions, packing up or routine procedures? What should we keep, change or fade?",Teach the student how and when to use the support; prompt use before increasing direct assistance; fade prompts when evidence shows increasing independence.,working_draft
D2-A01-SUP-01B,General Tasks and Demands,Carrying Out Daily Routines,Supplementary,Physical access & mobility,Classroom Teacher,Education Support Staff,,Use individualised prompts agreed in the plan,complete daily school routines with increasing independence,arrival; class preparation; transitions; packing up; routine procedures,at specific times through the week or in identified tasks or settings,"Regular, planned and personalised; at specific times/settings",access and participation; prompt or assistance level; independent use of the support; task engagement/completion where relevant,"Which part of this support helps you most when working with arrival, class preparation, transitions, packing up or routine procedures? What should we keep, change or fade?",Teach the student how and when to use the support; prompt use before increasing direct assistance; fade prompts when evidence shows increasing independence.,working_draft
D2-A01-SUP-01C,General Tasks and Demands,Carrying Out Daily Routines,Supplementary,Physical access & mobility,Classroom Teacher,Education Support Staff,,Provide brief adult support at the identified point of need,complete daily school routines with increasing independence,arrival; class preparation; transitions; packing up; routine procedures,at specific times through the week or in identified tasks or settings,"Regular, planned and personalised; at specific times/settings",access and participation; prompt or assistance level; independent use of the support; task engagement/completion where relevant,"Which part of this support helps you most when working with arrival, class preparation, transitions, packing up or routine procedures? What should we keep, change or fade?",Teach the student how and when to use the support; prompt use before increasing direct assistance; fade prompts when evidence shows increasing independence.,working_draft
D2-A01-SUB-01A,General Tasks and Demands,Carrying Out Daily Routines,Substantial,Physical access & mobility,Classroom Teacher,Education Support Staff,,Use task analysis,complete daily school routines with increasing independence,arrival; class preparation; transitions; packing up; routine procedures,on most days or across most relevant tasks or settings,"Frequent, personalised; on most days/relevant settings",access and participation; prompt or assistance level; independent use of the support; task engagement/completion where relevant,"Which part of this support helps you most when working with arrival, class preparation, transitions, packing up or routine procedures? What should we keep, change or fade?",Teach the student how and when to use the support; prompt use before increasing direct assistance; fade prompts when evidence shows increasing independence.,working_draft
D2-A01-SUB-01B,General Tasks and Demands,Carrying Out Daily Routines,Substantial,Physical access & mobility,Classroom Teacher,Education Support Staff,,Provide an individual visual schedule or task sequence,complete daily school routines with increasing independence,arrival; class preparation; transitions; packing up; routine procedures,on most days or across most relevant tasks or settings,"Frequent, personalised; on most days/relevant settings",access and participation; prompt or assistance level; independent use of the support; task engagement/completion where relevant,"Which part of this support helps you most when working with arrival, class preparation, transitions, packing up or routine procedures? What should we keep, change or fade?",Teach the student how and when to use the support; prompt use before increasing direct assistance; fade prompts when evidence shows increasing independence.,working_draft
D2-A01-SUB-01C,General Tasks and Demands,Carrying Out Daily Routines,Substantial,Physical access & mobility,Classroom Teacher,Education Support Staff,,"Provide step-by-step prompts, fading prompts as independence increases",complete daily school routines with increasing independence,arrival; class preparation; transitions; packing up; routine procedures,on most days or across most relevant tasks or settings,"Frequent, personalised; on most days/relevant settings",access and participation; prompt or assistance level; independent use of the support; task engagement/completion where relevant,"Which part of this support helps you most when working with arrival, class preparation, transitions, packing up or routine procedures? What should we keep, change or fade?",Teach the student how and when to use the support; prompt use before increasing direct assistance; fade prompts when evidence shows increasing independence.,working_draft
D2-A01-SUB-01D,General Tasks and Demands,Carrying Out Daily Routines,Substantial,Physical access & mobility,Classroom Teacher,Education Support Staff,,Provide repeated guided practice,complete daily school routines with increasing independence,arrival; class preparation; transitions; packing up; routine procedures,on most days or across most relevant tasks or settings,"Frequent, personalised; on most days/relevant settings",access and participation; prompt or assistance level; independent use of the support; task engagement/completion where relevant,"Which part of this support helps you most when working with arrival, class preparation, transitions, packing up or routine procedures? What should we keep, change or fade?",Teach the student how and when to use the support; prompt use before increasing direct assistance; fade prompts when evidence shows increasing independence.,working_draft
D2-A01-SUB-02,General Tasks and Demands,Carrying Out Daily Routines,Substantial,Physical access & mobility,Classroom Teacher,Education Support Staff,,Use adapted procedures and physical assistance only as documented and in line with relevant advice,complete daily school routines with increasing independence,arrival; class preparation; transitions; packing up; routine procedures,on most days or across most relevant tasks or settings,"Frequent, personalised; on most days/relevant settings",implementation as documented; safety/health observations required by the plan; participation and dignity; issues escalated according to the plan,"Which part of this support helps you most when working with arrival, class preparation, transitions, packing up or routine procedures? What should we keep, change or fade?",Follow the documented plan and do not fade safety-critical assistance except through formal review.,working_draft
D2-A01-EXT-01A,General Tasks and Demands,Carrying Out Daily Routines,Extensive,Physical access & mobility,Classroom Teacher,Education Support Staff,,Set up materials,complete daily school routines with increasing independence,arrival; class preparation; transitions; packing up; routine procedures,consistently throughout the activity or across relevant settings in the school day,"Sustained, highly individualised; consistently across activity/settings",access and participation; prompt or assistance level; independent use of the support; task engagement/completion where relevant,"Which part of this support helps you most when working with arrival, class preparation, transitions, packing up or routine procedures? What should we keep, change or fade?",Teach the student how and when to use the support; prompt use before increasing direct assistance; fade prompts when evidence shows increasing independence.,working_draft
D2-A01-EXT-01B,General Tasks and Demands,Carrying Out Daily Routines,Extensive,Physical access & mobility,Classroom Teacher,Education Support Staff,,Guide {preferredName} through each step,complete daily school routines with increasing independence,arrival; class preparation; transitions; packing up; routine procedures,consistently throughout the activity or across relevant settings in the school day,"Sustained, highly individualised; consistently across activity/settings",access and participation; prompt or assistance level; independent use of the support; task engagement/completion where relevant,"Which part of this support helps you most when working with arrival, class preparation, transitions, packing up or routine procedures? What should we keep, change or fade?",Teach the student how and when to use the support; prompt use before increasing direct assistance; fade prompts when evidence shows increasing independence.,working_draft
D2-A01-EXT-01C,General Tasks and Demands,Carrying Out Daily Routines,Extensive,Physical access & mobility,Classroom Teacher,Education Support Staff,,Complete parts of the routine on {hishertheir} behalf,complete daily school routines with increasing independence,arrival; class preparation; transitions; packing up; routine procedures,consistently throughout the activity or across relevant settings in the school day,"Sustained, highly individualised; consistently across activity/settings",access and participation; prompt or assistance level; independent use of the support; task engagement/completion where relevant,"Which part of this support helps you most when working with arrival, class preparation, transitions, packing up or routine procedures? What should we keep, change or fade?",Teach the student how and when to use the support; prompt use before increasing direct assistance; fade prompts when evidence shows increasing independence.,working_draft
D2-A01-EXT-01D,General Tasks and Demands,Carrying Out Daily Routines,Extensive,Physical access & mobility,Classroom Teacher,Education Support Staff,,Support transitions,complete daily school routines with increasing independence,arrival; class preparation; transitions; packing up; routine procedures,consistently throughout the activity or across relevant settings in the school day,"Sustained, highly individualised; consistently across activity/settings",access and participation; prompt or assistance level; independent use of the support; task engagement/completion where relevant,"Which part of this support helps you most when working with arrival, class preparation, transitions, packing up or routine procedures? What should we keep, change or fade?",Teach the student how and when to use the support; prompt use before increasing direct assistance; fade prompts when evidence shows increasing independence.,working_draft
D2-A01-EXT-02A,General Tasks and Demands,Carrying Out Daily Routines,Extensive,Physical access & mobility,Classroom Teacher,Education Support Staff,,Manage equipment,complete daily school routines with increasing independence,arrival; class preparation; transitions; packing up; routine procedures,consistently throughout the activity or across relevant settings in the school day,"Sustained, highly individualised; consistently across activity/settings",access and participation; prompt or assistance level; independent use of the support; task engagement/completion where relevant,"Which part of this support helps you most when working with arrival, class preparation, transitions, packing up or routine procedures? What should we keep, change or fade?",Teach the student how and when to use the support; prompt use before increasing direct assistance; fade prompts when evidence shows increasing independence.,working_draft
D2-A01-EXT-02B,General Tasks and Demands,Carrying Out Daily Routines,Extensive,Physical access & mobility,Classroom Teacher,Education Support Staff,,Adapt daily routines to what {preferredName} can currently manage,complete daily school routines with increasing independence,arrival; class preparation; transitions; packing up; routine procedures,consistently throughout the activity or across relevant settings in the school day,"Sustained, highly individualised; consistently across activity/settings",access and participation; prompt or assistance level; independent use of the support; task engagement/completion where relevant,"Which part of this support helps you most when working with arrival, class preparation, transitions, packing up or routine procedures? What should we keep, change or fade?",Teach the student how and when to use the support; prompt use before increasing direct assistance; fade prompts when evidence shows increasing independence.,working_draft
D2-A02-PE-01,General Tasks and Demands,Undertaking Tasks Independently,Present Environment,"Regulation, engagement & independence",Classroom Teacher,,,Maintain ordinary accessible supports and resources in the setting,"access task initiation, organisation, time management or multi-step independent work",task initiation; organisation; time management; multi-step independent work,as part of everyday practice,Ordinary supports/resources available in the setting,access and participation; prompt or assistance level; independent use of the support; task engagement/completion where relevant,"Which part of this support helps you most when working with task initiation, organisation, time management or multi-step independent work? What should we keep, change or fade?",Teach the student how and when to use the support; prompt use before increasing direct assistance; fade prompts when evidence shows increasing independence.,working_draft
D2-A02-DT-01A,General Tasks and Demands,Undertaking Tasks Independently,Differentiated Teaching,"Regulation, engagement & independence",Classroom Teacher,Education Support Staff,,Use occasional prompts,"initiate, organise, sustain and complete tasks",task initiation; organisation; time management; multi-step independent work,as needed during relevant tasks or routines,"Brief, occasional; within usual classroom practice",access and participation; prompt or assistance level; independent use of the support; task engagement/completion where relevant,"Which part of this support helps you most when working with task initiation, organisation, time management or multi-step independent work? What should we keep, change or fade?",Teach the student how and when to use the support; prompt use before increasing direct assistance; fade prompts when evidence shows increasing independence.,working_draft
D2-A02-DT-01B,General Tasks and Demands,Undertaking Tasks Independently,Differentiated Teaching,"Regulation, engagement & independence",Classroom Teacher,Education Support Staff,,Use flexible grouping to support access and participation,"initiate, organise, sustain and complete tasks",task initiation; organisation; time management; multi-step independent work,as needed during relevant tasks or routines,"Brief, occasional; within usual classroom practice",access and participation; prompt or assistance level; independent use of the support; task engagement/completion where relevant,"Which part of this support helps you most when working with task initiation, organisation, time management or multi-step independent work? What should we keep, change or fade?",Teach the student how and when to use the support; prompt use before increasing direct assistance; fade prompts when evidence shows increasing independence.,working_draft
D2-A02-DT-01C,General Tasks and Demands,Undertaking Tasks Independently,Differentiated Teaching,"Regulation, engagement & independence",Classroom Teacher,Education Support Staff,,Redirect {preferredName} to the agreed resource before increasing direct help,"initiate, organise, sustain and complete tasks",task initiation; organisation; time management; multi-step independent work,as needed during relevant tasks or routines,"Brief, occasional; within usual classroom practice",access and participation; prompt or assistance level; independent use of the support; task engagement/completion where relevant,"Which part of this support helps you most when working with task initiation, organisation, time management or multi-step independent work? What should we keep, change or fade?",Teach the student how and when to use the support; prompt use before increasing direct assistance; fade prompts when evidence shows increasing independence.,working_draft
D2-A02-DT-01D,General Tasks and Demands,Undertaking Tasks Independently,Differentiated Teaching,"Regulation, engagement & independence",Classroom Teacher,Education Support Staff,,Provide brief support to organise time and priorities,"initiate, organise, sustain and complete tasks",task initiation; organisation; time management; multi-step independent work,as needed during relevant tasks or routines,"Brief, occasional; within usual classroom practice",access and participation; prompt or assistance level; independent use of the support; task engagement/completion where relevant,"Which part of this support helps you most when working with task initiation, organisation, time management or multi-step independent work? What should we keep, change or fade?",Teach the student how and when to use the support; prompt use before increasing direct assistance; fade prompts when evidence shows increasing independence.,working_draft
D2-A02-SUP-01A,General Tasks and Demands,Undertaking Tasks Independently,Supplementary,"Regulation, engagement & independence",Classroom Teacher,Education Support Staff,,Use task analysis,"initiate, organise, sustain and complete tasks",task initiation; organisation; time management; multi-step independent work,at specific times through the week or in identified tasks or settings,"Regular, planned and personalised; at specific times/settings",access and participation; prompt or assistance level; independent use of the support; task engagement/completion where relevant,"Which part of this support helps you most when working with task initiation, organisation, time management or multi-step independent work? What should we keep, change or fade?",Teach the student how and when to use the support; prompt use before increasing direct assistance; fade prompts when evidence shows increasing independence.,working_draft
D2-A02-SUP-01B,General Tasks and Demands,Undertaking Tasks Independently,Supplementary,"Regulation, engagement & independence",Classroom Teacher,Education Support Staff,,"Chunk instructions into short, clearly sequenced steps","initiate, organise, sustain and complete tasks",task initiation; organisation; time management; multi-step independent work,at specific times through the week or in identified tasks or settings,"Regular, planned and personalised; at specific times/settings",access and participation; prompt or assistance level; independent use of the support; task engagement/completion where relevant,"Which part of this support helps you most when working with task initiation, organisation, time management or multi-step independent work? What should we keep, change or fade?",Teach the student how and when to use the support; prompt use before increasing direct assistance; fade prompts when evidence shows increasing independence.,working_draft
D2-A02-SUP-01C,General Tasks and Demands,Undertaking Tasks Independently,Supplementary,"Regulation, engagement & independence",Classroom Teacher,Education Support Staff,,Provide visual supports,"initiate, organise, sustain and complete tasks",task initiation; organisation; time management; multi-step independent work,at specific times through the week or in identified tasks or settings,"Regular, planned and personalised; at specific times/settings",access and participation; prompt or assistance level; independent use of the support; task engagement/completion where relevant,"Which part of this support helps you most when working with task initiation, organisation, time management or multi-step independent work? What should we keep, change or fade?",Teach the student how and when to use the support; prompt use before increasing direct assistance; fade prompts when evidence shows increasing independence.,working_draft
D2-A02-SUP-01D,General Tasks and Demands,Undertaking Tasks Independently,Supplementary,"Regulation, engagement & independence",Classroom Teacher,Education Support Staff,,Provide scheduled check-ins at agreed points and fade them as independence increases,"initiate, organise, sustain and complete tasks",task initiation; organisation; time management; multi-step independent work,at specific times through the week or in identified tasks or settings,"Regular, planned and personalised; at specific times/settings",access and participation; prompt or assistance level; independent use of the support; task engagement/completion where relevant,"Which part of this support helps you most when working with task initiation, organisation, time management or multi-step independent work? What should we keep, change or fade?",Teach the student how and when to use the support; prompt use before increasing direct assistance; fade prompts when evidence shows increasing independence.,working_draft
D2-A02-SUB-01A,General Tasks and Demands,Undertaking Tasks Independently,Substantial,"Regulation, engagement & independence",Classroom Teacher,Education Support Staff,,Prepare materials,"initiate, organise, sustain and complete tasks",task initiation; organisation; time management; multi-step independent work,on most days or across most relevant tasks or settings,"Frequent, personalised; on most days/relevant settings",access and participation; prompt or assistance level; independent use of the support; task engagement/completion where relevant,"Which part of this support helps you most when working with task initiation, organisation, time management or multi-step independent work? What should we keep, change or fade?",Teach the student how and when to use the support; prompt use before increasing direct assistance; fade prompts when evidence shows increasing independence.,working_draft
D2-A02-SUB-01B,General Tasks and Demands,Undertaking Tasks Independently,Substantial,"Regulation, engagement & independence",Classroom Teacher,Education Support Staff,,Reduce the number of steps,"initiate, organise, sustain and complete tasks",task initiation; organisation; time management; multi-step independent work,on most days or across most relevant tasks or settings,"Frequent, personalised; on most days/relevant settings",access and participation; prompt or assistance level; independent use of the support; task engagement/completion where relevant,"Which part of this support helps you most when working with task initiation, organisation, time management or multi-step independent work? What should we keep, change or fade?",Teach the student how and when to use the support; prompt use before increasing direct assistance; fade prompts when evidence shows increasing independence.,working_draft
D2-A02-SUB-01C,General Tasks and Demands,Undertaking Tasks Independently,Substantial,"Regulation, engagement & independence",Classroom Teacher,Education Support Staff,,Provide frequent prompts,"initiate, organise, sustain and complete tasks",task initiation; organisation; time management; multi-step independent work,on most days or across most relevant tasks or settings,"Frequent, personalised; on most days/relevant settings",access and participation; prompt or assistance level; independent use of the support; task engagement/completion where relevant,"Which part of this support helps you most when working with task initiation, organisation, time management or multi-step independent work? What should we keep, change or fade?",Teach the student how and when to use the support; prompt use before increasing direct assistance; fade prompts when evidence shows increasing independence.,working_draft
D2-A02-SUB-01D,General Tasks and Demands,Undertaking Tasks Independently,Substantial,"Regulation, engagement & independence",Classroom Teacher,Education Support Staff,,"Model the process, then return responsibility to {preferredName}","initiate, organise, sustain and complete tasks",task initiation; organisation; time management; multi-step independent work,on most days or across most relevant tasks or settings,"Frequent, personalised; on most days/relevant settings",access and participation; prompt or assistance level; independent use of the support; task engagement/completion where relevant,"Which part of this support helps you most when working with task initiation, organisation, time management or multi-step independent work? What should we keep, change or fade?",Teach the student how and when to use the support; prompt use before increasing direct assistance; fade prompts when evidence shows increasing independence.,working_draft
D2-A02-SUB-02A,General Tasks and Demands,Undertaking Tasks Independently,Substantial,"Regulation, engagement & independence",Classroom Teacher,Education Support Staff,,Support time management,"initiate, organise, sustain and complete tasks",task initiation; organisation; time management; multi-step independent work,on most days or across most relevant tasks or settings,"Frequent, personalised; on most days/relevant settings",access and participation; prompt or assistance level; independent use of the support; task engagement/completion where relevant,"Which part of this support helps you most when working with task initiation, organisation, time management or multi-step independent work? What should we keep, change or fade?",Teach the student how and when to use the support; prompt use before increasing direct assistance; fade prompts when evidence shows increasing independence.,working_draft
D2-A02-SUB-02B,General Tasks and Demands,Undertaking Tasks Independently,Substantial,"Regulation, engagement & independence",Classroom Teacher,Education Support Staff,,Organise the workspace,"initiate, organise, sustain and complete tasks",task initiation; organisation; time management; multi-step independent work,on most days or across most relevant tasks or settings,"Frequent, personalised; on most days/relevant settings",access and participation; prompt or assistance level; independent use of the support; task engagement/completion where relevant,"Which part of this support helps you most when working with task initiation, organisation, time management or multi-step independent work? What should we keep, change or fade?",Teach the student how and when to use the support; prompt use before increasing direct assistance; fade prompts when evidence shows increasing independence.,working_draft
D2-A02-SUB-02C,General Tasks and Demands,Undertaking Tasks Independently,Substantial,"Regulation, engagement & independence",Classroom Teacher,Education Support Staff,,Check progress throughout the task,"initiate, organise, sustain and complete tasks",task initiation; organisation; time management; multi-step independent work,on most days or across most relevant tasks or settings,"Frequent, personalised; on most days/relevant settings",access and participation; prompt or assistance level; independent use of the support; task engagement/completion where relevant,"Which part of this support helps you most when working with task initiation, organisation, time management or multi-step independent work? What should we keep, change or fade?",Teach the student how and when to use the support; prompt use before increasing direct assistance; fade prompts when evidence shows increasing independence.,working_draft
D2-A02-EXT-01A,General Tasks and Demands,Undertaking Tasks Independently,Extensive,"Regulation, engagement & independence",Classroom Teacher,Education Support Staff,,Organise the task into a clear sequence,"initiate, organise, sustain and complete tasks",task initiation; organisation; time management; multi-step independent work,consistently throughout the activity or across relevant settings in the school day,"Sustained, highly individualised; consistently across activity/settings",access and participation; prompt or assistance level; independent use of the support; task engagement/completion where relevant,"Which part of this support helps you most when working with task initiation, organisation, time management or multi-step independent work? What should we keep, change or fade?",Teach the student how and when to use the support; prompt use before increasing direct assistance; fade prompts when evidence shows increasing independence.,working_draft
D2-A02-EXT-01B,General Tasks and Demands,Undertaking Tasks Independently,Extensive,"Regulation, engagement & independence",Classroom Teacher,Education Support Staff,,Prepare the environment,"initiate, organise, sustain and complete tasks",task initiation; organisation; time management; multi-step independent work,consistently throughout the activity or across relevant settings in the school day,"Sustained, highly individualised; consistently across activity/settings",access and participation; prompt or assistance level; independent use of the support; task engagement/completion where relevant,"Which part of this support helps you most when working with task initiation, organisation, time management or multi-step independent work? What should we keep, change or fade?",Teach the student how and when to use the support; prompt use before increasing direct assistance; fade prompts when evidence shows increasing independence.,working_draft
D2-A02-EXT-01C,General Tasks and Demands,Undertaking Tasks Independently,Extensive,"Regulation, engagement & independence",Classroom Teacher,Education Support Staff,,Present one step at a time where this reduces overload,"initiate, organise, sustain and complete tasks",task initiation; organisation; time management; multi-step independent work,consistently throughout the activity or across relevant settings in the school day,"Sustained, highly individualised; consistently across activity/settings",access and participation; prompt or assistance level; independent use of the support; task engagement/completion where relevant,"Which part of this support helps you most when working with task initiation, organisation, time management or multi-step independent work? What should we keep, change or fade?",Teach the student how and when to use the support; prompt use before increasing direct assistance; fade prompts when evidence shows increasing independence.,working_draft
D2-A02-EXT-01D,General Tasks and Demands,Undertaking Tasks Independently,Extensive,"Regulation, engagement & independence",Classroom Teacher,Education Support Staff,,Provide sustained prompting,"initiate, organise, sustain and complete tasks",task initiation; organisation; time management; multi-step independent work,consistently throughout the activity or across relevant settings in the school day,"Sustained, highly individualised; consistently across activity/settings",access and participation; prompt or assistance level; independent use of the support; task engagement/completion where relevant,"Which part of this support helps you most when working with task initiation, organisation, time management or multi-step independent work? What should we keep, change or fade?",Teach the student how and when to use the support; prompt use before increasing direct assistance; fade prompts when evidence shows increasing independence.,working_draft
D2-A02-EXT-02A,General Tasks and Demands,Undertaking Tasks Independently,Extensive,"Regulation, engagement & independence",Classroom Teacher,Education Support Staff,,Assist with materials,"initiate, organise, sustain and complete tasks",task initiation; organisation; time management; multi-step independent work,consistently throughout the activity or across relevant settings in the school day,"Sustained, highly individualised; consistently across activity/settings",access and participation; prompt or assistance level; independent use of the support; task engagement/completion where relevant,"Which part of this support helps you most when working with task initiation, organisation, time management or multi-step independent work? What should we keep, change or fade?",Teach the student how and when to use the support; prompt use before increasing direct assistance; fade prompts when evidence shows increasing independence.,working_draft
D2-A02-EXT-02B,General Tasks and Demands,Undertaking Tasks Independently,Extensive,"Regulation, engagement & independence",Classroom Teacher,Education Support Staff,,Complete parts of the task where needed,"initiate, organise, sustain and complete tasks",task initiation; organisation; time management; multi-step independent work,consistently throughout the activity or across relevant settings in the school day,"Sustained, highly individualised; consistently across activity/settings",access and participation; prompt or assistance level; independent use of the support; task engagement/completion where relevant,"Which part of this support helps you most when working with task initiation, organisation, time management or multi-step independent work? What should we keep, change or fade?",Teach the student how and when to use the support; prompt use before increasing direct assistance; fade prompts when evidence shows increasing independence.,working_draft
D2-A02-EXT-02C,General Tasks and Demands,Undertaking Tasks Independently,Extensive,"Regulation, engagement & independence",Classroom Teacher,Education Support Staff,,Support {preferredName} to remain engaged,"initiate, organise, sustain and complete tasks",task initiation; organisation; time management; multi-step independent work,consistently throughout the activity or across relevant settings in the school day,"Sustained, highly individualised; consistently across activity/settings",access and participation; prompt or assistance level; independent use of the support; task engagement/completion where relevant,"Which part of this support helps you most when working with task initiation, organisation, time management or multi-step independent work? What should we keep, change or fade?",Teach the student how and when to use the support; prompt use before increasing direct assistance; fade prompts when evidence shows increasing independence.,working_draft
D2-A03-PE-01,General Tasks and Demands,Handling Stress and Other Psychological Demands,Present Environment,Assessment & demonstrating learning,Classroom Teacher,,,Maintain ordinary accessible supports and resources in the setting,"access assessment, time limits, unexpected change or sensory or social demands",assessment; time limits; unexpected change; sensory or social demands,as part of everyday practice,Ordinary supports/resources available in the setting,access and participation; prompt or assistance level; independent use of the support; task engagement/completion where relevant,"Which part of this support helps you most when working with assessment, time limits, unexpected change or sensory or social demands? What should we keep, change or fade?",Teach the student how and when to use the support; prompt use before increasing direct assistance; fade prompts when evidence shows increasing independence.,working_draft
D2-A03-DT-01A,General Tasks and Demands,Handling Stress and Other Psychological Demands,Differentiated Teaching,Assessment & demonstrating learning,Classroom Teacher,Education Support Staff,,Use brief prompts,participate in learning while managing stress and psychological demands,assessment; time limits; unexpected change; sensory or social demands,as needed during relevant tasks or routines,"Brief, occasional; within usual classroom practice",access and participation; prompt or assistance level; independent use of the support; task engagement/completion where relevant,"Which part of this support helps you most when working with assessment, time limits, unexpected change or sensory or social demands? What should we keep, change or fade?",Teach the student how and when to use the support; prompt use before increasing direct assistance; fade prompts when evidence shows increasing independence.,working_draft
D2-A03-DT-01B,General Tasks and Demands,Handling Stress and Other Psychological Demands,Differentiated Teaching,Assessment & demonstrating learning,Classroom Teacher,Education Support Staff,,Clarify expectations using concrete language,participate in learning while managing stress and psychological demands,assessment; time limits; unexpected change; sensory or social demands,as needed during relevant tasks or routines,"Brief, occasional; within usual classroom practice",access and participation; prompt or assistance level; independent use of the support; task engagement/completion where relevant,"Which part of this support helps you most when working with assessment, time limits, unexpected change or sensory or social demands? What should we keep, change or fade?",Teach the student how and when to use the support; prompt use before increasing direct assistance; fade prompts when evidence shows increasing independence.,working_draft
D2-A03-DT-01C,General Tasks and Demands,Handling Stress and Other Psychological Demands,Differentiated Teaching,Assessment & demonstrating learning,Classroom Teacher,Education Support Staff,,Remind {preferredName} to use an agreed known strategy before providing more direct support,participate in learning while managing stress and psychological demands,assessment; time limits; unexpected change; sensory or social demands,as needed during relevant tasks or routines,"Brief, occasional; within usual classroom practice",access and participation; prompt or assistance level; independent use of the support; task engagement/completion where relevant,"Which part of this support helps you most when working with assessment, time limits, unexpected change or sensory or social demands? What should we keep, change or fade?",Teach the student how and when to use the support; prompt use before increasing direct assistance; fade prompts when evidence shows increasing independence.,working_draft
D2-A03-DT-01D,General Tasks and Demands,Handling Stress and Other Psychological Demands,Differentiated Teaching,Assessment & demonstrating learning,Classroom Teacher,Education Support Staff,,Provide access to ordinary class-based supports,participate in learning while managing stress and psychological demands,assessment; time limits; unexpected change; sensory or social demands,as needed during relevant tasks or routines,"Brief, occasional; within usual classroom practice",access and participation; prompt or assistance level; independent use of the support; task engagement/completion where relevant,"Which part of this support helps you most when working with assessment, time limits, unexpected change or sensory or social demands? What should we keep, change or fade?",Teach the student how and when to use the support; prompt use before increasing direct assistance; fade prompts when evidence shows increasing independence.,working_draft
D2-A03-SUP-01A,General Tasks and Demands,Handling Stress and Other Psychological Demands,Supplementary,Assessment & demonstrating learning,Classroom Teacher,Education Support Staff,,Reduce task volume while preserving the intended learning level unless curriculum modification is documented,participate in learning while managing stress and psychological demands,assessment; time limits; unexpected change; sensory or social demands,at specific times through the week or in identified tasks or settings,"Regular, planned and personalised; at specific times/settings",access and participation; prompt or assistance level; independent use of the support; task engagement/completion where relevant,"Which part of this support helps you most when working with assessment, time limits, unexpected change or sensory or social demands? What should we keep, change or fade?",Teach the student how and when to use the support; prompt use before increasing direct assistance; fade prompts when evidence shows increasing independence.,working_draft
D2-A03-SUP-01B,General Tasks and Demands,Handling Stress and Other Psychological Demands,Supplementary,Assessment & demonstrating learning,Classroom Teacher,Education Support Staff,,Allow additional time matched to the identified access need,participate in learning while managing stress and psychological demands,assessment; time limits; unexpected change; sensory or social demands,at specific times through the week or in identified tasks or settings,"Regular, planned and personalised; at specific times/settings",access and participation; prompt or assistance level; independent use of the support; task engagement/completion where relevant,"Which part of this support helps you most when working with assessment, time limits, unexpected change or sensory or social demands? What should we keep, change or fade?",Teach the student how and when to use the support; prompt use before increasing direct assistance; fade prompts when evidence shows increasing independence.,working_draft
D2-A03-SUP-01C,General Tasks and Demands,Handling Stress and Other Psychological Demands,Supplementary,Assessment & demonstrating learning,Classroom Teacher,Education Support Staff,,State expectations explicitly and concretely,participate in learning while managing stress and psychological demands,assessment; time limits; unexpected change; sensory or social demands,at specific times through the week or in identified tasks or settings,"Regular, planned and personalised; at specific times/settings",access and participation; prompt or assistance level; independent use of the support; task engagement/completion where relevant,"Which part of this support helps you most when working with assessment, time limits, unexpected change or sensory or social demands? What should we keep, change or fade?",Teach the student how and when to use the support; prompt use before increasing direct assistance; fade prompts when evidence shows increasing independence.,working_draft
D2-A03-SUP-01D,General Tasks and Demands,Handling Stress and Other Psychological Demands,Supplementary,Assessment & demonstrating learning,Classroom Teacher,Education Support Staff,,Provide visual supports,participate in learning while managing stress and psychological demands,assessment; time limits; unexpected change; sensory or social demands,at specific times through the week or in identified tasks or settings,"Regular, planned and personalised; at specific times/settings",access and participation; prompt or assistance level; independent use of the support; task engagement/completion where relevant,"Which part of this support helps you most when working with assessment, time limits, unexpected change or sensory or social demands? What should we keep, change or fade?",Teach the student how and when to use the support; prompt use before increasing direct assistance; fade prompts when evidence shows increasing independence.,working_draft
D2-A03-SUP-02A,General Tasks and Demands,Handling Stress and Other Psychological Demands,Supplementary,Assessment & demonstrating learning,Classroom Teacher,Education Support Staff,,Provide planned regulation or movement breaks,participate in learning while managing stress and psychological demands,assessment; time limits; unexpected change; sensory or social demands,at specific times through the week or in identified tasks or settings,"Regular, planned and personalised; at specific times/settings",access and participation; prompt or assistance level; independent use of the support; task engagement/completion where relevant,"Which part of this support helps you most when working with assessment, time limits, unexpected change or sensory or social demands? What should we keep, change or fade?",Teach the student how and when to use the support; prompt use before increasing direct assistance; fade prompts when evidence shows increasing independence.,working_draft
D2-A03-SUP-02B,General Tasks and Demands,Handling Stress and Other Psychological Demands,Supplementary,Assessment & demonstrating learning,Classroom Teacher,Education Support Staff,,Apply the documented assessment access conditions,participate in learning while managing stress and psychological demands,assessment; time limits; unexpected change; sensory or social demands,at specific times through the week or in identified tasks or settings,"Regular, planned and personalised; at specific times/settings",access and participation; prompt or assistance level; independent use of the support; task engagement/completion where relevant,"Which part of this support helps you most when working with assessment, time limits, unexpected change or sensory or social demands? What should we keep, change or fade?",Teach the student how and when to use the support; prompt use before increasing direct assistance; fade prompts when evidence shows increasing independence.,working_draft
D2-A03-SUP-02C,General Tasks and Demands,Handling Stress and Other Psychological Demands,Supplementary,Assessment & demonstrating learning,Classroom Teacher,Education Support Staff,,Explicitly teach and cue targeted coping strategies,participate in learning while managing stress and psychological demands,assessment; time limits; unexpected change; sensory or social demands,at specific times through the week or in identified tasks or settings,"Regular, planned and personalised; at specific times/settings",access and participation; prompt or assistance level; independent use of the support; task engagement/completion where relevant,"Which part of this support helps you most when working with assessment, time limits, unexpected change or sensory or social demands? What should we keep, change or fade?",Teach the student how and when to use the support; prompt use before increasing direct assistance; fade prompts when evidence shows increasing independence.,working_draft
D2-A03-SUB-01A,General Tasks and Demands,Handling Stress and Other Psychological Demands,Substantial,"Regulation, engagement & independence",Classroom Teacher,,,Maintain predictable routines and clearly signal changes in advance whenever possible,prepare for changes and maintain engagement,school routines and transitions,across the school week,"Frequent, personalised; on most days/relevant settings",access and participation; prompt or assistance level; independent use of the support; task engagement/completion where relevant,"Which part of this support helps you most when working with school routines and transitions? What should we keep, change or fade?",Teach the student how and when to use the support; prompt use before increasing direct assistance; fade prompts when evidence shows increasing independence.,working_draft
D2-A03-SUB-01B,General Tasks and Demands,Handling Stress and Other Psychological Demands,Substantial,"Regulation, engagement & independence",Classroom Teacher,,,"Pre-warn {preferredName} of planned changes using clear, concrete information",prepare for changes with greater confidence,planned changes,as early as practicable,"Frequent, personalised; on most days/relevant settings",access and participation; prompt or assistance level; independent use of the support; task engagement/completion where relevant,"Which part of this support helps you most when working with planned changes? What should we keep, change or fade?",Teach the student how and when to use the support; prompt use before increasing direct assistance; fade prompts when evidence shows increasing independence.,working_draft
D2-A03-SUB-01C,General Tasks and Demands,Handling Stress and Other Psychological Demands,Substantial,"Regulation, engagement & independence",Classroom Teacher,,,State expectations clearly and concretely before high-demand tasks or transitions,understand what is expected,high-demand tasks and transitions,before each identified situation,"Frequent, personalised; on most days/relevant settings",access and participation; prompt or assistance level; independent use of the support; task engagement/completion where relevant,"Which part of this support helps you most when working with high-demand tasks and transitions? What should we keep, change or fade?",Teach the student how and when to use the support; prompt use before increasing direct assistance; fade prompts when evidence shows increasing independence.,working_draft
D2-A03-SUB-01D,General Tasks and Demands,Handling Stress and Other Psychological Demands,Substantial,"Regulation, engagement & independence",Classroom Teacher,Education Support Staff,,Provide planned access to an agreed calm or low-stimulus space or regulation break,regulate and return to participation,high-demand tasks and transitions,across the school week as agreed,"Frequent, personalised; on most days/relevant settings",access and participation; prompt or assistance level; independent use of the support; task engagement/completion where relevant,"Which part of this support helps you most when working with high-demand tasks and transitions? What should we keep, change or fade?",Teach the student how and when to use the support; prompt use before increasing direct assistance; fade prompts when evidence shows increasing independence.,working_draft
D2-A03-SUB-01E,General Tasks and Demands,Handling Stress and Other Psychological Demands,Substantial,"Regulation, engagement & independence",Classroom Teacher,Education Support Staff,,Provide co-regulation during identified high-demand tasks or transitions according to the agreed plan,regulate and re-engage safely,identified high-demand tasks and transitions,when required,"Frequent, personalised; on most days/relevant settings",access and participation; prompt or assistance level; independent use of the support; task engagement/completion where relevant,"Which part of this support helps you most when working with identified high-demand tasks and transitions? What should we keep, change or fade?",Teach the student how and when to use the support; prompt use before increasing direct assistance; fade prompts when evidence shows increasing independence.,working_draft
D2-A03-SUB-02A,General Tasks and Demands,Handling Stress and Other Psychological Demands,Substantial,Assessment & demonstrating learning,Classroom Teacher,,,Apply documented additional time for assessments where time pressure creates an access barrier,demonstrate learning with adequate processing time,relevant assessments,every relevant assessment,"Frequent, personalised; on most days/relevant settings",access and participation; prompt or assistance level; independent use of the support; task engagement/completion where relevant,"Which part of this support helps you most when working with relevant assessments? What should we keep, change or fade?",Teach the student how and when to use the support; prompt use before increasing direct assistance; fade prompts when evidence shows increasing independence.,working_draft
D2-A03-SUB-02B,General Tasks and Demands,Handling Stress and Other Psychological Demands,Substantial,Assessment & demonstrating learning,Classroom Teacher,,,Provide planned breaks during assessments where sustained demand creates an access barrier,maintain regulation and participation,relevant assessments,every relevant assessment,"Frequent, personalised; on most days/relevant settings",access and participation; prompt or assistance level; independent use of the support; task engagement/completion where relevant,"Which part of this support helps you most when working with relevant assessments? What should we keep, change or fade?",Teach the student how and when to use the support; prompt use before increasing direct assistance; fade prompts when evidence shows increasing independence.,working_draft
D2-A03-SUB-02C,General Tasks and Demands,Handling Stress and Other Psychological Demands,Substantial,Assessment & demonstrating learning,Classroom Teacher,,,Provide a quieter or low-distraction assessment setting where sensory demand creates an access barrier,demonstrate learning with reduced sensory load,relevant assessments,every relevant assessment,"Frequent, personalised; on most days/relevant settings",access and participation; prompt or assistance level; independent use of the support; task engagement/completion where relevant,"Which part of this support helps you most when working with relevant assessments? What should we keep, change or fade?",Teach the student how and when to use the support; prompt use before increasing direct assistance; fade prompts when evidence shows increasing independence.,working_draft
D2-A03-SUB-02D,General Tasks and Demands,Handling Stress and Other Psychological Demands,Substantial,Assessment & demonstrating learning,Classroom Teacher,,,"Reduce task volume at the same learning level where volume, rather than the intended learning, is the access barrier",demonstrate the intended learning without unnecessary volume,relevant assessments,every relevant assessment,"Frequent, personalised; on most days/relevant settings",access and participation; prompt or assistance level; independent use of the support; task engagement/completion where relevant,"Which part of this support helps you most when working with relevant assessments? What should we keep, change or fade?",Teach the student how and when to use the support; prompt use before increasing direct assistance; fade prompts when evidence shows increasing independence.,working_draft
D2-A03-SUB-03A,General Tasks and Demands,Handling Stress and Other Psychological Demands,Substantial,Assessment & demonstrating learning,Classroom Teacher,Education Support Staff,,"Pre-teach the identified information, vocabulary or skill before the task",participate in learning while managing stress and psychological demands,assessment; time limits; unexpected change; sensory or social demands,on most days or across most relevant tasks or settings,"Frequent, personalised; on most days/relevant settings",access and participation; prompt or assistance level; independent use of the support; task engagement/completion where relevant,"Which part of this support helps you most when working with assessment, time limits, unexpected change or sensory or social demands? What should we keep, change or fade?",Teach the student how and when to use the support; prompt use before increasing direct assistance; fade prompts when evidence shows increasing independence.,working_draft
D2-A03-SUB-03B,General Tasks and Demands,Handling Stress and Other Psychological Demands,Substantial,Assessment & demonstrating learning,Classroom Teacher,Education Support Staff,,Reduce task volume while preserving the intended learning level unless curriculum modification is documented,participate in learning while managing stress and psychological demands,assessment; time limits; unexpected change; sensory or social demands,on most days or across most relevant tasks or settings,"Frequent, personalised; on most days/relevant settings",access and participation; prompt or assistance level; independent use of the support; task engagement/completion where relevant,"Which part of this support helps you most when working with assessment, time limits, unexpected change or sensory or social demands? What should we keep, change or fade?",Teach the student how and when to use the support; prompt use before increasing direct assistance; fade prompts when evidence shows increasing independence.,working_draft
D2-A03-SUB-03C,General Tasks and Demands,Handling Stress and Other Psychological Demands,Substantial,Assessment & demonstrating learning,Classroom Teacher,Education Support Staff,,Modify expectations,participate in learning while managing stress and psychological demands,assessment; time limits; unexpected change; sensory or social demands,on most days or across most relevant tasks or settings,"Frequent, personalised; on most days/relevant settings",access and participation; prompt or assistance level; independent use of the support; task engagement/completion where relevant,"Which part of this support helps you most when working with assessment, time limits, unexpected change or sensory or social demands? What should we keep, change or fade?",Teach the student how and when to use the support; prompt use before increasing direct assistance; fade prompts when evidence shows increasing independence.,working_draft
D2-A03-SUB-03D,General Tasks and Demands,Handling Stress and Other Psychological Demands,Substantial,Assessment & demonstrating learning,Classroom Teacher,Education Support Staff,,Maintain predictable routines,participate in learning while managing stress and psychological demands,assessment; time limits; unexpected change; sensory or social demands,on most days or across most relevant tasks or settings,"Frequent, personalised; on most days/relevant settings",access and participation; prompt or assistance level; independent use of the support; task engagement/completion where relevant,"Which part of this support helps you most when working with assessment, time limits, unexpected change or sensory or social demands? What should we keep, change or fade?",Teach the student how and when to use the support; prompt use before increasing direct assistance; fade prompts when evidence shows increasing independence.,working_draft
D2-A03-SUB-04A,General Tasks and Demands,Handling Stress and Other Psychological Demands,Substantial,Assessment & demonstrating learning,Classroom Teacher,Education Support Staff,,Provide planned access to an agreed low-stimulus or calm space,participate in learning while managing stress and psychological demands,assessment; time limits; unexpected change; sensory or social demands,on most days or across most relevant tasks or settings,"Frequent, personalised; on most days/relevant settings",access and participation; prompt or assistance level; independent use of the support; task engagement/completion where relevant,"Which part of this support helps you most when working with assessment, time limits, unexpected change or sensory or social demands? What should we keep, change or fade?",Teach the student how and when to use the support; prompt use before increasing direct assistance; fade prompts when evidence shows increasing independence.,working_draft
D2-A03-SUB-04B,General Tasks and Demands,Handling Stress and Other Psychological Demands,Substantial,Assessment & demonstrating learning,Classroom Teacher,Education Support Staff,,Provide planned regulation or movement breaks,participate in learning while managing stress and psychological demands,assessment; time limits; unexpected change; sensory or social demands,on most days or across most relevant tasks or settings,"Frequent, personalised; on most days/relevant settings",access and participation; prompt or assistance level; independent use of the support; task engagement/completion where relevant,"Which part of this support helps you most when working with assessment, time limits, unexpected change or sensory or social demands? What should we keep, change or fade?",Teach the student how and when to use the support; prompt use before increasing direct assistance; fade prompts when evidence shows increasing independence.,working_draft
D2-A03-SUB-04C,General Tasks and Demands,Handling Stress and Other Psychological Demands,Substantial,Assessment & demonstrating learning,Classroom Teacher,Education Support Staff,,Provide or allow alternative assessment arrangements and explicit coping strategies,participate in learning while managing stress and psychological demands,assessment; time limits; unexpected change; sensory or social demands,on most days or across most relevant tasks or settings,"Frequent, personalised; on most days/relevant settings",access and participation; prompt or assistance level; independent use of the support; task engagement/completion where relevant,"Which part of this support helps you most when working with assessment, time limits, unexpected change or sensory or social demands? What should we keep, change or fade?",Teach the student how and when to use the support; prompt use before increasing direct assistance; fade prompts when evidence shows increasing independence.,working_draft
D2-A03-EXT-01A,General Tasks and Demands,Handling Stress and Other Psychological Demands,Extensive,Assessment & demonstrating learning,Classroom Teacher,Education Support Staff,,Closely monitor signs of distress,participate in learning while managing stress and psychological demands,assessment; time limits; unexpected change; sensory or social demands,consistently throughout the activity or across relevant settings in the school day,"Sustained, highly individualised; consistently across activity/settings",access and participation; prompt or assistance level; independent use of the support; task engagement/completion where relevant,"Which part of this support helps you most when working with assessment, time limits, unexpected change or sensory or social demands? What should we keep, change or fade?",Teach the student how and when to use the support; prompt use before increasing direct assistance; fade prompts when evidence shows increasing independence.,working_draft
D2-A03-EXT-01B,General Tasks and Demands,Handling Stress and Other Psychological Demands,Extensive,Assessment & demonstrating learning,Classroom Teacher,Education Support Staff,,Modify demands,participate in learning while managing stress and psychological demands,assessment; time limits; unexpected change; sensory or social demands,consistently throughout the activity or across relevant settings in the school day,"Sustained, highly individualised; consistently across activity/settings",access and participation; prompt or assistance level; independent use of the support; task engagement/completion where relevant,"Which part of this support helps you most when working with assessment, time limits, unexpected change or sensory or social demands? What should we keep, change or fade?",Teach the student how and when to use the support; prompt use before increasing direct assistance; fade prompts when evidence shows increasing independence.,working_draft
D2-A03-EXT-01C,General Tasks and Demands,Handling Stress and Other Psychological Demands,Extensive,Assessment & demonstrating learning,Classroom Teacher,Education Support Staff,,Provide immediate co-regulation,participate in learning while managing stress and psychological demands,assessment; time limits; unexpected change; sensory or social demands,consistently throughout the activity or across relevant settings in the school day,"Sustained, highly individualised; consistently across activity/settings",access and participation; prompt or assistance level; independent use of the support; task engagement/completion where relevant,"Which part of this support helps you most when working with assessment, time limits, unexpected change or sensory or social demands? What should we keep, change or fade?",Teach the student how and when to use the support; prompt use before increasing direct assistance; fade prompts when evidence shows increasing independence.,working_draft
D2-A03-EXT-01D,General Tasks and Demands,Handling Stress and Other Psychological Demands,Extensive,Assessment & demonstrating learning,Classroom Teacher,Education Support Staff,,Provide and support access to the agreed safe or calm space,participate in learning while managing stress and psychological demands,assessment; time limits; unexpected change; sensory or social demands,consistently throughout the activity or across relevant settings in the school day,"Sustained, highly individualised; consistently across activity/settings",access and participation; prompt or assistance level; independent use of the support; task engagement/completion where relevant,"Which part of this support helps you most when working with assessment, time limits, unexpected change or sensory or social demands? What should we keep, change or fade?",Teach the student how and when to use the support; prompt use before increasing direct assistance; fade prompts when evidence shows increasing independence.,working_draft
D2-A03-EXT-02A,General Tasks and Demands,Handling Stress and Other Psychological Demands,Extensive,Assessment & demonstrating learning,Classroom Teacher,Education Support Staff,,Provide calm space,participate in learning while managing stress and psychological demands,assessment; time limits; unexpected change; sensory or social demands,consistently throughout the activity or across relevant settings in the school day,"Sustained, highly individualised; consistently across activity/settings",access and participation; prompt or assistance level; independent use of the support; task engagement/completion where relevant,"Which part of this support helps you most when working with assessment, time limits, unexpected change or sensory or social demands? What should we keep, change or fade?",Teach the student how and when to use the support; prompt use before increasing direct assistance; fade prompts when evidence shows increasing independence.,working_draft
D2-A03-EXT-02B,General Tasks and Demands,Handling Stress and Other Psychological Demands,Extensive,Assessment & demonstrating learning,Classroom Teacher,Education Support Staff,,Implement the documented safety or support plan,participate in learning while managing stress and psychological demands,assessment; time limits; unexpected change; sensory or social demands,consistently throughout the activity or across relevant settings in the school day,"Sustained, highly individualised; consistently across activity/settings",implementation as documented; safety/health observations required by the plan; participation and dignity; issues escalated according to the plan,"Which part of this support helps you most when working with assessment, time limits, unexpected change or sensory or social demands? What should we keep, change or fade?",Follow the documented plan and do not fade safety-critical assistance except through formal review.,working_draft
D2-A03-EXT-02C,General Tasks and Demands,Handling Stress and Other Psychological Demands,Extensive,Assessment & demonstrating learning,Classroom Teacher,Education Support Staff,,Provide alternative ways for {preferredName} to engage while preserving the intended learning or participation goal,participate in learning while managing stress and psychological demands,assessment; time limits; unexpected change; sensory or social demands,consistently throughout the activity or across relevant settings in the school day,"Sustained, highly individualised; consistently across activity/settings",access and participation; prompt or assistance level; independent use of the support; task engagement/completion where relevant,"Which part of this support helps you most when working with assessment, time limits, unexpected change or sensory or social demands? What should we keep, change or fade?",Teach the student how and when to use the support; prompt use before increasing direct assistance; fade prompts when evidence shows increasing independence.,working_draft
D2-A03-EXT-03,General Tasks and Demands,Handling Stress and Other Psychological Demands,Extensive,Assessment & demonstrating learning,Classroom Teacher,Education Support Staff,,Provide an agreed way for {preferredName} to demonstrate learning without changing the intended learning unless modification is documented,participate in learning while managing stress and psychological demands,assessment; time limits; unexpected change; sensory or social demands,consistently throughout the activity or across relevant settings in the school day,"Sustained, highly individualised; consistently across activity/settings",access and participation; prompt or assistance level; independent use of the support; task engagement/completion where relevant,"Which part of this support helps you most when working with assessment, time limits, unexpected change or sensory or social demands? What should we keep, change or fade?",Teach the student how and when to use the support; prompt use before increasing direct assistance; fade prompts when evidence shows increasing independence.,working_draft
D2-A04-PE-01,General Tasks and Demands,Managing One’s Own Behaviour,Present Environment,"Regulation, engagement & independence",Classroom Teacher,,,Maintain ordinary accessible supports and resources in the setting,"access transitions, new situations, changes or emotionally demanding interactions",transitions; new situations; changes; emotionally demanding interactions,as part of everyday practice,Ordinary supports/resources available in the setting,access and participation; prompt or assistance level; independent use of the support; task engagement/completion where relevant,"Which part of this support helps you most when working with transitions, new situations, changes or emotionally demanding interactions? What should we keep, change or fade?",Teach the student how and when to use the support; prompt use before increasing direct assistance; fade prompts when evidence shows increasing independence.,working_draft
D2-A04-DT-01,General Tasks and Demands,Managing One’s Own Behaviour,Differentiated Teaching,"Regulation, engagement & independence",Classroom Teacher,Education Support Staff,,Provide agreed classroom supports matched to the activity,"remain safe, regulated and able to participate",transitions; new situations; changes; emotionally demanding interactions,as needed during relevant tasks or routines,"Brief, occasional; within usual classroom practice",access and participation; prompt or assistance level; independent use of the support; task engagement/completion where relevant,"Which part of this support helps you most when working with transitions, new situations, changes or emotionally demanding interactions? What should we keep, change or fade?",Teach the student how and when to use the support; prompt use before increasing direct assistance; fade prompts when evidence shows increasing independence.,working_draft
D2-A04-SUP-01A,General Tasks and Demands,Managing One’s Own Behaviour,Supplementary,"Regulation, engagement & independence",Classroom Teacher,Education Support Staff,,Use pre-correction,"remain safe, regulated and able to participate",transitions; new situations; changes; emotionally demanding interactions,at specific times through the week or in identified tasks or settings,"Regular, planned and personalised; at specific times/settings",access and participation; prompt or assistance level; independent use of the support; task engagement/completion where relevant,"Which part of this support helps you most when working with transitions, new situations, changes or emotionally demanding interactions? What should we keep, change or fade?",Teach the student how and when to use the support; prompt use before increasing direct assistance; fade prompts when evidence shows increasing independence.,working_draft
D2-A04-SUP-01B,General Tasks and Demands,Managing One’s Own Behaviour,Supplementary,"Regulation, engagement & independence",Classroom Teacher,Education Support Staff,,Provide visual supports,"remain safe, regulated and able to participate",transitions; new situations; changes; emotionally demanding interactions,at specific times through the week or in identified tasks or settings,"Regular, planned and personalised; at specific times/settings",access and participation; prompt or assistance level; independent use of the support; task engagement/completion where relevant,"Which part of this support helps you most when working with transitions, new situations, changes or emotionally demanding interactions? What should we keep, change or fade?",Teach the student how and when to use the support; prompt use before increasing direct assistance; fade prompts when evidence shows increasing independence.,working_draft
D2-A04-SUP-01C,General Tasks and Demands,Managing One’s Own Behaviour,Supplementary,"Regulation, engagement & independence",Classroom Teacher,Education Support Staff,,Provide and rehearse a social script for the identified situation,"remain safe, regulated and able to participate",transitions; new situations; changes; emotionally demanding interactions,at specific times through the week or in identified tasks or settings,"Regular, planned and personalised; at specific times/settings",access and participation; prompt or assistance level; independent use of the support; task engagement/completion where relevant,"Which part of this support helps you most when working with transitions, new situations, changes or emotionally demanding interactions? What should we keep, change or fade?",Teach the student how and when to use the support; prompt use before increasing direct assistance; fade prompts when evidence shows increasing independence.,working_draft
D2-A04-SUP-01D,General Tasks and Demands,Managing One’s Own Behaviour,Supplementary,"Regulation, engagement & independence",Classroom Teacher,Education Support Staff,,Explicitly teach and practise an agreed replacement behaviour,"remain safe, regulated and able to participate",transitions; new situations; changes; emotionally demanding interactions,at specific times through the week or in identified tasks or settings,"Regular, planned and personalised; at specific times/settings",access and participation; prompt or assistance level; independent use of the support; task engagement/completion where relevant,"Which part of this support helps you most when working with transitions, new situations, changes or emotionally demanding interactions? What should we keep, change or fade?",Teach the student how and when to use the support; prompt use before increasing direct assistance; fade prompts when evidence shows increasing independence.,working_draft
D2-A04-SUP-02A,General Tasks and Demands,Managing One’s Own Behaviour,Supplementary,"Regulation, engagement & independence",Classroom Teacher,Education Support Staff,,"Use calm, brief reminders of the agreed strategy or expectation","remain safe, regulated and able to participate",transitions; new situations; changes; emotionally demanding interactions,at specific times through the week or in identified tasks or settings,"Regular, planned and personalised; at specific times/settings",access and participation; prompt or assistance level; independent use of the support; task engagement/completion where relevant,"Which part of this support helps you most when working with transitions, new situations, changes or emotionally demanding interactions? What should we keep, change or fade?",Teach the student how and when to use the support; prompt use before increasing direct assistance; fade prompts when evidence shows increasing independence.,working_draft
D2-A04-SUP-02B,General Tasks and Demands,Managing One’s Own Behaviour,Supplementary,"Regulation, engagement & independence",Classroom Teacher,Education Support Staff,,Apply the agreed environmental adjustments,"remain safe, regulated and able to participate",transitions; new situations; changes; emotionally demanding interactions,at specific times through the week or in identified tasks or settings,"Regular, planned and personalised; at specific times/settings",access and participation; prompt or assistance level; independent use of the support; task engagement/completion where relevant,"Which part of this support helps you most when working with transitions, new situations, changes or emotionally demanding interactions? What should we keep, change or fade?",Teach the student how and when to use the support; prompt use before increasing direct assistance; fade prompts when evidence shows increasing independence.,working_draft
D2-A04-SUP-02C,General Tasks and Demands,Managing One’s Own Behaviour,Supplementary,"Regulation, engagement & independence",Classroom Teacher,Education Support Staff,,Provide planned opportunities to practise explicitly taught expected behaviours,"remain safe, regulated and able to participate",transitions; new situations; changes; emotionally demanding interactions,at specific times through the week or in identified tasks or settings,"Regular, planned and personalised; at specific times/settings",access and participation; prompt or assistance level; independent use of the support; task engagement/completion where relevant,"Which part of this support helps you most when working with transitions, new situations, changes or emotionally demanding interactions? What should we keep, change or fade?",Teach the student how and when to use the support; prompt use before increasing direct assistance; fade prompts when evidence shows increasing independence.,working_draft
D2-A04-SUB-01A,General Tasks and Demands,Managing One’s Own Behaviour,Substantial,"Regulation, engagement & independence",Classroom Teacher,Education Support Staff,,Provide structured routines,"remain safe, regulated and able to participate",transitions; new situations; changes; emotionally demanding interactions,on most days or across most relevant tasks or settings,"Frequent, personalised; on most days/relevant settings",access and participation; prompt or assistance level; independent use of the support; task engagement/completion where relevant,"Which part of this support helps you most when working with transitions, new situations, changes or emotionally demanding interactions? What should we keep, change or fade?",Teach the student how and when to use the support; prompt use before increasing direct assistance; fade prompts when evidence shows increasing independence.,working_draft
D2-A04-SUB-01B,General Tasks and Demands,Managing One’s Own Behaviour,Substantial,"Regulation, engagement & independence",Classroom Teacher,Education Support Staff,,Explicitly teach and practise an agreed replacement behaviour,"remain safe, regulated and able to participate",transitions; new situations; changes; emotionally demanding interactions,on most days or across most relevant tasks or settings,"Frequent, personalised; on most days/relevant settings",access and participation; prompt or assistance level; independent use of the support; task engagement/completion where relevant,"Which part of this support helps you most when working with transitions, new situations, changes or emotionally demanding interactions? What should we keep, change or fade?",Teach the student how and when to use the support; prompt use before increasing direct assistance; fade prompts when evidence shows increasing independence.,working_draft
D2-A04-SUB-01C,General Tasks and Demands,Managing One’s Own Behaviour,Substantial,"Regulation, engagement & independence",Classroom Teacher,Education Support Staff,,Apply the agreed environmental adjustments,"remain safe, regulated and able to participate",transitions; new situations; changes; emotionally demanding interactions,on most days or across most relevant tasks or settings,"Frequent, personalised; on most days/relevant settings",access and participation; prompt or assistance level; independent use of the support; task engagement/completion where relevant,"Which part of this support helps you most when working with transitions, new situations, changes or emotionally demanding interactions? What should we keep, change or fade?",Teach the student how and when to use the support; prompt use before increasing direct assistance; fade prompts when evidence shows increasing independence.,working_draft
D2-A04-SUB-01D,General Tasks and Demands,Managing One’s Own Behaviour,Substantial,"Regulation, engagement & independence",Classroom Teacher,Education Support Staff,,Provide an agreed safe break option and reinforce explicitly taught expected behaviours,"remain safe, regulated and able to participate",transitions; new situations; changes; emotionally demanding interactions,on most days or across most relevant tasks or settings,"Frequent, personalised; on most days/relevant settings",access and participation; prompt or assistance level; independent use of the support; task engagement/completion where relevant,"Which part of this support helps you most when working with transitions, new situations, changes or emotionally demanding interactions? What should we keep, change or fade?",Teach the student how and when to use the support; prompt use before increasing direct assistance; fade prompts when evidence shows increasing independence.,working_draft
D2-A04-EXT-01A,General Tasks and Demands,Managing One’s Own Behaviour,Extensive,"Regulation, engagement & independence",Classroom Teacher,Education Support Staff,,Implement the documented Behaviour Support Plan,"remain safe, regulated and able to participate",transitions; new situations; changes; emotionally demanding interactions,consistently throughout the activity or across relevant settings in the school day,"Sustained, highly individualised; consistently across activity/settings",access and participation; prompt or assistance level; independent use of the support; task engagement/completion where relevant,"Which part of this support helps you most when working with transitions, new situations, changes or emotionally demanding interactions? What should we keep, change or fade?",Teach the student how and when to use the support; prompt use before increasing direct assistance; fade prompts when evidence shows increasing independence.,working_draft
D2-A04-EXT-01B,General Tasks and Demands,Managing One’s Own Behaviour,Extensive,"Regulation, engagement & independence",Classroom Teacher,Education Support Staff,,Implement the documented Risk Management Plan,"remain safe, regulated and able to participate",transitions; new situations; changes; emotionally demanding interactions,consistently throughout the activity or across relevant settings in the school day,"Sustained, highly individualised; consistently across activity/settings",implementation as documented; safety/health observations required by the plan; participation and dignity; issues escalated according to the plan,"Which part of this support helps you most when working with transitions, new situations, changes or emotionally demanding interactions? What should we keep, change or fade?",Follow the documented plan and do not fade safety-critical assistance except through formal review.,working_draft
D2-A04-EXT-01C,General Tasks and Demands,Managing One’s Own Behaviour,Extensive,Assessment & demonstrating learning,Classroom Teacher,Education Support Staff,,Use functional behaviour assessment information to inform proactive support,"remain safe, regulated and able to participate",transitions; new situations; changes; emotionally demanding interactions,consistently throughout the activity or across relevant settings in the school day,"Sustained, highly individualised; consistently across activity/settings",access and participation; prompt or assistance level; independent use of the support; task engagement/completion where relevant,"Which part of this support helps you most when working with transitions, new situations, changes or emotionally demanding interactions? What should we keep, change or fade?",Teach the student how and when to use the support; prompt use before increasing direct assistance; fade prompts when evidence shows increasing independence.,working_draft
D2-A04-EXT-01D,General Tasks and Demands,Managing One’s Own Behaviour,Extensive,"Regulation, engagement & independence",Classroom Teacher,Education Support Staff,,Apply proactive environmental adjustments before the identified situation,"remain safe, regulated and able to participate",transitions; new situations; changes; emotionally demanding interactions,consistently throughout the activity or across relevant settings in the school day,"Sustained, highly individualised; consistently across activity/settings",access and participation; prompt or assistance level; independent use of the support; task engagement/completion where relevant,"Which part of this support helps you most when working with transitions, new situations, changes or emotionally demanding interactions? What should we keep, change or fade?",Teach the student how and when to use the support; prompt use before increasing direct assistance; fade prompts when evidence shows increasing independence.,working_draft
D2-A04-EXT-02A,General Tasks and Demands,Managing One’s Own Behaviour,Extensive,"Regulation, engagement & independence",Classroom Teacher,Education Support Staff,,Temporarily reduce non-essential demands when this is part of the agreed support plan,"remain safe, regulated and able to participate",transitions; new situations; changes; emotionally demanding interactions,consistently throughout the activity or across relevant settings in the school day,"Sustained, highly individualised; consistently across activity/settings",access and participation; prompt or assistance level; independent use of the support; task engagement/completion where relevant,"Which part of this support helps you most when working with transitions, new situations, changes or emotionally demanding interactions? What should we keep, change or fade?",Teach the student how and when to use the support; prompt use before increasing direct assistance; fade prompts when evidence shows increasing independence.,working_draft
D2-A04-EXT-02B,General Tasks and Demands,Managing One’s Own Behaviour,Extensive,"Regulation, engagement & independence",Classroom Teacher,Education Support Staff,,Explicitly teach and practise an agreed replacement behaviour,"remain safe, regulated and able to participate",transitions; new situations; changes; emotionally demanding interactions,consistently throughout the activity or across relevant settings in the school day,"Sustained, highly individualised; consistently across activity/settings",access and participation; prompt or assistance level; independent use of the support; task engagement/completion where relevant,"Which part of this support helps you most when working with transitions, new situations, changes or emotionally demanding interactions? What should we keep, change or fade?",Teach the student how and when to use the support; prompt use before increasing direct assistance; fade prompts when evidence shows increasing independence.,working_draft
D2-A04-EXT-02C,General Tasks and Demands,Managing One’s Own Behaviour,Extensive,"Regulation, engagement & independence",Classroom Teacher,Education Support Staff,,Provide planned recovery spaces and consistent responses from trained staff,"remain safe, regulated and able to participate",transitions; new situations; changes; emotionally demanding interactions,consistently throughout the activity or across relevant settings in the school day,"Sustained, highly individualised; consistently across activity/settings",access and participation; prompt or assistance level; independent use of the support; task engagement/completion where relevant,"Which part of this support helps you most when working with transitions, new situations, changes or emotionally demanding interactions? What should we keep, change or fade?",Teach the student how and when to use the support; prompt use before increasing direct assistance; fade prompts when evidence shows increasing independence.,working_draft
D3-A01-PE-01,Communication,Producing Non-Verbal Messages,Present Environment,Communication & interaction,Classroom Teacher,,,Maintain ordinary accessible supports and resources in the setting,"access gestures, visual choices, communication signals or non-verbal responses",gestures; visual choices; communication signals; non-verbal responses,as part of everyday practice,Ordinary supports/resources available in the setting,access and participation; prompt or assistance level; independent use of the support; task engagement/completion where relevant,"Which part of this support helps you most when working with gestures, visual choices, communication signals or non-verbal responses? What should we keep, change or fade?",Teach the student how and when to use the support; prompt use before increasing direct assistance; fade prompts when evidence shows increasing independence.,working_draft
D3-A01-DT-01A,Communication,Producing Non-Verbal Messages,Differentiated Teaching,Communication & interaction,Classroom Teacher,Education Support Staff,,Support {preferredName} to indicate agreement,"communicate needs, preferences and responses in a way understood by others",gestures; visual choices; communication signals; non-verbal responses,as needed during relevant tasks or routines,"Brief, occasional; within usual classroom practice",access and participation; prompt or assistance level; independent use of the support; task engagement/completion where relevant,"Which part of this support helps you most when working with gestures, visual choices, communication signals or non-verbal responses? What should we keep, change or fade?",Teach the student how and when to use the support; prompt use before increasing direct assistance; fade prompts when evidence shows increasing independence.,working_draft
D3-A01-DT-01B,Communication,Producing Non-Verbal Messages,Differentiated Teaching,Communication & interaction,Classroom Teacher,Education Support Staff,,Support {preferredName} to gain another person's attention using an agreed communication signal,"communicate needs, preferences and responses in a way understood by others",gestures; visual choices; communication signals; non-verbal responses,as needed during relevant tasks or routines,"Brief, occasional; within usual classroom practice",access and participation; prompt or assistance level; independent use of the support; task engagement/completion where relevant,"Which part of this support helps you most when working with gestures, visual choices, communication signals or non-verbal responses? What should we keep, change or fade?",Teach the student how and when to use the support; prompt use before increasing direct assistance; fade prompts when evidence shows increasing independence.,working_draft
D3-A01-DT-01C,Communication,Producing Non-Verbal Messages,Differentiated Teaching,Communication & interaction,Classroom Teacher,Education Support Staff,,Support {preferredName} to show understanding using an agreed response mode,"communicate needs, preferences and responses in a way understood by others",gestures; visual choices; communication signals; non-verbal responses,as needed during relevant tasks or routines,"Brief, occasional; within usual classroom practice",access and participation; prompt or assistance level; independent use of the support; task engagement/completion where relevant,"Which part of this support helps you most when working with gestures, visual choices, communication signals or non-verbal responses? What should we keep, change or fade?",Teach the student how and when to use the support; prompt use before increasing direct assistance; fade prompts when evidence shows increasing independence.,working_draft
D3-A01-DT-01D,Communication,Producing Non-Verbal Messages,Differentiated Teaching,Communication & interaction,Classroom Teacher,Education Support Staff,,Support {preferredName} to participate in group routines using an agreed communication mode,"communicate needs, preferences and responses in a way understood by others",gestures; visual choices; communication signals; non-verbal responses,as needed during relevant tasks or routines,"Brief, occasional; within usual classroom practice",access and participation; prompt or assistance level; independent use of the support; task engagement/completion where relevant,"Which part of this support helps you most when working with gestures, visual choices, communication signals or non-verbal responses? What should we keep, change or fade?",Teach the student how and when to use the support; prompt use before increasing direct assistance; fade prompts when evidence shows increasing independence.,working_draft
D3-A01-DT-02,Communication,Producing Non-Verbal Messages,Differentiated Teaching,Communication & interaction,Classroom Teacher,Education Support Staff,,Provide an agreed alternative way for {preferredName} to communicate needs when speech is difficult,"communicate needs, preferences and responses in a way understood by others",gestures; visual choices; communication signals; non-verbal responses,as needed during relevant tasks or routines,"Brief, occasional; within usual classroom practice",access and participation; prompt or assistance level; independent use of the support; task engagement/completion where relevant,"Which part of this support helps you most when working with gestures, visual choices, communication signals or non-verbal responses? What should we keep, change or fade?",Teach the student how and when to use the support; prompt use before increasing direct assistance; fade prompts when evidence shows increasing independence.,working_draft
D3-A01-SUP-01A,Communication,Producing Non-Verbal Messages,Supplementary,Communication & interaction,Classroom Teacher,Education Support Staff,,Model the agreed communication message or signal,"communicate needs, preferences and responses in a way understood by others",gestures; visual choices; communication signals; non-verbal responses,at specific times through the week or in identified tasks or settings,"Regular, planned and personalised; at specific times/settings",access and participation; prompt or assistance level; independent use of the support; task engagement/completion where relevant,"Which part of this support helps you most when working with gestures, visual choices, communication signals or non-verbal responses? What should we keep, change or fade?",Teach the student how and when to use the support; prompt use before increasing direct assistance; fade prompts when evidence shows increasing independence.,working_draft
D3-A01-SUP-01B,Communication,Producing Non-Verbal Messages,Supplementary,Communication & interaction,Classroom Teacher,Education Support Staff,,Prompt and reinforce these messages across familiar routines,"communicate needs, preferences and responses in a way understood by others",gestures; visual choices; communication signals; non-verbal responses,at specific times through the week or in identified tasks or settings,"Regular, planned and personalised; at specific times/settings",access and participation; prompt or assistance level; independent use of the support; task engagement/completion where relevant,"Which part of this support helps you most when working with gestures, visual choices, communication signals or non-verbal responses? What should we keep, change or fade?",Teach the student how and when to use the support; prompt use before increasing direct assistance; fade prompts when evidence shows increasing independence.,working_draft
D3-A01-SUB-01A,Communication,Producing Non-Verbal Messages,Substantial,Communication & interaction,Classroom Teacher,Education Support Staff,,Explicitly model gestures,"communicate needs, preferences and responses in a way understood by others",gestures; visual choices; communication signals; non-verbal responses,on most days or across most relevant tasks or settings,"Frequent, personalised; on most days/relevant settings",access and participation; prompt or assistance level; independent use of the support; task engagement/completion where relevant,"Which part of this support helps you most when working with gestures, visual choices, communication signals or non-verbal responses? What should we keep, change or fade?",Teach the student how and when to use the support; prompt use before increasing direct assistance; fade prompts when evidence shows increasing independence.,working_draft
D3-A01-SUB-01B,Communication,Producing Non-Verbal Messages,Substantial,Communication & interaction,Classroom Teacher,Education Support Staff,,Use communication boards,"communicate needs, preferences and responses in a way understood by others",gestures; visual choices; communication signals; non-verbal responses,on most days or across most relevant tasks or settings,"Frequent, personalised; on most days/relevant settings",access and participation; prompt or assistance level; independent use of the support; task engagement/completion where relevant,"Which part of this support helps you most when working with gestures, visual choices, communication signals or non-verbal responses? What should we keep, change or fade?",Teach the student how and when to use the support; prompt use before increasing direct assistance; fade prompts when evidence shows increasing independence.,working_draft
D3-A01-SUB-01C,Communication,Producing Non-Verbal Messages,Substantial,Communication & interaction,Classroom Teacher,Education Support Staff,,Provide visual prompts,"communicate needs, preferences and responses in a way understood by others",gestures; visual choices; communication signals; non-verbal responses,on most days or across most relevant tasks or settings,"Frequent, personalised; on most days/relevant settings",access and participation; prompt or assistance level; independent use of the support; task engagement/completion where relevant,"Which part of this support helps you most when working with gestures, visual choices, communication signals or non-verbal responses? What should we keep, change or fade?",Teach the student how and when to use the support; prompt use before increasing direct assistance; fade prompts when evidence shows increasing independence.,working_draft
D3-A01-SUB-01D,Communication,Producing Non-Verbal Messages,Substantial,Communication & interaction,Classroom Teacher,Education Support Staff,,Offer structured choices,"communicate needs, preferences and responses in a way understood by others",gestures; visual choices; communication signals; non-verbal responses,on most days or across most relevant tasks or settings,"Frequent, personalised; on most days/relevant settings",access and participation; prompt or assistance level; independent use of the support; task engagement/completion where relevant,"Which part of this support helps you most when working with gestures, visual choices, communication signals or non-verbal responses? What should we keep, change or fade?",Teach the student how and when to use the support; prompt use before increasing direct assistance; fade prompts when evidence shows increasing independence.,working_draft
D3-A01-SUB-02,Communication,Producing Non-Verbal Messages,Substantial,Communication & interaction,Classroom Teacher,Education Support Staff,,Create repeated opportunities for {preferredName} to practise agreed non-verbal communication cues,"communicate needs, preferences and responses in a way understood by others",gestures; visual choices; communication signals; non-verbal responses,on most days or across most relevant tasks or settings,"Frequent, personalised; on most days/relevant settings",access and participation; prompt or assistance level; independent use of the support; task engagement/completion where relevant,"Which part of this support helps you most when working with gestures, visual choices, communication signals or non-verbal responses? What should we keep, change or fade?",Teach the student how and when to use the support; prompt use before increasing direct assistance; fade prompts when evidence shows increasing independence.,working_draft
D3-A01-EXT-01A,Communication,Producing Non-Verbal Messages,Extensive,Communication & interaction,Classroom Teacher,Education Support Staff,,Observe subtle changes in facial expression,"communicate needs, preferences and responses in a way understood by others",gestures; visual choices; communication signals; non-verbal responses,consistently throughout the activity or across relevant settings in the school day,"Sustained, highly individualised; consistently across activity/settings",access and participation; prompt or assistance level; independent use of the support; task engagement/completion where relevant,"Which part of this support helps you most when working with gestures, visual choices, communication signals or non-verbal responses? What should we keep, change or fade?",Teach the student how and when to use the support; prompt use before increasing direct assistance; fade prompts when evidence shows increasing independence.,working_draft
D3-A01-EXT-01B,Communication,Producing Non-Verbal Messages,Extensive,Communication & interaction,Classroom Teacher,Education Support Staff,,Observe body movement as part of interpreting {preferredName}'s communication,"communicate needs, preferences and responses in a way understood by others",gestures; visual choices; communication signals; non-verbal responses,consistently throughout the activity or across relevant settings in the school day,"Sustained, highly individualised; consistently across activity/settings",access and participation; prompt or assistance level; independent use of the support; task engagement/completion where relevant,"Which part of this support helps you most when working with gestures, visual choices, communication signals or non-verbal responses? What should we keep, change or fade?",Teach the student how and when to use the support; prompt use before increasing direct assistance; fade prompts when evidence shows increasing independence.,working_draft
D3-A01-EXT-01C,Communication,Producing Non-Verbal Messages,Extensive,Communication & interaction,Classroom Teacher,Education Support Staff,,Interpret {hishertheir} behaviour as communication and respond to the likely intent,"communicate needs, preferences and responses in a way understood by others",gestures; visual choices; communication signals; non-verbal responses,consistently throughout the activity or across relevant settings in the school day,"Sustained, highly individualised; consistently across activity/settings",access and participation; prompt or assistance level; independent use of the support; task engagement/completion where relevant,"Which part of this support helps you most when working with gestures, visual choices, communication signals or non-verbal responses? What should we keep, change or fade?",Teach the student how and when to use the support; prompt use before increasing direct assistance; fade prompts when evidence shows increasing independence.,working_draft
D3-A02-PE-01,Communication,Interpreting Spoken Messages,Present Environment,Communication & interaction,Classroom Teacher,,,Maintain ordinary accessible supports and resources in the setting,"access instructions, questions, discussion or spoken routines",instructions; questions; discussion; spoken routines,as part of everyday practice,Ordinary supports/resources available in the setting,access and participation; prompt or assistance level; independent use of the support; task engagement/completion where relevant,"Which part of this support helps you most when working with instructions, questions, discussion or spoken routines? What should we keep, change or fade?",Teach the student how and when to use the support; prompt use before increasing direct assistance; fade prompts when evidence shows increasing independence.,working_draft
D3-A02-DT-01A,Communication,Interpreting Spoken Messages,Differentiated Teaching,Communication & interaction,Classroom Teacher,Education Support Staff,,"Rephrase instructions using clear, concrete language without changing the intended task demand",understand and act on spoken messages,instructions; questions; discussion; spoken routines,as needed during relevant tasks or routines,"Brief, occasional; within usual classroom practice",access and participation; prompt or assistance level; independent use of the support; task engagement/completion where relevant,"Which part of this support helps you most when working with instructions, questions, discussion or spoken routines? What should we keep, change or fade?",Teach the student how and when to use the support; prompt use before increasing direct assistance; fade prompts when evidence shows increasing independence.,working_draft
D3-A02-DT-01B,Communication,Interpreting Spoken Messages,Differentiated Teaching,Communication & interaction,Classroom Teacher,Education Support Staff,,Check for understanding,understand and act on spoken messages,instructions; questions; discussion; spoken routines,as needed during relevant tasks or routines,"Brief, occasional; within usual classroom practice",access and participation; prompt or assistance level; independent use of the support; task engagement/completion where relevant,"Which part of this support helps you most when working with instructions, questions, discussion or spoken routines? What should we keep, change or fade?",Teach the student how and when to use the support; prompt use before increasing direct assistance; fade prompts when evidence shows increasing independence.,working_draft
D3-A02-DT-01C,Communication,Interpreting Spoken Messages,Differentiated Teaching,Communication & interaction,Classroom Teacher,Education Support Staff,,Use gestures,understand and act on spoken messages,instructions; questions; discussion; spoken routines,as needed during relevant tasks or routines,"Brief, occasional; within usual classroom practice",access and participation; prompt or assistance level; independent use of the support; task engagement/completion where relevant,"Which part of this support helps you most when working with instructions, questions, discussion or spoken routines? What should we keep, change or fade?",Teach the student how and when to use the support; prompt use before increasing direct assistance; fade prompts when evidence shows increasing independence.,working_draft
D3-A02-DT-01D,Communication,Interpreting Spoken Messages,Differentiated Teaching,Communication & interaction,Classroom Teacher,Education Support Staff,,Slow the pace,understand and act on spoken messages,instructions; questions; discussion; spoken routines,as needed during relevant tasks or routines,"Brief, occasional; within usual classroom practice",access and participation; prompt or assistance level; independent use of the support; task engagement/completion where relevant,"Which part of this support helps you most when working with instructions, questions, discussion or spoken routines? What should we keep, change or fade?",Teach the student how and when to use the support; prompt use before increasing direct assistance; fade prompts when evidence shows increasing independence.,working_draft
D3-A02-DT-02,Communication,Interpreting Spoken Messages,Differentiated Teaching,Communication & interaction,Classroom Teacher,Education Support Staff,,Break spoken information into smaller parts,understand and act on spoken messages,instructions; questions; discussion; spoken routines,as needed during relevant tasks or routines,"Brief, occasional; within usual classroom practice",access and participation; prompt or assistance level; independent use of the support; task engagement/completion where relevant,"Which part of this support helps you most when working with instructions, questions, discussion or spoken routines? What should we keep, change or fade?",Teach the student how and when to use the support; prompt use before increasing direct assistance; fade prompts when evidence shows increasing independence.,working_draft
D3-A02-SUP-01,Communication,Interpreting Spoken Messages,Supplementary,Communication & interaction,Classroom Teacher,Education Support Staff,,Provide agreed classroom supports matched to the activity,understand and act on spoken messages,instructions; questions; discussion; spoken routines,at specific times through the week or in identified tasks or settings,"Regular, planned and personalised; at specific times/settings",access and participation; prompt or assistance level; independent use of the support; task engagement/completion where relevant,"Which part of this support helps you most when working with instructions, questions, discussion or spoken routines? What should we keep, change or fade?",Teach the student how and when to use the support; prompt use before increasing direct assistance; fade prompts when evidence shows increasing independence.,working_draft
D3-A02-SUB-01A,Communication,Interpreting Spoken Messages,Substantial,Communication & interaction,Classroom Teacher,Education Support Staff,,Break instructions into single steps,understand and act on spoken messages,instructions; questions; discussion; spoken routines,on most days or across most relevant tasks or settings,"Frequent, personalised; on most days/relevant settings",access and participation; prompt or assistance level; independent use of the support; task engagement/completion where relevant,"Which part of this support helps you most when working with instructions, questions, discussion or spoken routines? What should we keep, change or fade?",Teach the student how and when to use the support; prompt use before increasing direct assistance; fade prompts when evidence shows increasing independence.,working_draft
D3-A02-SUB-01B,Communication,Interpreting Spoken Messages,Substantial,Communication & interaction,Classroom Teacher,Education Support Staff,,Use visual schedules,understand and act on spoken messages,instructions; questions; discussion; spoken routines,on most days or across most relevant tasks or settings,"Frequent, personalised; on most days/relevant settings",access and participation; prompt or assistance level; independent use of the support; task engagement/completion where relevant,"Which part of this support helps you most when working with instructions, questions, discussion or spoken routines? What should we keep, change or fade?",Teach the student how and when to use the support; prompt use before increasing direct assistance; fade prompts when evidence shows increasing independence.,working_draft
D3-A02-SUB-01C,Communication,Interpreting Spoken Messages,Substantial,Communication & interaction,Classroom Teacher,Education Support Staff,,Pair spoken words with gestures or visual cues where this supports understanding,understand and act on spoken messages,instructions; questions; discussion; spoken routines,on most days or across most relevant tasks or settings,"Frequent, personalised; on most days/relevant settings",access and participation; prompt or assistance level; independent use of the support; task engagement/completion where relevant,"Which part of this support helps you most when working with instructions, questions, discussion or spoken routines? What should we keep, change or fade?",Teach the student how and when to use the support; prompt use before increasing direct assistance; fade prompts when evidence shows increasing independence.,working_draft
D3-A02-SUB-01D,Communication,Interpreting Spoken Messages,Substantial,Communication & interaction,Classroom Teacher,Education Support Staff,,Provide extended processing time,understand and act on spoken messages,instructions; questions; discussion; spoken routines,on most days or across most relevant tasks or settings,"Frequent, personalised; on most days/relevant settings",access and participation; prompt or assistance level; independent use of the support; task engagement/completion where relevant,"Which part of this support helps you most when working with instructions, questions, discussion or spoken routines? What should we keep, change or fade?",Teach the student how and when to use the support; prompt use before increasing direct assistance; fade prompts when evidence shows increasing independence.,working_draft
D3-A02-SUB-02,Communication,Interpreting Spoken Messages,Substantial,Communication & interaction,Classroom Teacher,Education Support Staff,,Check for understanding regularly,understand and act on spoken messages,instructions; questions; discussion; spoken routines,on most days or across most relevant tasks or settings,"Frequent, personalised; on most days/relevant settings",access and participation; prompt or assistance level; independent use of the support; task engagement/completion where relevant,"Which part of this support helps you most when working with instructions, questions, discussion or spoken routines? What should we keep, change or fade?",Teach the student how and when to use the support; prompt use before increasing direct assistance; fade prompts when evidence shows increasing independence.,working_draft
D3-A02-EXT-01A,Communication,Interpreting Spoken Messages,Extensive,Communication & interaction,Classroom Teacher,Education Support Staff,,Significantly simplify spoken language,understand and act on spoken messages,instructions; questions; discussion; spoken routines,consistently throughout the activity or across relevant settings in the school day,"Sustained, highly individualised; consistently across activity/settings",access and participation; prompt or assistance level; independent use of the support; task engagement/completion where relevant,"Which part of this support helps you most when working with instructions, questions, discussion or spoken routines? What should we keep, change or fade?",Teach the student how and when to use the support; prompt use before increasing direct assistance; fade prompts when evidence shows increasing independence.,working_draft
D3-A02-EXT-01B,Communication,Interpreting Spoken Messages,Extensive,Communication & interaction,Classroom Teacher,Education Support Staff,,Consistently use AAC alongside speech,understand and act on spoken messages,instructions; questions; discussion; spoken routines,consistently throughout the activity or across relevant settings in the school day,"Sustained, highly individualised; consistently across activity/settings",access and participation; prompt or assistance level; independent use of the support; task engagement/completion where relevant,"Which part of this support helps you most when working with instructions, questions, discussion or spoken routines? What should we keep, change or fade?",Teach the student how and when to use the support; prompt use before increasing direct assistance; fade prompts when evidence shows increasing independence.,working_draft
D3-A02-EXT-01C,Communication,Interpreting Spoken Messages,Extensive,Communication & interaction,Classroom Teacher,Education Support Staff,,Provide visual supports,understand and act on spoken messages,instructions; questions; discussion; spoken routines,consistently throughout the activity or across relevant settings in the school day,"Sustained, highly individualised; consistently across activity/settings",access and participation; prompt or assistance level; independent use of the support; task engagement/completion where relevant,"Which part of this support helps you most when working with instructions, questions, discussion or spoken routines? What should we keep, change or fade?",Teach the student how and when to use the support; prompt use before increasing direct assistance; fade prompts when evidence shows increasing independence.,working_draft
D3-A02-EXT-01D,Communication,Interpreting Spoken Messages,Extensive,Communication & interaction,Classroom Teacher,Education Support Staff,,Observe {hishertheir} behaviour to infer understanding,understand and act on spoken messages,instructions; questions; discussion; spoken routines,consistently throughout the activity or across relevant settings in the school day,"Sustained, highly individualised; consistently across activity/settings",access and participation; prompt or assistance level; independent use of the support; task engagement/completion where relevant,"Which part of this support helps you most when working with instructions, questions, discussion or spoken routines? What should we keep, change or fade?",Teach the student how and when to use the support; prompt use before increasing direct assistance; fade prompts when evidence shows increasing independence.,working_draft
D3-A02-EXT-02A,Communication,Interpreting Spoken Messages,Extensive,Communication & interaction,Classroom Teacher,Education Support Staff,,Guide {preferredName} through communication routines,understand and act on spoken messages,instructions; questions; discussion; spoken routines,consistently throughout the activity or across relevant settings in the school day,"Sustained, highly individualised; consistently across activity/settings",access and participation; prompt or assistance level; independent use of the support; task engagement/completion where relevant,"Which part of this support helps you most when working with instructions, questions, discussion or spoken routines? What should we keep, change or fade?",Teach the student how and when to use the support; prompt use before increasing direct assistance; fade prompts when evidence shows increasing independence.,working_draft
D3-A02-EXT-02B,Communication,Interpreting Spoken Messages,Extensive,Communication & interaction,Classroom Teacher,Education Support Staff,,Adapt the communication environment,understand and act on spoken messages,instructions; questions; discussion; spoken routines,consistently throughout the activity or across relevant settings in the school day,"Sustained, highly individualised; consistently across activity/settings",access and participation; prompt or assistance level; independent use of the support; task engagement/completion where relevant,"Which part of this support helps you most when working with instructions, questions, discussion or spoken routines? What should we keep, change or fade?",Teach the student how and when to use the support; prompt use before increasing direct assistance; fade prompts when evidence shows increasing independence.,working_draft
D3-A03-PE-01,Communication,Interpreting Non-Verbal Messages,Present Environment,Communication & interaction,Classroom Teacher,,,Maintain ordinary accessible supports and resources in the setting,"access gestures, facial expressions, tone, body language or social cues",gestures; facial expressions; tone; body language; social cues,as part of everyday practice,Ordinary supports/resources available in the setting,access and participation; prompt or assistance level; independent use of the support; task engagement/completion where relevant,"Which part of this support helps you most when working with gestures, facial expressions, tone, body language or social cues? What should we keep, change or fade?",Teach the student how and when to use the support; prompt use before increasing direct assistance; fade prompts when evidence shows increasing independence.,working_draft
D3-A03-DT-01A,Communication,Interpreting Non-Verbal Messages,Differentiated Teaching,Communication & interaction,Classroom Teacher,Education Support Staff,,"Explain what others may be communicating through gesture, expression and tone",interpret non-verbal information in social and learning contexts,gestures; facial expressions; tone; body language; social cues,as needed during relevant tasks or routines,"Brief, occasional; within usual classroom practice",access and participation; prompt or assistance level; independent use of the support; task engagement/completion where relevant,"Which part of this support helps you most when working with gestures, facial expressions, tone, body language or social cues? What should we keep, change or fade?",Teach the student how and when to use the support; prompt use before increasing direct assistance; fade prompts when evidence shows increasing independence.,working_draft
D3-A03-DT-01B,Communication,Interpreting Non-Verbal Messages,Differentiated Teaching,Communication & interaction,Classroom Teacher,Education Support Staff,,Use visual cues,interpret non-verbal information in social and learning contexts,gestures; facial expressions; tone; body language; social cues,as needed during relevant tasks or routines,"Brief, occasional; within usual classroom practice",access and participation; prompt or assistance level; independent use of the support; task engagement/completion where relevant,"Which part of this support helps you most when working with gestures, facial expressions, tone, body language or social cues? What should we keep, change or fade?",Teach the student how and when to use the support; prompt use before increasing direct assistance; fade prompts when evidence shows increasing independence.,working_draft
D3-A03-DT-01C,Communication,Interpreting Non-Verbal Messages,Differentiated Teaching,Communication & interaction,Classroom Teacher,Education Support Staff,,Use a social story matched to the identified situation,interpret non-verbal information in social and learning contexts,gestures; facial expressions; tone; body language; social cues,as needed during relevant tasks or routines,"Brief, occasional; within usual classroom practice",access and participation; prompt or assistance level; independent use of the support; task engagement/completion where relevant,"Which part of this support helps you most when working with gestures, facial expressions, tone, body language or social cues? What should we keep, change or fade?",Teach the student how and when to use the support; prompt use before increasing direct assistance; fade prompts when evidence shows increasing independence.,working_draft
D3-A03-DT-01D,Communication,Interpreting Non-Verbal Messages,Differentiated Teaching,Communication & interaction,Classroom Teacher,Education Support Staff,,Check {hishertheir} understanding of what another person may be communicating,interpret non-verbal information in social and learning contexts,gestures; facial expressions; tone; body language; social cues,as needed during relevant tasks or routines,"Brief, occasional; within usual classroom practice",access and participation; prompt or assistance level; independent use of the support; task engagement/completion where relevant,"Which part of this support helps you most when working with gestures, facial expressions, tone, body language or social cues? What should we keep, change or fade?",Teach the student how and when to use the support; prompt use before increasing direct assistance; fade prompts when evidence shows increasing independence.,working_draft
D3-A03-SUP-01A,Communication,Interpreting Non-Verbal Messages,Supplementary,Communication & interaction,Classroom Teacher,Education Support Staff,,"Use visuals to explain gestures, facial expressions and tone",interpret non-verbal information in social and learning contexts,gestures; facial expressions; tone; body language; social cues,at specific times through the week or in identified tasks or settings,"Regular, planned and personalised; at specific times/settings",access and participation; prompt or assistance level; independent use of the support; task engagement/completion where relevant,"Which part of this support helps you most when working with gestures, facial expressions, tone, body language or social cues? What should we keep, change or fade?",Teach the student how and when to use the support; prompt use before increasing direct assistance; fade prompts when evidence shows increasing independence.,working_draft
D3-A03-SUP-01B,Communication,Interpreting Non-Verbal Messages,Supplementary,Communication & interaction,Classroom Teacher,Education Support Staff,,Explicitly teach how to read non-verbal cues,interpret non-verbal information in social and learning contexts,gestures; facial expressions; tone; body language; social cues,at specific times through the week or in identified tasks or settings,"Regular, planned and personalised; at specific times/settings",access and participation; prompt or assistance level; independent use of the support; task engagement/completion where relevant,"Which part of this support helps you most when working with gestures, facial expressions, tone, body language or social cues? What should we keep, change or fade?",Teach the student how and when to use the support; prompt use before increasing direct assistance; fade prompts when evidence shows increasing independence.,working_draft
D3-A03-SUP-01C,Communication,Interpreting Non-Verbal Messages,Supplementary,Communication & interaction,Classroom Teacher,Education Support Staff,,Use social narratives,interpret non-verbal information in social and learning contexts,gestures; facial expressions; tone; body language; social cues,at specific times through the week or in identified tasks or settings,"Regular, planned and personalised; at specific times/settings",access and participation; prompt or assistance level; independent use of the support; task engagement/completion where relevant,"Which part of this support helps you most when working with gestures, facial expressions, tone, body language or social cues? What should we keep, change or fade?",Teach the student how and when to use the support; prompt use before increasing direct assistance; fade prompts when evidence shows increasing independence.,working_draft
D3-A03-SUP-01D,Communication,Interpreting Non-Verbal Messages,Supplementary,Communication & interaction,Classroom Teacher,Education Support Staff,,"Use role play, informed by specialist advice, to practise reading non-verbal cues",interpret non-verbal information in social and learning contexts,gestures; facial expressions; tone; body language; social cues,at specific times through the week or in identified tasks or settings,"Regular, planned and personalised; at specific times/settings",access and participation; prompt or assistance level; independent use of the support; task engagement/completion where relevant,"Which part of this support helps you most when working with gestures, facial expressions, tone, body language or social cues? What should we keep, change or fade?",Teach the student how and when to use the support; prompt use before increasing direct assistance; fade prompts when evidence shows increasing independence.,working_draft
D3-A03-SUB-01A,Communication,Interpreting Non-Verbal Messages,Substantial,Communication & interaction,Classroom Teacher,Education Support Staff,,Use social stories,interpret non-verbal information in social and learning contexts,gestures; facial expressions; tone; body language; social cues,on most days or across most relevant tasks or settings,"Frequent, personalised; on most days/relevant settings",access and participation; prompt or assistance level; independent use of the support; task engagement/completion where relevant,"Which part of this support helps you most when working with gestures, facial expressions, tone, body language or social cues? What should we keep, change or fade?",Teach the student how and when to use the support; prompt use before increasing direct assistance; fade prompts when evidence shows increasing independence.,working_draft
D3-A03-SUB-01B,Communication,Interpreting Non-Verbal Messages,Substantial,Communication & interaction,Classroom Teacher,Education Support Staff,,Explicitly label the emotions,interpret non-verbal information in social and learning contexts,gestures; facial expressions; tone; body language; social cues,on most days or across most relevant tasks or settings,"Frequent, personalised; on most days/relevant settings",access and participation; prompt or assistance level; independent use of the support; task engagement/completion where relevant,"Which part of this support helps you most when working with gestures, facial expressions, tone, body language or social cues? What should we keep, change or fade?",Teach the student how and when to use the support; prompt use before increasing direct assistance; fade prompts when evidence shows increasing independence.,working_draft
D3-A03-SUB-01C,Communication,Interpreting Non-Verbal Messages,Substantial,Communication & interaction,Classroom Teacher,Education Support Staff,,Help {preferredName} interpret the body language of others in real time,interpret non-verbal information in social and learning contexts,gestures; facial expressions; tone; body language; social cues,on most days or across most relevant tasks or settings,"Frequent, personalised; on most days/relevant settings",access and participation; prompt or assistance level; independent use of the support; task engagement/completion where relevant,"Which part of this support helps you most when working with gestures, facial expressions, tone, body language or social cues? What should we keep, change or fade?",Teach the student how and when to use the support; prompt use before increasing direct assistance; fade prompts when evidence shows increasing independence.,working_draft
D3-A03-SUB-01D,Communication,Interpreting Non-Verbal Messages,Substantial,Communication & interaction,Classroom Teacher,Education Support Staff,,Provide visual emotion scales,interpret non-verbal information in social and learning contexts,gestures; facial expressions; tone; body language; social cues,on most days or across most relevant tasks or settings,"Frequent, personalised; on most days/relevant settings",access and participation; prompt or assistance level; independent use of the support; task engagement/completion where relevant,"Which part of this support helps you most when working with gestures, facial expressions, tone, body language or social cues? What should we keep, change or fade?",Teach the student how and when to use the support; prompt use before increasing direct assistance; fade prompts when evidence shows increasing independence.,working_draft
D3-A03-SUB-02,Communication,Interpreting Non-Verbal Messages,Substantial,Communication & interaction,Classroom Teacher,Education Support Staff,,Offer guided role play,interpret non-verbal information in social and learning contexts,gestures; facial expressions; tone; body language; social cues,on most days or across most relevant tasks or settings,"Frequent, personalised; on most days/relevant settings",access and participation; prompt or assistance level; independent use of the support; task engagement/completion where relevant,"Which part of this support helps you most when working with gestures, facial expressions, tone, body language or social cues? What should we keep, change or fade?",Teach the student how and when to use the support; prompt use before increasing direct assistance; fade prompts when evidence shows increasing independence.,working_draft
D3-A03-EXT-01A,Communication,Interpreting Non-Verbal Messages,Extensive,Communication & interaction,Classroom Teacher,Education Support Staff,,Actively mediate identified peer interactions while explicitly teaching the agreed interaction skills,interpret non-verbal information in social and learning contexts,gestures; facial expressions; tone; body language; social cues,consistently throughout the activity or across relevant settings in the school day,"Sustained, highly individualised; consistently across activity/settings",access and participation; prompt or assistance level; independent use of the support; task engagement/completion where relevant,"Which part of this support helps you most when working with gestures, facial expressions, tone, body language or social cues? What should we keep, change or fade?",Teach the student how and when to use the support; prompt use before increasing direct assistance; fade prompts when evidence shows increasing independence.,working_draft
D3-A03-EXT-01B,Communication,Interpreting Non-Verbal Messages,Extensive,Communication & interaction,Classroom Teacher,Education Support Staff,,Explain the social environment to {preferredName} as it happens,interpret non-verbal information in social and learning contexts,gestures; facial expressions; tone; body language; social cues,consistently throughout the activity or across relevant settings in the school day,"Sustained, highly individualised; consistently across activity/settings",access and participation; prompt or assistance level; independent use of the support; task engagement/completion where relevant,"Which part of this support helps you most when working with gestures, facial expressions, tone, body language or social cues? What should we keep, change or fade?",Teach the student how and when to use the support; prompt use before increasing direct assistance; fade prompts when evidence shows increasing independence.,working_draft
D3-A03-EXT-01C,Communication,Interpreting Non-Verbal Messages,Extensive,Communication & interaction,Classroom Teacher,Education Support Staff,,Significantly scaffold social exchanges,interpret non-verbal information in social and learning contexts,gestures; facial expressions; tone; body language; social cues,consistently throughout the activity or across relevant settings in the school day,"Sustained, highly individualised; consistently across activity/settings",access and participation; prompt or assistance level; independent use of the support; task engagement/completion where relevant,"Which part of this support helps you most when working with gestures, facial expressions, tone, body language or social cues? What should we keep, change or fade?",Teach the student how and when to use the support; prompt use before increasing direct assistance; fade prompts when evidence shows increasing independence.,working_draft
D3-A03-EXT-01D,Communication,Interpreting Non-Verbal Messages,Extensive,Communication & interaction,Classroom Teacher,Education Support Staff,,Adapt routines to reduce reliance on reading non-verbal cues,interpret non-verbal information in social and learning contexts,gestures; facial expressions; tone; body language; social cues,consistently throughout the activity or across relevant settings in the school day,"Sustained, highly individualised; consistently across activity/settings",access and participation; prompt or assistance level; independent use of the support; task engagement/completion where relevant,"Which part of this support helps you most when working with gestures, facial expressions, tone, body language or social cues? What should we keep, change or fade?",Teach the student how and when to use the support; prompt use before increasing direct assistance; fade prompts when evidence shows increasing independence.,working_draft
D3-A04-PE-01,Communication,Using Expressive Language: Speaking,Present Environment,Communication & interaction,Classroom Teacher,,,Maintain ordinary accessible supports and resources in the setting,"access class discussion, oral responses, presentations or requests for help",class discussion; oral responses; presentations; requests for help,as part of everyday practice,Ordinary supports/resources available in the setting,access and participation; prompt or assistance level; independent use of the support; task engagement/completion where relevant,"Which part of this support helps you most when working with class discussion, oral responses, presentations or requests for help? What should we keep, change or fade?",Teach the student how and when to use the support; prompt use before increasing direct assistance; fade prompts when evidence shows increasing independence.,working_draft
D3-A04-DT-01A,Communication,Using Expressive Language: Speaking,Differentiated Teaching,Communication & interaction,Classroom Teacher,Education Support Staff,,Provide sentence starters where they reduce an access barrier without lowering the learning goal,"express ideas, needs and responses using available communication methods",class discussion; oral responses; presentations; requests for help,as needed during relevant tasks or routines,"Brief, occasional; within usual classroom practice",access and participation; prompt or assistance level; independent use of the support; task engagement/completion where relevant,"Which part of this support helps you most when working with class discussion, oral responses, presentations or requests for help? What should we keep, change or fade?",Teach the student how and when to use the support; prompt use before increasing direct assistance; fade prompts when evidence shows increasing independence.,working_draft
D3-A04-DT-01B,Communication,Using Expressive Language: Speaking,Differentiated Teaching,Communication & interaction,Classroom Teacher,Education Support Staff,,Use extra wait time,"express ideas, needs and responses using available communication methods",class discussion; oral responses; presentations; requests for help,as needed during relevant tasks or routines,"Brief, occasional; within usual classroom practice",access and participation; prompt or assistance level; independent use of the support; task engagement/completion where relevant,"Which part of this support helps you most when working with class discussion, oral responses, presentations or requests for help? What should we keep, change or fade?",Teach the student how and when to use the support; prompt use before increasing direct assistance; fade prompts when evidence shows increasing independence.,working_draft
D3-A04-DT-01C,Communication,Using Expressive Language: Speaking,Differentiated Teaching,Communication & interaction,Classroom Teacher,Education Support Staff,,Use clarification questions,"express ideas, needs and responses using available communication methods",class discussion; oral responses; presentations; requests for help,as needed during relevant tasks or routines,"Brief, occasional; within usual classroom practice",access and participation; prompt or assistance level; independent use of the support; task engagement/completion where relevant,"Which part of this support helps you most when working with class discussion, oral responses, presentations or requests for help? What should we keep, change or fade?",Teach the student how and when to use the support; prompt use before increasing direct assistance; fade prompts when evidence shows increasing independence.,working_draft
D3-A04-DT-01D,Communication,Using Expressive Language: Speaking,Differentiated Teaching,Communication & interaction,Classroom Teacher,Education Support Staff,,Use supported opportunities to practise communication,"express ideas, needs and responses using available communication methods",class discussion; oral responses; presentations; requests for help,as needed during relevant tasks or routines,"Brief, occasional; within usual classroom practice",access and participation; prompt or assistance level; independent use of the support; task engagement/completion where relevant,"Which part of this support helps you most when working with class discussion, oral responses, presentations or requests for help? What should we keep, change or fade?",Teach the student how and when to use the support; prompt use before increasing direct assistance; fade prompts when evidence shows increasing independence.,working_draft
D3-A04-SUP-01A,Communication,Using Expressive Language: Speaking,Supplementary,Communication & interaction,Classroom Teacher,Education Support Staff,,Provide sentence starters where they reduce an access barrier without lowering the learning goal,"express ideas, needs and responses using available communication methods",class discussion; oral responses; presentations; requests for help,at specific times through the week or in identified tasks or settings,"Regular, planned and personalised; at specific times/settings",access and participation; prompt or assistance level; independent use of the support; task engagement/completion where relevant,"Which part of this support helps you most when working with class discussion, oral responses, presentations or requests for help? What should we keep, change or fade?",Teach the student how and when to use the support; prompt use before increasing direct assistance; fade prompts when evidence shows increasing independence.,working_draft
D3-A04-SUP-01B,Communication,Using Expressive Language: Speaking,Supplementary,Communication & interaction,Classroom Teacher,Education Support Staff,,Use communication prompts,"express ideas, needs and responses using available communication methods",class discussion; oral responses; presentations; requests for help,at specific times through the week or in identified tasks or settings,"Regular, planned and personalised; at specific times/settings",access and participation; prompt or assistance level; independent use of the support; task engagement/completion where relevant,"Which part of this support helps you most when working with class discussion, oral responses, presentations or requests for help? What should we keep, change or fade?",Teach the student how and when to use the support; prompt use before increasing direct assistance; fade prompts when evidence shows increasing independence.,working_draft
D3-A04-SUP-01C,Communication,Using Expressive Language: Speaking,Supplementary,Communication & interaction,Classroom Teacher,Education Support Staff,,Provide visual supports,"express ideas, needs and responses using available communication methods",class discussion; oral responses; presentations; requests for help,at specific times through the week or in identified tasks or settings,"Regular, planned and personalised; at specific times/settings",access and participation; prompt or assistance level; independent use of the support; task engagement/completion where relevant,"Which part of this support helps you most when working with class discussion, oral responses, presentations or requests for help? What should we keep, change or fade?",Teach the student how and when to use the support; prompt use before increasing direct assistance; fade prompts when evidence shows increasing independence.,working_draft
D3-A04-SUP-01D,Communication,Using Expressive Language: Speaking,Supplementary,Communication & interaction,Classroom Teacher,Education Support Staff,,Use relevant specialist advice to support expressive language,"express ideas, needs and responses using available communication methods",class discussion; oral responses; presentations; requests for help,at specific times through the week or in identified tasks or settings,"Regular, planned and personalised; at specific times/settings",access and participation; prompt or assistance level; independent use of the support; task engagement/completion where relevant,"Which part of this support helps you most when working with class discussion, oral responses, presentations or requests for help? What should we keep, change or fade?",Teach the student how and when to use the support; prompt use before increasing direct assistance; fade prompts when evidence shows increasing independence.,working_draft
D3-A04-SUP-02,Communication,Using Expressive Language: Speaking,Supplementary,Communication & interaction,Classroom Teacher,Education Support Staff,,Use structured opportunities to practise expressive language,"express ideas, needs and responses using available communication methods",class discussion; oral responses; presentations; requests for help,at specific times through the week or in identified tasks or settings,"Regular, planned and personalised; at specific times/settings",access and participation; prompt or assistance level; independent use of the support; task engagement/completion where relevant,"Which part of this support helps you most when working with class discussion, oral responses, presentations or requests for help? What should we keep, change or fade?",Teach the student how and when to use the support; prompt use before increasing direct assistance; fade prompts when evidence shows increasing independence.,working_draft
D3-A04-SUB-01A,Communication,Using Expressive Language: Speaking,Substantial,Communication & interaction,Classroom Teacher,Education Support Staff,,Provide verbal prompting,"express ideas, needs and responses using available communication methods",class discussion; oral responses; presentations; requests for help,on most days or across most relevant tasks or settings,"Frequent, personalised; on most days/relevant settings",access and participation; prompt or assistance level; independent use of the support; task engagement/completion where relevant,"Which part of this support helps you most when working with class discussion, oral responses, presentations or requests for help? What should we keep, change or fade?",Teach the student how and when to use the support; prompt use before increasing direct assistance; fade prompts when evidence shows increasing independence.,working_draft
D3-A04-SUB-01B,Communication,Using Expressive Language: Speaking,Substantial,Communication & interaction,Classroom Teacher,Education Support Staff,,Offer sentence starters,"express ideas, needs and responses using available communication methods",class discussion; oral responses; presentations; requests for help,on most days or across most relevant tasks or settings,"Frequent, personalised; on most days/relevant settings",access and participation; prompt or assistance level; independent use of the support; task engagement/completion where relevant,"Which part of this support helps you most when working with class discussion, oral responses, presentations or requests for help? What should we keep, change or fade?",Teach the student how and when to use the support; prompt use before increasing direct assistance; fade prompts when evidence shows increasing independence.,working_draft
D3-A04-SUB-01C,Communication,Using Expressive Language: Speaking,Substantial,Communication & interaction,Classroom Teacher,Education Support Staff,,Support {preferredName} to access and use {hishertheir} AAC system,"express ideas, needs and responses using available communication methods",class discussion; oral responses; presentations; requests for help,on most days or across most relevant tasks or settings,"Frequent, personalised; on most days/relevant settings",access and participation; prompt or assistance level; independent use of the support; task engagement/completion where relevant,"Which part of this support helps you most when working with class discussion, oral responses, presentations or requests for help? What should we keep, change or fade?",Teach the student how and when to use the support; prompt use before increasing direct assistance; fade prompts when evidence shows increasing independence.,working_draft
D3-A04-SUB-01D,Communication,Using Expressive Language: Speaking,Substantial,Communication & interaction,Classroom Teacher,Education Support Staff,,Structure the environment,"express ideas, needs and responses using available communication methods",class discussion; oral responses; presentations; requests for help,on most days or across most relevant tasks or settings,"Frequent, personalised; on most days/relevant settings",access and participation; prompt or assistance level; independent use of the support; task engagement/completion where relevant,"Which part of this support helps you most when working with class discussion, oral responses, presentations or requests for help? What should we keep, change or fade?",Teach the student how and when to use the support; prompt use before increasing direct assistance; fade prompts when evidence shows increasing independence.,working_draft
D3-A04-EXT-01A,Communication,Using Expressive Language: Speaking,Extensive,Communication & interaction,Classroom Teacher,Education Support Staff,,Closely observe {preferredName} to interpret {hishertheir} communicative intent,"express ideas, needs and responses using available communication methods",class discussion; oral responses; presentations; requests for help,consistently throughout the activity or across relevant settings in the school day,"Sustained, highly individualised; consistently across activity/settings",access and participation; prompt or assistance level; independent use of the support; task engagement/completion where relevant,"Which part of this support helps you most when working with class discussion, oral responses, presentations or requests for help? What should we keep, change or fade?",Teach the student how and when to use the support; prompt use before increasing direct assistance; fade prompts when evidence shows increasing independence.,working_draft
D3-A04-EXT-01B,Communication,Using Expressive Language: Speaking,Extensive,Communication & interaction,Classroom Teacher,Education Support Staff,,Provide structured opportunities to communicate,"express ideas, needs and responses using available communication methods",class discussion; oral responses; presentations; requests for help,consistently throughout the activity or across relevant settings in the school day,"Sustained, highly individualised; consistently across activity/settings",access and participation; prompt or assistance level; independent use of the support; task engagement/completion where relevant,"Which part of this support helps you most when working with class discussion, oral responses, presentations or requests for help? What should we keep, change or fade?",Teach the student how and when to use the support; prompt use before increasing direct assistance; fade prompts when evidence shows increasing independence.,working_draft
D3-A04-EXT-01C,Communication,Using Expressive Language: Speaking,Extensive,Communication & interaction,Classroom Teacher,Education Support Staff,,Consistently support the use of alternative communication systems,"express ideas, needs and responses using available communication methods",class discussion; oral responses; presentations; requests for help,consistently throughout the activity or across relevant settings in the school day,"Sustained, highly individualised; consistently across activity/settings",access and participation; prompt or assistance level; independent use of the support; task engagement/completion where relevant,"Which part of this support helps you most when working with class discussion, oral responses, presentations or requests for help? What should we keep, change or fade?",Teach the student how and when to use the support; prompt use before increasing direct assistance; fade prompts when evidence shows increasing independence.,working_draft
D3-A04-EXT-01D,Communication,Using Expressive Language: Speaking,Extensive,Communication & interaction,Classroom Teacher,Education Support Staff,,Significantly scaffold parts of the exchange,"express ideas, needs and responses using available communication methods",class discussion; oral responses; presentations; requests for help,consistently throughout the activity or across relevant settings in the school day,"Sustained, highly individualised; consistently across activity/settings",access and participation; prompt or assistance level; independent use of the support; task engagement/completion where relevant,"Which part of this support helps you most when working with class discussion, oral responses, presentations or requests for help? What should we keep, change or fade?",Teach the student how and when to use the support; prompt use before increasing direct assistance; fade prompts when evidence shows increasing independence.,working_draft
D3-A04-EXT-02,Communication,Using Expressive Language: Speaking,Extensive,Communication & interaction,Classroom Teacher,Education Support Staff,,Adapt the environment to create reasons and opportunities to communicate,"express ideas, needs and responses using available communication methods",class discussion; oral responses; presentations; requests for help,consistently throughout the activity or across relevant settings in the school day,"Sustained, highly individualised; consistently across activity/settings",access and participation; prompt or assistance level; independent use of the support; task engagement/completion where relevant,"Which part of this support helps you most when working with class discussion, oral responses, presentations or requests for help? What should we keep, change or fade?",Teach the student how and when to use the support; prompt use before increasing direct assistance; fade prompts when evidence shows increasing independence.,working_draft
D3-A05-PE-01,Communication,Conversation,Present Environment,Communication & interaction,Classroom Teacher,,,Maintain ordinary accessible supports and resources in the setting,"access peer discussion, group work, social conversation or repairing misunderstandings",peer discussion; group work; social conversation; repairing misunderstandings,as part of everyday practice,Ordinary supports/resources available in the setting,access and participation; prompt or assistance level; independent use of the support; task engagement/completion where relevant,"Which part of this support helps you most when working with peer discussion, group work, social conversation or repairing misunderstandings? What should we keep, change or fade?",Teach the student how and when to use the support; prompt use before increasing direct assistance; fade prompts when evidence shows increasing independence.,working_draft
D3-A05-DT-01A,Communication,Conversation,Differentiated Teaching,Communication & interaction,Classroom Teacher,Education Support Staff,,Use wait time,"start, sustain and end exchanges with increasing independence",peer discussion; group work; social conversation; repairing misunderstandings,as needed during relevant tasks or routines,"Brief, occasional; within usual classroom practice",access and participation; prompt or assistance level; independent use of the support; task engagement/completion where relevant,"Which part of this support helps you most when working with peer discussion, group work, social conversation or repairing misunderstandings? What should we keep, change or fade?",Teach the student how and when to use the support; prompt use before increasing direct assistance; fade prompts when evidence shows increasing independence.,working_draft
D3-A05-DT-01B,Communication,Conversation,Differentiated Teaching,Communication & interaction,Classroom Teacher,Education Support Staff,,Use conversation starters,"start, sustain and end exchanges with increasing independence",peer discussion; group work; social conversation; repairing misunderstandings,as needed during relevant tasks or routines,"Brief, occasional; within usual classroom practice",access and participation; prompt or assistance level; independent use of the support; task engagement/completion where relevant,"Which part of this support helps you most when working with peer discussion, group work, social conversation or repairing misunderstandings? What should we keep, change or fade?",Teach the student how and when to use the support; prompt use before increasing direct assistance; fade prompts when evidence shows increasing independence.,working_draft
D3-A05-DT-01C,Communication,Conversation,Differentiated Teaching,Communication & interaction,Classroom Teacher,Education Support Staff,,Use visual cues,"start, sustain and end exchanges with increasing independence",peer discussion; group work; social conversation; repairing misunderstandings,as needed during relevant tasks or routines,"Brief, occasional; within usual classroom practice",access and participation; prompt or assistance level; independent use of the support; task engagement/completion where relevant,"Which part of this support helps you most when working with peer discussion, group work, social conversation or repairing misunderstandings? What should we keep, change or fade?",Teach the student how and when to use the support; prompt use before increasing direct assistance; fade prompts when evidence shows increasing independence.,working_draft
D3-A05-DT-01D,Communication,Conversation,Differentiated Teaching,Communication & interaction,Classroom Teacher,Education Support Staff,,Use teacher facilitation during group work,"start, sustain and end exchanges with increasing independence",peer discussion; group work; social conversation; repairing misunderstandings,as needed during relevant tasks or routines,"Brief, occasional; within usual classroom practice",access and participation; prompt or assistance level; independent use of the support; task engagement/completion where relevant,"Which part of this support helps you most when working with peer discussion, group work, social conversation or repairing misunderstandings? What should we keep, change or fade?",Teach the student how and when to use the support; prompt use before increasing direct assistance; fade prompts when evidence shows increasing independence.,working_draft
D3-A05-SUP-01A,Communication,Conversation,Supplementary,Communication & interaction,Classroom Teacher,Education Support Staff,,Use targeted teaching of topic development,"start, sustain and end exchanges with increasing independence",peer discussion; group work; social conversation; repairing misunderstandings,at specific times through the week or in identified tasks or settings,"Regular, planned and personalised; at specific times/settings",access and participation; prompt or assistance level; independent use of the support; task engagement/completion where relevant,"Which part of this support helps you most when working with peer discussion, group work, social conversation or repairing misunderstandings? What should we keep, change or fade?",Teach the student how and when to use the support; prompt use before increasing direct assistance; fade prompts when evidence shows increasing independence.,working_draft
D3-A05-SUP-01B,Communication,Conversation,Supplementary,Communication & interaction,Classroom Teacher,Education Support Staff,,Support {preferredName} to ask and answer questions,"start, sustain and end exchanges with increasing independence",peer discussion; group work; social conversation; repairing misunderstandings,at specific times through the week or in identified tasks or settings,"Regular, planned and personalised; at specific times/settings",access and participation; prompt or assistance level; independent use of the support; task engagement/completion where relevant,"Which part of this support helps you most when working with peer discussion, group work, social conversation or repairing misunderstandings? What should we keep, change or fade?",Teach the student how and when to use the support; prompt use before increasing direct assistance; fade prompts when evidence shows increasing independence.,working_draft
D3-A05-SUP-01C,Communication,Conversation,Supplementary,Communication & interaction,Classroom Teacher,Education Support Staff,,Support {preferredName} to repair misunderstandings,"start, sustain and end exchanges with increasing independence",peer discussion; group work; social conversation; repairing misunderstandings,at specific times through the week or in identified tasks or settings,"Regular, planned and personalised; at specific times/settings",access and participation; prompt or assistance level; independent use of the support; task engagement/completion where relevant,"Which part of this support helps you most when working with peer discussion, group work, social conversation or repairing misunderstandings? What should we keep, change or fade?",Teach the student how and when to use the support; prompt use before increasing direct assistance; fade prompts when evidence shows increasing independence.,working_draft
D3-A05-SUP-01D,Communication,Conversation,Supplementary,Communication & interaction,Classroom Teacher,Education Support Staff,,Support {preferredName} to use AAC in conversation,"start, sustain and end exchanges with increasing independence",peer discussion; group work; social conversation; repairing misunderstandings,at specific times through the week or in identified tasks or settings,"Regular, planned and personalised; at specific times/settings",access and participation; prompt or assistance level; independent use of the support; task engagement/completion where relevant,"Which part of this support helps you most when working with peer discussion, group work, social conversation or repairing misunderstandings? What should we keep, change or fade?",Teach the student how and when to use the support; prompt use before increasing direct assistance; fade prompts when evidence shows increasing independence.,working_draft
D3-A05-SUP-02A,Communication,Conversation,Supplementary,Communication & interaction,Classroom Teacher,Education Support Staff,,Use visual conversation supports,"start, sustain and end exchanges with increasing independence",peer discussion; group work; social conversation; repairing misunderstandings,at specific times through the week or in identified tasks or settings,"Regular, planned and personalised; at specific times/settings",access and participation; prompt or assistance level; independent use of the support; task engagement/completion where relevant,"Which part of this support helps you most when working with peer discussion, group work, social conversation or repairing misunderstandings? What should we keep, change or fade?",Teach the student how and when to use the support; prompt use before increasing direct assistance; fade prompts when evidence shows increasing independence.,working_draft
D3-A05-SUP-02B,Communication,Conversation,Supplementary,Communication & interaction,Classroom Teacher,Education Support Staff,,Practise communication in structured settings,"start, sustain and end exchanges with increasing independence",peer discussion; group work; social conversation; repairing misunderstandings,at specific times through the week or in identified tasks or settings,"Regular, planned and personalised; at specific times/settings",access and participation; prompt or assistance level; independent use of the support; task engagement/completion where relevant,"Which part of this support helps you most when working with peer discussion, group work, social conversation or repairing misunderstandings? What should we keep, change or fade?",Teach the student how and when to use the support; prompt use before increasing direct assistance; fade prompts when evidence shows increasing independence.,working_draft
D3-A05-SUB-01A,Communication,Conversation,Substantial,Communication & interaction,Classroom Teacher,Education Support Staff,,Actively facilitate peer interactions,"start, sustain and end exchanges with increasing independence",peer discussion; group work; social conversation; repairing misunderstandings,on most days or across most relevant tasks or settings,"Frequent, personalised; on most days/relevant settings",access and participation; prompt or assistance level; independent use of the support; task engagement/completion where relevant,"Which part of this support helps you most when working with peer discussion, group work, social conversation or repairing misunderstandings? What should we keep, change or fade?",Teach the student how and when to use the support; prompt use before increasing direct assistance; fade prompts when evidence shows increasing independence.,working_draft
D3-A05-SUB-01B,Communication,Conversation,Substantial,Communication & interaction,Classroom Teacher,Education Support Staff,,Provide conversational scripts,"start, sustain and end exchanges with increasing independence",peer discussion; group work; social conversation; repairing misunderstandings,on most days or across most relevant tasks or settings,"Frequent, personalised; on most days/relevant settings",access and participation; prompt or assistance level; independent use of the support; task engagement/completion where relevant,"Which part of this support helps you most when working with peer discussion, group work, social conversation or repairing misunderstandings? What should we keep, change or fade?",Teach the student how and when to use the support; prompt use before increasing direct assistance; fade prompts when evidence shows increasing independence.,working_draft
D3-A05-SUB-01C,Communication,Conversation,Substantial,Communication & interaction,Classroom Teacher,Education Support Staff,,Model turn-taking,"start, sustain and end exchanges with increasing independence",peer discussion; group work; social conversation; repairing misunderstandings,on most days or across most relevant tasks or settings,"Frequent, personalised; on most days/relevant settings",access and participation; prompt or assistance level; independent use of the support; task engagement/completion where relevant,"Which part of this support helps you most when working with peer discussion, group work, social conversation or repairing misunderstandings? What should we keep, change or fade?",Teach the student how and when to use the support; prompt use before increasing direct assistance; fade prompts when evidence shows increasing independence.,working_draft
D3-A05-SUB-01D,Communication,Conversation,Substantial,Communication & interaction,Classroom Teacher,Education Support Staff,,Use visual prompts for topic maintenance,"start, sustain and end exchanges with increasing independence",peer discussion; group work; social conversation; repairing misunderstandings,on most days or across most relevant tasks or settings,"Frequent, personalised; on most days/relevant settings",access and participation; prompt or assistance level; independent use of the support; task engagement/completion where relevant,"Which part of this support helps you most when working with peer discussion, group work, social conversation or repairing misunderstandings? What should we keep, change or fade?",Teach the student how and when to use the support; prompt use before increasing direct assistance; fade prompts when evidence shows increasing independence.,working_draft
D3-A05-SUB-02A,Communication,Conversation,Substantial,Communication & interaction,Classroom Teacher,Education Support Staff,,Support {preferredName} to use the agreed AAC system,"start, sustain and end exchanges with increasing independence",peer discussion; group work; social conversation; repairing misunderstandings,on most days or across most relevant tasks or settings,"Frequent, personalised; on most days/relevant settings",access and participation; prompt or assistance level; independent use of the support; task engagement/completion where relevant,"Which part of this support helps you most when working with peer discussion, group work, social conversation or repairing misunderstandings? What should we keep, change or fade?",Teach the student how and when to use the support; prompt use before increasing direct assistance; fade prompts when evidence shows increasing independence.,working_draft
D3-A05-SUB-02B,Communication,Conversation,Substantial,Communication & interaction,Classroom Teacher,Education Support Staff,,Offer immediate feedback,"start, sustain and end exchanges with increasing independence",peer discussion; group work; social conversation; repairing misunderstandings,on most days or across most relevant tasks or settings,"Frequent, personalised; on most days/relevant settings",access and participation; prompt or assistance level; independent use of the support; task engagement/completion where relevant,"Which part of this support helps you most when working with peer discussion, group work, social conversation or repairing misunderstandings? What should we keep, change or fade?",Teach the student how and when to use the support; prompt use before increasing direct assistance; fade prompts when evidence shows increasing independence.,working_draft
D3-A05-EXT-01A,Communication,Conversation,Extensive,Communication & interaction,Classroom Teacher,Education Support Staff,,Arrange for familiar adults to support conversations,"start, sustain and end exchanges with increasing independence",peer discussion; group work; social conversation; repairing misunderstandings,consistently throughout the activity or across relevant settings in the school day,"Sustained, highly individualised; consistently across activity/settings",access and participation; prompt or assistance level; independent use of the support; task engagement/completion where relevant,"Which part of this support helps you most when working with peer discussion, group work, social conversation or repairing misunderstandings? What should we keep, change or fade?",Teach the student how and when to use the support; prompt use before increasing direct assistance; fade prompts when evidence shows increasing independence.,working_draft
D3-A05-EXT-01B,Communication,Conversation,Extensive,Communication & interaction,Classroom Teacher,Education Support Staff,,Arrange for trained communication partners to support conversations,"start, sustain and end exchanges with increasing independence",peer discussion; group work; social conversation; repairing misunderstandings,consistently throughout the activity or across relevant settings in the school day,"Sustained, highly individualised; consistently across activity/settings",access and participation; prompt or assistance level; independent use of the support; task engagement/completion where relevant,"Which part of this support helps you most when working with peer discussion, group work, social conversation or repairing misunderstandings? What should we keep, change or fade?",Teach the student how and when to use the support; prompt use before increasing direct assistance; fade prompts when evidence shows increasing independence.,working_draft
D3-A05-EXT-01C,Communication,Conversation,Extensive,Communication & interaction,Classroom Teacher,Education Support Staff,,Support {preferredName} to use AAC systems in conversation,"start, sustain and end exchanges with increasing independence",peer discussion; group work; social conversation; repairing misunderstandings,consistently throughout the activity or across relevant settings in the school day,"Sustained, highly individualised; consistently across activity/settings",access and participation; prompt or assistance level; independent use of the support; task engagement/completion where relevant,"Which part of this support helps you most when working with peer discussion, group work, social conversation or repairing misunderstandings? What should we keep, change or fade?",Teach the student how and when to use the support; prompt use before increasing direct assistance; fade prompts when evidence shows increasing independence.,working_draft
D3-A05-EXT-01D,Communication,Conversation,Extensive,Communication & interaction,Classroom Teacher,Education Support Staff,,Offer visual choices so {preferredName} can take a turn,"start, sustain and end exchanges with increasing independence",peer discussion; group work; social conversation; repairing misunderstandings,consistently throughout the activity or across relevant settings in the school day,"Sustained, highly individualised; consistently across activity/settings",access and participation; prompt or assistance level; independent use of the support; task engagement/completion where relevant,"Which part of this support helps you most when working with peer discussion, group work, social conversation or repairing misunderstandings? What should we keep, change or fade?",Teach the student how and when to use the support; prompt use before increasing direct assistance; fade prompts when evidence shows increasing independence.,working_draft
D3-A05-EXT-02A,Communication,Conversation,Extensive,Communication & interaction,Classroom Teacher,Education Support Staff,,Use scripted routines,"start, sustain and end exchanges with increasing independence",peer discussion; group work; social conversation; repairing misunderstandings,consistently throughout the activity or across relevant settings in the school day,"Sustained, highly individualised; consistently across activity/settings",access and participation; prompt or assistance level; independent use of the support; task engagement/completion where relevant,"Which part of this support helps you most when working with peer discussion, group work, social conversation or repairing misunderstandings? What should we keep, change or fade?",Teach the student how and when to use the support; prompt use before increasing direct assistance; fade prompts when evidence shows increasing independence.,working_draft
D3-A05-EXT-02B,Communication,Conversation,Extensive,Communication & interaction,Classroom Teacher,Education Support Staff,,Use partner-assisted communication to help {preferredName} start an exchange,"start, sustain and end exchanges with increasing independence",peer discussion; group work; social conversation; repairing misunderstandings,consistently throughout the activity or across relevant settings in the school day,"Sustained, highly individualised; consistently across activity/settings",access and participation; prompt or assistance level; independent use of the support; task engagement/completion where relevant,"Which part of this support helps you most when working with peer discussion, group work, social conversation or repairing misunderstandings? What should we keep, change or fade?",Teach the student how and when to use the support; prompt use before increasing direct assistance; fade prompts when evidence shows increasing independence.,working_draft
D3-A05-EXT-02C,Communication,Conversation,Extensive,Communication & interaction,Classroom Teacher,Education Support Staff,,Support {preferredName} to end an exchange,"start, sustain and end exchanges with increasing independence",peer discussion; group work; social conversation; repairing misunderstandings,consistently throughout the activity or across relevant settings in the school day,"Sustained, highly individualised; consistently across activity/settings",access and participation; prompt or assistance level; independent use of the support; task engagement/completion where relevant,"Which part of this support helps you most when working with peer discussion, group work, social conversation or repairing misunderstandings? What should we keep, change or fade?",Teach the student how and when to use the support; prompt use before increasing direct assistance; fade prompts when evidence shows increasing independence.,working_draft
D4-A01-PE-01,Self-Care,Drinking,Present Environment,"Health, care & safety",Classroom Teacher,,,Maintain ordinary accessible supports and resources in the setting,"access drinking routines across class, breaks, sport or excursions",drinking routines across class; breaks; sport; excursions,as part of everyday practice,Ordinary supports/resources available in the setting,implementation as documented; safety/health observations required by the plan; participation and dignity; issues escalated according to the plan,"Which part of this support helps you most when working with drinking routines across class, breaks, sport or excursions? What should we keep, change or fade?",Follow the documented plan and do not fade safety-critical assistance except through formal review.,working_draft
D4-A01-DT-01,Self-Care,Drinking,Differentiated Teaching,"Health, care & safety",Education Support Staff,School Nurse,Trained and authorised staff nominated in the relevant plan,"Provide brief, occasional support for drinking routines in class, at breaks, during sport and on excursions, especially in hot weather, when routines change or when {preferredName} is highly focused on another activity",drink safely and adequately while maintaining dignity and participation,drinking routines across class; breaks; sport; excursions,as needed during relevant tasks or routines,"Brief, occasional; within usual classroom practice",implementation as documented; safety/health observations required by the plan; participation and dignity; issues escalated according to the plan,"Which part of this support helps you most when working with drinking routines across class, breaks, sport or excursions? What should we keep, change or fade?",Follow the documented plan and do not fade safety-critical assistance except through formal review.,working_draft
D4-A01-SUP-01A,Self-Care,Drinking,Supplementary,"Health, care & safety",Education Support Staff,School Nurse,Trained and authorised staff nominated in the relevant plan,Remind {preferredName} to drink at scheduled times,drink safely and adequately while maintaining dignity and participation,drinking routines across class; breaks; sport; excursions,at specific times through the week or in identified tasks or settings,"Regular, planned and personalised; at specific times/settings",implementation as documented; safety/health observations required by the plan; participation and dignity; issues escalated according to the plan,"Which part of this support helps you most when working with drinking routines across class, breaks, sport or excursions? What should we keep, change or fade?",Follow the documented plan and do not fade safety-critical assistance except through formal review.,working_draft
D4-A01-SUP-01B,Self-Care,Drinking,Supplementary,"Health, care & safety",Education Support Staff,School Nurse,Trained and authorised staff nominated in the relevant plan,Support {preferredName} to recognise thirst,drink safely and adequately while maintaining dignity and participation,drinking routines across class; breaks; sport; excursions,at specific times through the week or in identified tasks or settings,"Regular, planned and personalised; at specific times/settings",implementation as documented; safety/health observations required by the plan; participation and dignity; issues escalated according to the plan,"Which part of this support helps you most when working with drinking routines across class, breaks, sport or excursions? What should we keep, change or fade?",Follow the documented plan and do not fade safety-critical assistance except through formal review.,working_draft
D4-A01-SUP-01C,Self-Care,Drinking,Supplementary,"Health, care & safety",Education Support Staff,School Nurse,Trained and authorised staff nominated in the relevant plan,Monitor fluid intake,drink safely and adequately while maintaining dignity and participation,drinking routines across class; breaks; sport; excursions,at specific times through the week or in identified tasks or settings,"Regular, planned and personalised; at specific times/settings",implementation as documented; safety/health observations required by the plan; participation and dignity; issues escalated according to the plan,"Which part of this support helps you most when working with drinking routines across class, breaks, sport or excursions? What should we keep, change or fade?",Follow the documented plan and do not fade safety-critical assistance except through formal review.,working_draft
D4-A01-SUP-01D,Self-Care,Drinking,Supplementary,"Health, care & safety",Education Support Staff,School Nurse,Trained and authorised staff nominated in the relevant plan,Assist with opening containers,drink safely and adequately while maintaining dignity and participation,drinking routines across class; breaks; sport; excursions,at specific times through the week or in identified tasks or settings,"Regular, planned and personalised; at specific times/settings",implementation as documented; safety/health observations required by the plan; participation and dignity; issues escalated according to the plan,"Which part of this support helps you most when working with drinking routines across class, breaks, sport or excursions? What should we keep, change or fade?",Follow the documented plan and do not fade safety-critical assistance except through formal review.,working_draft
D4-A01-SUP-02A,Self-Care,Drinking,Supplementary,"Health, care & safety",Education Support Staff,School Nurse,Trained and authorised staff nominated in the relevant plan,Use adapted cups,drink safely and adequately while maintaining dignity and participation,drinking routines across class; breaks; sport; excursions,at specific times through the week or in identified tasks or settings,"Regular, planned and personalised; at specific times/settings",implementation as documented; safety/health observations required by the plan; participation and dignity; issues escalated according to the plan,"Which part of this support helps you most when working with drinking routines across class, breaks, sport or excursions? What should we keep, change or fade?",Follow the documented plan and do not fade safety-critical assistance except through formal review.,working_draft
D4-A01-SUP-02B,Self-Care,Drinking,Supplementary,"Health, care & safety",Education Support Staff,School Nurse,Trained and authorised staff nominated in the relevant plan,Check that drinking occurs safely,drink safely and adequately while maintaining dignity and participation,drinking routines across class; breaks; sport; excursions,at specific times through the week or in identified tasks or settings,"Regular, planned and personalised; at specific times/settings",implementation as documented; safety/health observations required by the plan; participation and dignity; issues escalated according to the plan,"Which part of this support helps you most when working with drinking routines across class, breaks, sport or excursions? What should we keep, change or fade?",Follow the documented plan and do not fade safety-critical assistance except through formal review.,working_draft
D4-A01-SUB-01A,Self-Care,Drinking,Substantial,"Health, care & safety",Education Support Staff,School Nurse,Trained and authorised staff nominated in the relevant plan,Systematically track fluid intake,drink safely and adequately while maintaining dignity and participation,drinking routines across class; breaks; sport; excursions,on most days or across most relevant tasks or settings,"Frequent, personalised; on most days/relevant settings",implementation as documented; safety/health observations required by the plan; participation and dignity; issues escalated according to the plan,"Which part of this support helps you most when working with drinking routines across class, breaks, sport or excursions? What should we keep, change or fade?",Follow the documented plan and do not fade safety-critical assistance except through formal review.,working_draft
D4-A01-SUB-01B,Self-Care,Drinking,Substantial,"Health, care & safety",Education Support Staff,School Nurse,Trained and authorised staff nominated in the relevant plan,Prepare modified fluids where prescribed,drink safely and adequately while maintaining dignity and participation,drinking routines across class; breaks; sport; excursions,on most days or across most relevant tasks or settings,"Frequent, personalised; on most days/relevant settings",implementation as documented; safety/health observations required by the plan; participation and dignity; issues escalated according to the plan,"Which part of this support helps you most when working with drinking routines across class, breaks, sport or excursions? What should we keep, change or fade?",Follow the documented plan and do not fade safety-critical assistance except through formal review.,working_draft
D4-A01-SUB-01C,Self-Care,Drinking,Substantial,"Health, care & safety",Education Support Staff,School Nurse,Trained and authorised staff nominated in the relevant plan,Provide physical assistance where appropriate,drink safely and adequately while maintaining dignity and participation,drinking routines across class; breaks; sport; excursions,on most days or across most relevant tasks or settings,"Frequent, personalised; on most days/relevant settings",implementation as documented; safety/health observations required by the plan; participation and dignity; issues escalated according to the plan,"Which part of this support helps you most when working with drinking routines across class, breaks, sport or excursions? What should we keep, change or fade?",Follow the documented plan and do not fade safety-critical assistance except through formal review.,working_draft
D4-A01-SUB-01D,Self-Care,Drinking,Substantial,"Health, care & safety",Education Support Staff,School Nurse,Trained and authorised staff nominated in the relevant plan,Support the use of adapted cups,drink safely and adequately while maintaining dignity and participation,drinking routines across class; breaks; sport; excursions,on most days or across most relevant tasks or settings,"Frequent, personalised; on most days/relevant settings",implementation as documented; safety/health observations required by the plan; participation and dignity; issues escalated according to the plan,"Which part of this support helps you most when working with drinking routines across class, breaks, sport or excursions? What should we keep, change or fade?",Follow the documented plan and do not fade safety-critical assistance except through formal review.,working_draft
D4-A01-SUB-02,Self-Care,Drinking,Substantial,"Health, care & safety",Education Support Staff,School Nurse,Trained and authorised staff nominated in the relevant plan,Provide frequent prompts,drink safely and adequately while maintaining dignity and participation,drinking routines across class; breaks; sport; excursions,on most days or across most relevant tasks or settings,"Frequent, personalised; on most days/relevant settings",implementation as documented; safety/health observations required by the plan; participation and dignity; issues escalated according to the plan,"Which part of this support helps you most when working with drinking routines across class, breaks, sport or excursions? What should we keep, change or fade?",Follow the documented plan and do not fade safety-critical assistance except through formal review.,working_draft
D4-A01-EXT-01A,Self-Care,Drinking,Extensive,"Health, care & safety",Education Support Staff,School Nurse,Trained and authorised staff nominated in the relevant plan,Provide physical assistance for drinking,drink safely and adequately while maintaining dignity and participation,drinking routines across class; breaks; sport; excursions,consistently throughout the activity or across relevant settings in the school day,"Sustained, highly individualised; consistently across activity/settings",implementation as documented; safety/health observations required by the plan; participation and dignity; issues escalated according to the plan,"Which part of this support helps you most when working with drinking routines across class, breaks, sport or excursions? What should we keep, change or fade?",Follow the documented plan and do not fade safety-critical assistance except through formal review.,working_draft
D4-A01-EXT-01B,Self-Care,Drinking,Extensive,"Health, care & safety",Education Support Staff,School Nurse,Trained and authorised staff nominated in the relevant plan,Manage specialised equipment,drink safely and adequately while maintaining dignity and participation,drinking routines across class; breaks; sport; excursions,consistently throughout the activity or across relevant settings in the school day,"Sustained, highly individualised; consistently across activity/settings",implementation as documented; safety/health observations required by the plan; participation and dignity; issues escalated according to the plan,"Which part of this support helps you most when working with drinking routines across class, breaks, sport or excursions? What should we keep, change or fade?",Follow the documented plan and do not fade safety-critical assistance except through formal review.,working_draft
D4-A01-EXT-01C,Self-Care,Drinking,Extensive,"Health, care & safety",Education Support Staff,School Nurse,Trained and authorised staff nominated in the relevant plan,Monitor closely for aspiration,drink safely and adequately while maintaining dignity and participation,drinking routines across class; breaks; sport; excursions,consistently throughout the activity or across relevant settings in the school day,"Sustained, highly individualised; consistently across activity/settings",implementation as documented; safety/health observations required by the plan; participation and dignity; issues escalated according to the plan,"Which part of this support helps you most when working with drinking routines across class, breaks, sport or excursions? What should we keep, change or fade?",Follow the documented plan and do not fade safety-critical assistance except through formal review.,working_draft
D4-A01-EXT-01D,Self-Care,Drinking,Extensive,"Health, care & safety",Education Support Staff,School Nurse,Trained and authorised staff nominated in the relevant plan,Follow the documented controls to reduce choking risk,drink safely and adequately while maintaining dignity and participation,drinking routines across class; breaks; sport; excursions,consistently throughout the activity or across relevant settings in the school day,"Sustained, highly individualised; consistently across activity/settings",implementation as documented; safety/health observations required by the plan; participation and dignity; issues escalated according to the plan,"Which part of this support helps you most when working with drinking routines across class, breaks, sport or excursions? What should we keep, change or fade?",Follow the documented plan and do not fade safety-critical assistance except through formal review.,working_draft
D4-A01-EXT-02A,Self-Care,Drinking,Extensive,"Health, care & safety",Education Support Staff,School Nurse,Trained and authorised staff nominated in the relevant plan,Significantly scaffold the physical task of drinking,drink safely and adequately while maintaining dignity and participation,drinking routines across class; breaks; sport; excursions,consistently throughout the activity or across relevant settings in the school day,"Sustained, highly individualised; consistently across activity/settings",implementation as documented; safety/health observations required by the plan; participation and dignity; issues escalated according to the plan,"Which part of this support helps you most when working with drinking routines across class, breaks, sport or excursions? What should we keep, change or fade?",Follow the documented plan and do not fade safety-critical assistance except through formal review.,working_draft
D4-A01-EXT-02B,Self-Care,Drinking,Extensive,"Health, care & safety",Education Support Staff,School Nurse,Trained and authorised staff nominated in the relevant plan,Adapt the drinking routine as documented,drink safely and adequately while maintaining dignity and participation,drinking routines across class; breaks; sport; excursions,consistently throughout the activity or across relevant settings in the school day,"Sustained, highly individualised; consistently across activity/settings",implementation as documented; safety/health observations required by the plan; participation and dignity; issues escalated according to the plan,"Which part of this support helps you most when working with drinking routines across class, breaks, sport or excursions? What should we keep, change or fade?",Follow the documented plan and do not fade safety-critical assistance except through formal review.,working_draft
D4-A02-PE-01,Self-Care,Eating,Present Environment,"Health, care & safety",Classroom Teacher,,,Maintain ordinary accessible supports and resources in the setting,"access eating routines during breaks, excursions or school activities",eating routines during breaks; excursions; school activities,as part of everyday practice,Ordinary supports/resources available in the setting,implementation as documented; safety/health observations required by the plan; participation and dignity; issues escalated according to the plan,"Which part of this support helps you most when working with eating routines during breaks, excursions or school activities? What should we keep, change or fade?",Follow the documented plan and do not fade safety-critical assistance except through formal review.,working_draft
D4-A02-DT-01,Self-Care,Eating,Differentiated Teaching,"Health, care & safety",Education Support Staff,School Nurse,Trained and authorised staff nominated in the relevant plan,"Provide brief, occasional support for eating routines at breaks, on excursions and at school activities, especially when routines change, when {preferredName} is distracted or when eating happens in a busy social environment",eat safely and adequately while maintaining dignity and participation,eating routines during breaks; excursions; school activities,as needed during relevant tasks or routines,"Brief, occasional; within usual classroom practice",implementation as documented; safety/health observations required by the plan; participation and dignity; issues escalated according to the plan,"Which part of this support helps you most when working with eating routines during breaks, excursions or school activities? What should we keep, change or fade?",Follow the documented plan and do not fade safety-critical assistance except through formal review.,working_draft
D4-A02-SUP-01A,Self-Care,Eating,Supplementary,"Health, care & safety",Education Support Staff,School Nurse,Trained and authorised staff nominated in the relevant plan,Support {preferredName} to moderate intake,eat safely and adequately while maintaining dignity and participation,eating routines during breaks; excursions; school activities,at specific times through the week or in identified tasks or settings,"Regular, planned and personalised; at specific times/settings",implementation as documented; safety/health observations required by the plan; participation and dignity; issues escalated according to the plan,"Which part of this support helps you most when working with eating routines during breaks, excursions or school activities? What should we keep, change or fade?",Follow the documented plan and do not fade safety-critical assistance except through formal review.,working_draft
D4-A02-SUP-01B,Self-Care,Eating,Supplementary,"Health, care & safety",Education Support Staff,School Nurse,Trained and authorised staff nominated in the relevant plan,Follow the documented eating plan and controls to reduce choking risk,eat safely and adequately while maintaining dignity and participation,eating routines during breaks; excursions; school activities,at specific times through the week or in identified tasks or settings,"Regular, planned and personalised; at specific times/settings",implementation as documented; safety/health observations required by the plan; participation and dignity; issues escalated according to the plan,"Which part of this support helps you most when working with eating routines during breaks, excursions or school activities? What should we keep, change or fade?",Follow the documented plan and do not fade safety-critical assistance except through formal review.,working_draft
D4-A02-SUP-01C,Self-Care,Eating,Supplementary,"Health, care & safety",Education Support Staff,School Nurse,Trained and authorised staff nominated in the relevant plan,Use adapted tools,eat safely and adequately while maintaining dignity and participation,eating routines during breaks; excursions; school activities,at specific times through the week or in identified tasks or settings,"Regular, planned and personalised; at specific times/settings",implementation as documented; safety/health observations required by the plan; participation and dignity; issues escalated according to the plan,"Which part of this support helps you most when working with eating routines during breaks, excursions or school activities? What should we keep, change or fade?",Follow the documented plan and do not fade safety-critical assistance except through formal review.,working_draft
D4-A02-SUP-01D,Self-Care,Eating,Supplementary,"Health, care & safety",Education Support Staff,School Nurse,Trained and authorised staff nominated in the relevant plan,Support {preferredName} to manage food choices in line with the documented plan,eat safely and adequately while maintaining dignity and participation,eating routines during breaks; excursions; school activities,at specific times through the week or in identified tasks or settings,"Regular, planned and personalised; at specific times/settings",implementation as documented; safety/health observations required by the plan; participation and dignity; issues escalated according to the plan,"Which part of this support helps you most when working with eating routines during breaks, excursions or school activities? What should we keep, change or fade?",Follow the documented plan and do not fade safety-critical assistance except through formal review.,working_draft
D4-A02-SUP-02A,Self-Care,Eating,Supplementary,"Health, care & safety",Education Support Staff,School Nurse,Trained and authorised staff nominated in the relevant plan,Open packaging or teach an agreed way to open it,eat safely and adequately while maintaining dignity and participation,eating routines during breaks; excursions; school activities,at specific times through the week or in identified tasks or settings,"Regular, planned and personalised; at specific times/settings",implementation as documented; safety/health observations required by the plan; participation and dignity; issues escalated according to the plan,"Which part of this support helps you most when working with eating routines during breaks, excursions or school activities? What should we keep, change or fade?",Follow the documented plan and do not fade safety-critical assistance except through formal review.,working_draft
D4-A02-SUP-02B,Self-Care,Eating,Supplementary,"Health, care & safety",Education Support Staff,School Nurse,Trained and authorised staff nominated in the relevant plan,Support {preferredName} to follow eating routines,eat safely and adequately while maintaining dignity and participation,eating routines during breaks; excursions; school activities,at specific times through the week or in identified tasks or settings,"Regular, planned and personalised; at specific times/settings",implementation as documented; safety/health observations required by the plan; participation and dignity; issues escalated according to the plan,"Which part of this support helps you most when working with eating routines during breaks, excursions or school activities? What should we keep, change or fade?",Follow the documented plan and do not fade safety-critical assistance except through formal review.,working_draft
D4-A02-SUP-02C,Self-Care,Eating,Supplementary,"Health, care & safety",Education Support Staff,School Nurse,Trained and authorised staff nominated in the relevant plan,Support {preferredName} to eat enough during break times,eat safely and adequately while maintaining dignity and participation,eating routines during breaks; excursions; school activities,at specific times through the week or in identified tasks or settings,"Regular, planned and personalised; at specific times/settings",implementation as documented; safety/health observations required by the plan; participation and dignity; issues escalated according to the plan,"Which part of this support helps you most when working with eating routines during breaks, excursions or school activities? What should we keep, change or fade?",Follow the documented plan and do not fade safety-critical assistance except through formal review.,working_draft
D4-A02-SUB-01A,Self-Care,Eating,Substantial,"Health, care & safety",Education Support Staff,School Nurse,Trained and authorised staff nominated in the relevant plan,Provide pre-cut food where documented,eat safely and adequately while maintaining dignity and participation,eating routines during breaks; excursions; school activities,on most days or across most relevant tasks or settings,"Frequent, personalised; on most days/relevant settings",implementation as documented; safety/health observations required by the plan; participation and dignity; issues escalated according to the plan,"Which part of this support helps you most when working with eating routines during breaks, excursions or school activities? What should we keep, change or fade?",Follow the documented plan and do not fade safety-critical assistance except through formal review.,working_draft
D4-A02-SUB-01B,Self-Care,Eating,Substantial,"Health, care & safety",Education Support Staff,School Nurse,Trained and authorised staff nominated in the relevant plan,Support the use of adapted cutlery,eat safely and adequately while maintaining dignity and participation,eating routines during breaks; excursions; school activities,on most days or across most relevant tasks or settings,"Frequent, personalised; on most days/relevant settings",implementation as documented; safety/health observations required by the plan; participation and dignity; issues escalated according to the plan,"Which part of this support helps you most when working with eating routines during breaks, excursions or school activities? What should we keep, change or fade?",Follow the documented plan and do not fade safety-critical assistance except through formal review.,working_draft
D4-A02-SUB-01C,Self-Care,Eating,Substantial,"Health, care & safety",Education Support Staff,School Nurse,Trained and authorised staff nominated in the relevant plan,Actively supervise meals to pace intake,eat safely and adequately while maintaining dignity and participation,eating routines during breaks; excursions; school activities,on most days or across most relevant tasks or settings,"Frequent, personalised; on most days/relevant settings",implementation as documented; safety/health observations required by the plan; participation and dignity; issues escalated according to the plan,"Which part of this support helps you most when working with eating routines during breaks, excursions or school activities? What should we keep, change or fade?",Follow the documented plan and do not fade safety-critical assistance except through formal review.,working_draft
D4-A02-SUB-01D,Self-Care,Eating,Substantial,"Health, care & safety",Education Support Staff,School Nurse,Trained and authorised staff nominated in the relevant plan,Reduce choking risk,eat safely and adequately while maintaining dignity and participation,eating routines during breaks; excursions; school activities,on most days or across most relevant tasks or settings,"Frequent, personalised; on most days/relevant settings",implementation as documented; safety/health observations required by the plan; participation and dignity; issues escalated according to the plan,"Which part of this support helps you most when working with eating routines during breaks, excursions or school activities? What should we keep, change or fade?",Follow the documented plan and do not fade safety-critical assistance except through formal review.,working_draft
D4-A02-SUB-02A,Self-Care,Eating,Substantial,"Health, care & safety",Education Support Staff,School Nurse,Trained and authorised staff nominated in the relevant plan,Provide physical assistance where appropriate,eat safely and adequately while maintaining dignity and participation,eating routines during breaks; excursions; school activities,on most days or across most relevant tasks or settings,"Frequent, personalised; on most days/relevant settings",implementation as documented; safety/health observations required by the plan; participation and dignity; issues escalated according to the plan,"Which part of this support helps you most when working with eating routines during breaks, excursions or school activities? What should we keep, change or fade?",Follow the documented plan and do not fade safety-critical assistance except through formal review.,working_draft
D4-A02-SUB-02B,Self-Care,Eating,Substantial,"Health, care & safety",Education Support Staff,School Nurse,Trained and authorised staff nominated in the relevant plan,Monitor nutrition,eat safely and adequately while maintaining dignity and participation,eating routines during breaks; excursions; school activities,on most days or across most relevant tasks or settings,"Frequent, personalised; on most days/relevant settings",implementation as documented; safety/health observations required by the plan; participation and dignity; issues escalated according to the plan,"Which part of this support helps you most when working with eating routines during breaks, excursions or school activities? What should we keep, change or fade?",Follow the documented plan and do not fade safety-critical assistance except through formal review.,working_draft
D4-A02-SUB-02C,Self-Care,Eating,Substantial,"Health, care & safety",Education Support Staff,School Nurse,Trained and authorised staff nominated in the relevant plan,Monitor intake in line with relevant advice,eat safely and adequately while maintaining dignity and participation,eating routines during breaks; excursions; school activities,on most days or across most relevant tasks or settings,"Frequent, personalised; on most days/relevant settings",implementation as documented; safety/health observations required by the plan; participation and dignity; issues escalated according to the plan,"Which part of this support helps you most when working with eating routines during breaks, excursions or school activities? What should we keep, change or fade?",Follow the documented plan and do not fade safety-critical assistance except through formal review.,working_draft
D4-A02-EXT-01A,Self-Care,Eating,Extensive,"Health, care & safety",Education Support Staff,School Nurse,Trained and authorised staff nominated in the relevant plan,Provide modified diets as prescribed,eat safely and adequately while maintaining dignity and participation,eating routines during breaks; excursions; school activities,consistently throughout the activity or across relevant settings in the school day,"Sustained, highly individualised; consistently across activity/settings",implementation as documented; safety/health observations required by the plan; participation and dignity; issues escalated according to the plan,"Which part of this support helps you most when working with eating routines during breaks, excursions or school activities? What should we keep, change or fade?",Follow the documented plan and do not fade safety-critical assistance except through formal review.,working_draft
D4-A02-EXT-01B,Self-Care,Eating,Extensive,"Health, care & safety",Education Support Staff,School Nurse,Trained and authorised staff nominated in the relevant plan,Closely monitor for aspiration,eat safely and adequately while maintaining dignity and participation,eating routines during breaks; excursions; school activities,consistently throughout the activity or across relevant settings in the school day,"Sustained, highly individualised; consistently across activity/settings",implementation as documented; safety/health observations required by the plan; participation and dignity; issues escalated according to the plan,"Which part of this support helps you most when working with eating routines during breaks, excursions or school activities? What should we keep, change or fade?",Follow the documented plan and do not fade safety-critical assistance except through formal review.,working_draft
D4-A02-EXT-01C,Self-Care,Eating,Extensive,"Health, care & safety",Education Support Staff,School Nurse,Trained and authorised staff nominated in the relevant plan,Follow the documented controls to reduce choking risk,eat safely and adequately while maintaining dignity and participation,eating routines during breaks; excursions; school activities,consistently throughout the activity or across relevant settings in the school day,"Sustained, highly individualised; consistently across activity/settings",implementation as documented; safety/health observations required by the plan; participation and dignity; issues escalated according to the plan,"Which part of this support helps you most when working with eating routines during breaks, excursions or school activities? What should we keep, change or fade?",Follow the documented plan and do not fade safety-critical assistance except through formal review.,working_draft
D4-A02-EXT-01D,Self-Care,Eating,Extensive,"Health, care & safety",Education Support Staff,School Nurse,Trained and authorised staff nominated in the relevant plan,Significantly scaffold the mealtime routine,eat safely and adequately while maintaining dignity and participation,eating routines during breaks; excursions; school activities,consistently throughout the activity or across relevant settings in the school day,"Sustained, highly individualised; consistently across activity/settings",implementation as documented; safety/health observations required by the plan; participation and dignity; issues escalated according to the plan,"Which part of this support helps you most when working with eating routines during breaks, excursions or school activities? What should we keep, change or fade?",Follow the documented plan and do not fade safety-critical assistance except through formal review.,working_draft
D4-A02-EXT-02,Self-Care,Eating,Extensive,"Health, care & safety",Education Support Staff,School Nurse,Trained and authorised staff nominated in the relevant plan,Adapt the eating environment to reduce distraction and risk,eat safely and adequately while maintaining dignity and participation,eating routines during breaks; excursions; school activities,consistently throughout the activity or across relevant settings in the school day,"Sustained, highly individualised; consistently across activity/settings",implementation as documented; safety/health observations required by the plan; participation and dignity; issues escalated according to the plan,"Which part of this support helps you most when working with eating routines during breaks, excursions or school activities? What should we keep, change or fade?",Follow the documented plan and do not fade safety-critical assistance except through formal review.,working_draft
D4-A03-PE-01,Self-Care,Dressing,Present Environment,"Health, care & safety",Classroom Teacher,,,Maintain ordinary accessible supports and resources in the setting,"access PE, sport, weather, toileting or clothing changes",PE; sport; weather; toileting; clothing changes,as part of everyday practice,Ordinary supports/resources available in the setting,implementation as documented; safety/health observations required by the plan; participation and dignity; issues escalated according to the plan,"Which part of this support helps you most when working with PE, sport, weather, toileting or clothing changes? What should we keep, change or fade?",Follow the documented plan and do not fade safety-critical assistance except through formal review.,working_draft
D4-A03-DT-01,Self-Care,Dressing,Differentiated Teaching,"Health, care & safety",Education Support Staff,School Nurse,Trained and authorised staff nominated in the relevant plan,Provide agreed classroom supports matched to the activity,manage clothing safely and with dignity,PE; sport; weather; toileting; clothing changes,as needed during relevant tasks or routines,"Brief, occasional; within usual classroom practice",implementation as documented; safety/health observations required by the plan; participation and dignity; issues escalated according to the plan,"Which part of this support helps you most when working with PE, sport, weather, toileting or clothing changes? What should we keep, change or fade?",Follow the documented plan and do not fade safety-critical assistance except through formal review.,working_draft
D4-A03-SUP-01A,Self-Care,Dressing,Supplementary,"Health, care & safety",Education Support Staff,School Nurse,Trained and authorised staff nominated in the relevant plan,Support {preferredName} to put on shoes,manage clothing safely and with dignity,PE; sport; weather; toileting; clothing changes,at specific times through the week or in identified tasks or settings,"Regular, planned and personalised; at specific times/settings",implementation as documented; safety/health observations required by the plan; participation and dignity; issues escalated according to the plan,"Which part of this support helps you most when working with PE, sport, weather, toileting or clothing changes? What should we keep, change or fade?",Follow the documented plan and do not fade safety-critical assistance except through formal review.,working_draft
D4-A03-SUP-01B,Self-Care,Dressing,Supplementary,"Health, care & safety",Education Support Staff,School Nurse,Trained and authorised staff nominated in the relevant plan,Support {preferredName} to manage fasteners,manage clothing safely and with dignity,PE; sport; weather; toileting; clothing changes,at specific times through the week or in identified tasks or settings,"Regular, planned and personalised; at specific times/settings",implementation as documented; safety/health observations required by the plan; participation and dignity; issues escalated according to the plan,"Which part of this support helps you most when working with PE, sport, weather, toileting or clothing changes? What should we keep, change or fade?",Follow the documented plan and do not fade safety-critical assistance except through formal review.,working_draft
D4-A03-SUP-01C,Self-Care,Dressing,Supplementary,"Health, care & safety",Education Support Staff,School Nurse,Trained and authorised staff nominated in the relevant plan,Adjust clothing for comfort,manage clothing safely and with dignity,PE; sport; weather; toileting; clothing changes,at specific times through the week or in identified tasks or settings,"Regular, planned and personalised; at specific times/settings",implementation as documented; safety/health observations required by the plan; participation and dignity; issues escalated according to the plan,"Which part of this support helps you most when working with PE, sport, weather, toileting or clothing changes? What should we keep, change or fade?",Follow the documented plan and do not fade safety-critical assistance except through formal review.,working_draft
D4-A03-SUP-01D,Self-Care,Dressing,Supplementary,"Health, care & safety",Education Support Staff,School Nurse,Trained and authorised staff nominated in the relevant plan,Support {preferredName} with changing for sport,manage clothing safely and with dignity,PE; sport; weather; toileting; clothing changes,at specific times through the week or in identified tasks or settings,"Regular, planned and personalised; at specific times/settings",implementation as documented; safety/health observations required by the plan; participation and dignity; issues escalated according to the plan,"Which part of this support helps you most when working with PE, sport, weather, toileting or clothing changes? What should we keep, change or fade?",Follow the documented plan and do not fade safety-critical assistance except through formal review.,working_draft
D4-A03-SUP-02,Self-Care,Dressing,Supplementary,"Health, care & safety",Education Support Staff,School Nurse,Trained and authorised staff nominated in the relevant plan,Maintain privacy and dignity during clothing changes,manage clothing safely and with dignity,PE; sport; weather; toileting; clothing changes,at specific times through the week or in identified tasks or settings,"Regular, planned and personalised; at specific times/settings",implementation as documented; safety/health observations required by the plan; participation and dignity; issues escalated according to the plan,"Which part of this support helps you most when working with PE, sport, weather, toileting or clothing changes? What should we keep, change or fade?",Follow the documented plan and do not fade safety-critical assistance except through formal review.,working_draft
D4-A03-SUB-01A,Self-Care,Dressing,Substantial,"Health, care & safety",Education Support Staff,School Nurse,Trained and authorised staff nominated in the relevant plan,Provide step-by-step verbal instructions,manage clothing safely and with dignity,PE; sport; weather; toileting; clothing changes,on most days or across most relevant tasks or settings,"Frequent, personalised; on most days/relevant settings",implementation as documented; safety/health observations required by the plan; participation and dignity; issues escalated according to the plan,"Which part of this support helps you most when working with PE, sport, weather, toileting or clothing changes? What should we keep, change or fade?",Follow the documented plan and do not fade safety-critical assistance except through formal review.,working_draft
D4-A03-SUB-01B,Self-Care,Dressing,Substantial,"Health, care & safety",Education Support Staff,School Nurse,Trained and authorised staff nominated in the relevant plan,Provide physical assistance with complex fasteners where appropriate,manage clothing safely and with dignity,PE; sport; weather; toileting; clothing changes,on most days or across most relevant tasks or settings,"Frequent, personalised; on most days/relevant settings",implementation as documented; safety/health observations required by the plan; participation and dignity; issues escalated according to the plan,"Which part of this support helps you most when working with PE, sport, weather, toileting or clothing changes? What should we keep, change or fade?",Follow the documented plan and do not fade safety-critical assistance except through formal review.,working_draft
D4-A03-SUB-01C,Self-Care,Dressing,Substantial,"Health, care & safety",Education Support Staff,School Nurse,Trained and authorised staff nominated in the relevant plan,Guide {preferredName} into position for dressing,manage clothing safely and with dignity,PE; sport; weather; toileting; clothing changes,on most days or across most relevant tasks or settings,"Frequent, personalised; on most days/relevant settings",implementation as documented; safety/health observations required by the plan; participation and dignity; issues escalated according to the plan,"Which part of this support helps you most when working with PE, sport, weather, toileting or clothing changes? What should we keep, change or fade?",Follow the documented plan and do not fade safety-critical assistance except through formal review.,working_draft
D4-A03-SUB-01D,Self-Care,Dressing,Substantial,"Health, care & safety",Education Support Staff,School Nurse,Trained and authorised staff nominated in the relevant plan,Offer visual sequences,manage clothing safely and with dignity,PE; sport; weather; toileting; clothing changes,on most days or across most relevant tasks or settings,"Frequent, personalised; on most days/relevant settings",implementation as documented; safety/health observations required by the plan; participation and dignity; issues escalated according to the plan,"Which part of this support helps you most when working with PE, sport, weather, toileting or clothing changes? What should we keep, change or fade?",Follow the documented plan and do not fade safety-critical assistance except through formal review.,working_draft
D4-A03-SUB-02A,Self-Care,Dressing,Substantial,"Health, care & safety",Education Support Staff,School Nurse,Trained and authorised staff nominated in the relevant plan,Support clothing changes linked to sport,manage clothing safely and with dignity,PE; sport; weather; toileting; clothing changes,on most days or across most relevant tasks or settings,"Frequent, personalised; on most days/relevant settings",implementation as documented; safety/health observations required by the plan; participation and dignity; issues escalated according to the plan,"Which part of this support helps you most when working with PE, sport, weather, toileting or clothing changes? What should we keep, change or fade?",Follow the documented plan and do not fade safety-critical assistance except through formal review.,working_draft
D4-A03-SUB-02B,Self-Care,Dressing,Substantial,"Health, care & safety",Education Support Staff,School Nurse,Trained and authorised staff nominated in the relevant plan,Follow the documented personal care routine for dressing,manage clothing safely and with dignity,PE; sport; weather; toileting; clothing changes,on most days or across most relevant tasks or settings,"Frequent, personalised; on most days/relevant settings",implementation as documented; safety/health observations required by the plan; participation and dignity; issues escalated according to the plan,"Which part of this support helps you most when working with PE, sport, weather, toileting or clothing changes? What should we keep, change or fade?",Follow the documented plan and do not fade safety-critical assistance except through formal review.,working_draft
D4-A03-EXT-01A,Self-Care,Dressing,Extensive,"Health, care & safety",Education Support Staff,School Nurse,Trained and authorised staff nominated in the relevant plan,Put on and fasten shoes for {preferredName},manage clothing safely and with dignity,PE; sport; weather; toileting; clothing changes,consistently throughout the activity or across relevant settings in the school day,"Sustained, highly individualised; consistently across activity/settings",implementation as documented; safety/health observations required by the plan; participation and dignity; issues escalated according to the plan,"Which part of this support helps you most when working with PE, sport, weather, toileting or clothing changes? What should we keep, change or fade?",Follow the documented plan and do not fade safety-critical assistance except through formal review.,working_draft
D4-A03-EXT-01B,Self-Care,Dressing,Extensive,"Health, care & safety",Education Support Staff,School Nurse,Trained and authorised staff nominated in the relevant plan,Support the use of continence-related clothing,manage clothing safely and with dignity,PE; sport; weather; toileting; clothing changes,consistently throughout the activity or across relevant settings in the school day,"Sustained, highly individualised; consistently across activity/settings",implementation as documented; safety/health observations required by the plan; participation and dignity; issues escalated according to the plan,"Which part of this support helps you most when working with PE, sport, weather, toileting or clothing changes? What should we keep, change or fade?",Follow the documented plan and do not fade safety-critical assistance except through formal review.,working_draft
D4-A03-EXT-01C,Self-Care,Dressing,Extensive,"Health, care & safety",Education Support Staff,School Nurse,Trained and authorised staff nominated in the relevant plan,Provide and support the use of protective clothing,manage clothing safely and with dignity,PE; sport; weather; toileting; clothing changes,consistently throughout the activity or across relevant settings in the school day,"Sustained, highly individualised; consistently across activity/settings",implementation as documented; safety/health observations required by the plan; participation and dignity; issues escalated according to the plan,"Which part of this support helps you most when working with PE, sport, weather, toileting or clothing changes? What should we keep, change or fade?",Follow the documented plan and do not fade safety-critical assistance except through formal review.,working_draft
D4-A03-EXT-01D,Self-Care,Dressing,Extensive,"Health, care & safety",Education Support Staff,School Nurse,Trained and authorised staff nominated in the relevant plan,Provide support with swimming clothing as documented and required for participation,manage clothing safely and with dignity,PE; sport; weather; toileting; clothing changes,consistently throughout the activity or across relevant settings in the school day,"Sustained, highly individualised; consistently across activity/settings",implementation as documented; safety/health observations required by the plan; participation and dignity; issues escalated according to the plan,"Which part of this support helps you most when working with PE, sport, weather, toileting or clothing changes? What should we keep, change or fade?",Follow the documented plan and do not fade safety-critical assistance except through formal review.,working_draft
D4-A03-EXT-02A,Self-Care,Dressing,Extensive,"Health, care & safety",Education Support Staff,School Nurse,Trained and authorised staff nominated in the relevant plan,Support clothing changes after spills,manage clothing safely and with dignity,PE; sport; weather; toileting; clothing changes,consistently throughout the activity or across relevant settings in the school day,"Sustained, highly individualised; consistently across activity/settings",implementation as documented; safety/health observations required by the plan; participation and dignity; issues escalated according to the plan,"Which part of this support helps you most when working with PE, sport, weather, toileting or clothing changes? What should we keep, change or fade?",Follow the documented plan and do not fade safety-critical assistance except through formal review.,working_draft
D4-A03-EXT-02B,Self-Care,Dressing,Extensive,"Health, care & safety",Education Support Staff,School Nurse,Trained and authorised staff nominated in the relevant plan,Provide full support with dressing as part of the documented personal care routine,manage clothing safely and with dignity,PE; sport; weather; toileting; clothing changes,consistently throughout the activity or across relevant settings in the school day,"Sustained, highly individualised; consistently across activity/settings",implementation as documented; safety/health observations required by the plan; participation and dignity; issues escalated according to the plan,"Which part of this support helps you most when working with PE, sport, weather, toileting or clothing changes? What should we keep, change or fade?",Follow the documented plan and do not fade safety-critical assistance except through formal review.,working_draft
D4-A04-PE-01,Self-Care,Toileting,Present Environment,"Health, care & safety",Classroom Teacher,,,Maintain ordinary accessible supports and resources in the setting,access toileting or hygiene routines and transitions to and from class,toileting; hygiene routines and transitions to and from class,as part of everyday practice,Ordinary supports/resources available in the setting,implementation as documented; safety/health observations required by the plan; participation and dignity; issues escalated according to the plan,"Which part of this support helps you most when working with toileting or hygiene routines and transitions to and from class? What should we keep, change or fade?",Follow the documented plan and do not fade safety-critical assistance except through formal review.,working_draft
D4-A04-DT-01A,Self-Care,Toileting,Differentiated Teaching,"Health, care & safety",Education Support Staff,School Nurse,Trained and authorised staff nominated in the relevant plan,"Provide brief, low-level support for toileting and hygiene within ordinary classroom and yard routines","access toileting safely, hygienically and with dignity",toileting; hygiene routines and transitions to and from class,as needed during relevant tasks or routines,"Brief, occasional; within usual classroom practice",implementation as documented; safety/health observations required by the plan; participation and dignity; issues escalated according to the plan,"Which part of this support helps you most when working with toileting or hygiene routines and transitions to and from class? What should we keep, change or fade?",Follow the documented plan and do not fade safety-critical assistance except through formal review.,working_draft
D4-A04-DT-01B,Self-Care,Toileting,Differentiated Teaching,"Health, care & safety",Education Support Staff,School Nurse,Trained and authorised staff nominated in the relevant plan,Support low-level routines within ordinary classroom or yard routines,"access toileting safely, hygienically and with dignity",toileting; hygiene routines and transitions to and from class,as needed during relevant tasks or routines,"Brief, occasional; within usual classroom practice",implementation as documented; safety/health observations required by the plan; participation and dignity; issues escalated according to the plan,"Which part of this support helps you most when working with toileting or hygiene routines and transitions to and from class? What should we keep, change or fade?",Follow the documented plan and do not fade safety-critical assistance except through formal review.,working_draft
D4-A04-SUP-01A,Self-Care,Toileting,Supplementary,"Health, care & safety",Education Support Staff,School Nurse,Trained and authorised staff nominated in the relevant plan,Support {preferredName} to follow a toileting schedule,"access toileting safely, hygienically and with dignity",toileting; hygiene routines and transitions to and from class,at specific times through the week or in identified tasks or settings,"Regular, planned and personalised; at specific times/settings",implementation as documented; safety/health observations required by the plan; participation and dignity; issues escalated according to the plan,"Which part of this support helps you most when working with toileting or hygiene routines and transitions to and from class? What should we keep, change or fade?",Follow the documented plan and do not fade safety-critical assistance except through formal review.,working_draft
D4-A04-SUP-01B,Self-Care,Toileting,Supplementary,"Health, care & safety",Education Support Staff,School Nurse,Trained and authorised staff nominated in the relevant plan,Support {preferredName} to recognise body cues,"access toileting safely, hygienically and with dignity",toileting; hygiene routines and transitions to and from class,at specific times through the week or in identified tasks or settings,"Regular, planned and personalised; at specific times/settings",implementation as documented; safety/health observations required by the plan; participation and dignity; issues escalated according to the plan,"Which part of this support helps you most when working with toileting or hygiene routines and transitions to and from class? What should we keep, change or fade?",Follow the documented plan and do not fade safety-critical assistance except through formal review.,working_draft
D4-A04-SUP-01C,Self-Care,Toileting,Supplementary,"Health, care & safety",Education Support Staff,School Nurse,Trained and authorised staff nominated in the relevant plan,Support {preferredName} to go to the toilet at planned times,"access toileting safely, hygienically and with dignity",toileting; hygiene routines and transitions to and from class,at specific times through the week or in identified tasks or settings,"Regular, planned and personalised; at specific times/settings",implementation as documented; safety/health observations required by the plan; participation and dignity; issues escalated according to the plan,"Which part of this support helps you most when working with toileting or hygiene routines and transitions to and from class? What should we keep, change or fade?",Follow the documented plan and do not fade safety-critical assistance except through formal review.,working_draft
D4-A04-SUP-01D,Self-Care,Toileting,Supplementary,"Health, care & safety",Education Support Staff,School Nurse,Trained and authorised staff nominated in the relevant plan,Support {preferredName} to manage clothing,"access toileting safely, hygienically and with dignity",toileting; hygiene routines and transitions to and from class,at specific times through the week or in identified tasks or settings,"Regular, planned and personalised; at specific times/settings",implementation as documented; safety/health observations required by the plan; participation and dignity; issues escalated according to the plan,"Which part of this support helps you most when working with toileting or hygiene routines and transitions to and from class? What should we keep, change or fade?",Follow the documented plan and do not fade safety-critical assistance except through formal review.,working_draft
D4-A04-SUP-02A,Self-Care,Toileting,Supplementary,"Health, care & safety",Education Support Staff,School Nurse,Trained and authorised staff nominated in the relevant plan,Support {preferredName} to use continence aids,"access toileting safely, hygienically and with dignity",toileting; hygiene routines and transitions to and from class,at specific times through the week or in identified tasks or settings,"Regular, planned and personalised; at specific times/settings",implementation as documented; safety/health observations required by the plan; participation and dignity; issues escalated according to the plan,"Which part of this support helps you most when working with toileting or hygiene routines and transitions to and from class? What should we keep, change or fade?",Follow the documented plan and do not fade safety-critical assistance except through formal review.,working_draft
D4-A04-SUP-02B,Self-Care,Toileting,Supplementary,"Health, care & safety",Education Support Staff,School Nurse,Trained and authorised staff nominated in the relevant plan,Prompt {preferredName} to wash hands,"access toileting safely, hygienically and with dignity",toileting; hygiene routines and transitions to and from class,at specific times through the week or in identified tasks or settings,"Regular, planned and personalised; at specific times/settings",implementation as documented; safety/health observations required by the plan; participation and dignity; issues escalated according to the plan,"Which part of this support helps you most when working with toileting or hygiene routines and transitions to and from class? What should we keep, change or fade?",Follow the documented plan and do not fade safety-critical assistance except through formal review.,working_draft
D4-A04-SUP-02C,Self-Care,Toileting,Supplementary,"Health, care & safety",Education Support Staff,School Nurse,Trained and authorised staff nominated in the relevant plan,Maintain privacy and dignity,"access toileting safely, hygienically and with dignity",toileting; hygiene routines and transitions to and from class,at specific times through the week or in identified tasks or settings,"Regular, planned and personalised; at specific times/settings",implementation as documented; safety/health observations required by the plan; participation and dignity; issues escalated according to the plan,"Which part of this support helps you most when working with toileting or hygiene routines and transitions to and from class? What should we keep, change or fade?",Follow the documented plan and do not fade safety-critical assistance except through formal review.,working_draft
D4-A04-SUP-02D,Self-Care,Toileting,Supplementary,"Health, care & safety",Education Support Staff,School Nurse,Trained and authorised staff nominated in the relevant plan,Support {preferredName} to return to learning,"access toileting safely, hygienically and with dignity",toileting; hygiene routines and transitions to and from class,at specific times through the week or in identified tasks or settings,"Regular, planned and personalised; at specific times/settings",implementation as documented; safety/health observations required by the plan; participation and dignity; issues escalated according to the plan,"Which part of this support helps you most when working with toileting or hygiene routines and transitions to and from class? What should we keep, change or fade?",Follow the documented plan and do not fade safety-critical assistance except through formal review.,working_draft
D4-A04-SUB-01A,Self-Care,Toileting,Substantial,"Health, care & safety",Education Support Staff,School Nurse,Trained and authorised staff nominated in the relevant plan,Provide physical assistance with clothing,"access toileting safely, hygienically and with dignity",toileting; hygiene routines and transitions to and from class,on most days or across most relevant tasks or settings,"Frequent, personalised; on most days/relevant settings",implementation as documented; safety/health observations required by the plan; participation and dignity; issues escalated according to the plan,"Which part of this support helps you most when working with toileting or hygiene routines and transitions to and from class? What should we keep, change or fade?",Follow the documented plan and do not fade safety-critical assistance except through formal review.,working_draft
D4-A04-SUB-01B,Self-Care,Toileting,Substantial,"Health, care & safety",Education Support Staff,School Nurse,Trained and authorised staff nominated in the relevant plan,Support the use of specialised toileting equipment,"access toileting safely, hygienically and with dignity",toileting; hygiene routines and transitions to and from class,on most days or across most relevant tasks or settings,"Frequent, personalised; on most days/relevant settings",implementation as documented; safety/health observations required by the plan; participation and dignity; issues escalated according to the plan,"Which part of this support helps you most when working with toileting or hygiene routines and transitions to and from class? What should we keep, change or fade?",Follow the documented plan and do not fade safety-critical assistance except through formal review.,working_draft
D4-A04-SUB-01C,Self-Care,Toileting,Substantial,"Health, care & safety",Education Support Staff,School Nurse,Trained and authorised staff nominated in the relevant plan,Assist with changing sanitary items,"access toileting safely, hygienically and with dignity",toileting; hygiene routines and transitions to and from class,on most days or across most relevant tasks or settings,"Frequent, personalised; on most days/relevant settings",implementation as documented; safety/health observations required by the plan; participation and dignity; issues escalated according to the plan,"Which part of this support helps you most when working with toileting or hygiene routines and transitions to and from class? What should we keep, change or fade?",Follow the documented plan and do not fade safety-critical assistance except through formal review.,working_draft
D4-A04-SUB-01D,Self-Care,Toileting,Substantial,"Health, care & safety",Education Support Staff,School Nurse,Trained and authorised staff nominated in the relevant plan,Support the use of continence aids,"access toileting safely, hygienically and with dignity",toileting; hygiene routines and transitions to and from class,on most days or across most relevant tasks or settings,"Frequent, personalised; on most days/relevant settings",implementation as documented; safety/health observations required by the plan; participation and dignity; issues escalated according to the plan,"Which part of this support helps you most when working with toileting or hygiene routines and transitions to and from class? What should we keep, change or fade?",Follow the documented plan and do not fade safety-critical assistance except through formal review.,working_draft
D4-A04-SUB-02,Self-Care,Toileting,Substantial,"Health, care & safety",Education Support Staff,School Nurse,Trained and authorised staff nominated in the relevant plan,Guide hygiene practices,"access toileting safely, hygienically and with dignity",toileting; hygiene routines and transitions to and from class,on most days or across most relevant tasks or settings,"Frequent, personalised; on most days/relevant settings",implementation as documented; safety/health observations required by the plan; participation and dignity; issues escalated according to the plan,"Which part of this support helps you most when working with toileting or hygiene routines and transitions to and from class? What should we keep, change or fade?",Follow the documented plan and do not fade safety-critical assistance except through formal review.,working_draft
D4-A04-EXT-01A,Self-Care,Toileting,Extensive,"Health, care & safety",Education Support Staff,School Nurse,Trained and authorised staff nominated in the relevant plan,Manage the toileting routine,"access toileting safely, hygienically and with dignity",toileting; hygiene routines and transitions to and from class,consistently throughout the activity or across relevant settings in the school day,"Sustained, highly individualised; consistently across activity/settings",implementation as documented; safety/health observations required by the plan; participation and dignity; issues escalated according to the plan,"Which part of this support helps you most when working with toileting or hygiene routines and transitions to and from class? What should we keep, change or fade?",Follow the documented plan and do not fade safety-critical assistance except through formal review.,working_draft
D4-A04-EXT-01B,Self-Care,Toileting,Extensive,Physical access & mobility,Education Support Staff,School Nurse,Trained and authorised staff nominated in the relevant plan,Support transfers using prescribed equipment,"access toileting safely, hygienically and with dignity",toileting; hygiene routines and transitions to and from class,consistently throughout the activity or across relevant settings in the school day,"Sustained, highly individualised; consistently across activity/settings",implementation as documented; safety/health observations required by the plan; participation and dignity; issues escalated according to the plan,"Which part of this support helps you most when working with toileting or hygiene routines and transitions to and from class? What should we keep, change or fade?",Follow the documented plan and do not fade safety-critical assistance except through formal review.,working_draft
D4-A04-EXT-01C,Self-Care,Toileting,Extensive,"Health, care & safety",Education Support Staff,School Nurse,Trained and authorised staff nominated in the relevant plan,Follow the documented manual handling procedures,"access toileting safely, hygienically and with dignity",toileting; hygiene routines and transitions to and from class,consistently throughout the activity or across relevant settings in the school day,"Sustained, highly individualised; consistently across activity/settings",implementation as documented; safety/health observations required by the plan; participation and dignity; issues escalated according to the plan,"Which part of this support helps you most when working with toileting or hygiene routines and transitions to and from class? What should we keep, change or fade?",Follow the documented plan and do not fade safety-critical assistance except through formal review.,working_draft
D4-A04-EXT-01D,Self-Care,Toileting,Extensive,"Health, care & safety",Education Support Staff,School Nurse,Trained and authorised staff nominated in the relevant plan,Change continence aids,"access toileting safely, hygienically and with dignity",toileting; hygiene routines and transitions to and from class,consistently throughout the activity or across relevant settings in the school day,"Sustained, highly individualised; consistently across activity/settings",implementation as documented; safety/health observations required by the plan; participation and dignity; issues escalated according to the plan,"Which part of this support helps you most when working with toileting or hygiene routines and transitions to and from class? What should we keep, change or fade?",Follow the documented plan and do not fade safety-critical assistance except through formal review.,working_draft
D4-A04-EXT-02A,Self-Care,Toileting,Extensive,"Health, care & safety",Education Support Staff,School Nurse,Trained and authorised staff nominated in the relevant plan,Significantly scaffold hygiene tasks,"access toileting safely, hygienically and with dignity",toileting; hygiene routines and transitions to and from class,consistently throughout the activity or across relevant settings in the school day,"Sustained, highly individualised; consistently across activity/settings",implementation as documented; safety/health observations required by the plan; participation and dignity; issues escalated according to the plan,"Which part of this support helps you most when working with toileting or hygiene routines and transitions to and from class? What should we keep, change or fade?",Follow the documented plan and do not fade safety-critical assistance except through formal review.,working_draft
D4-A04-EXT-02B,Self-Care,Toileting,Extensive,"Health, care & safety",Education Support Staff,School Nurse,Trained and authorised staff nominated in the relevant plan,Adapt the bathroom environment,"access toileting safely, hygienically and with dignity",toileting; hygiene routines and transitions to and from class,consistently throughout the activity or across relevant settings in the school day,"Sustained, highly individualised; consistently across activity/settings",implementation as documented; safety/health observations required by the plan; participation and dignity; issues escalated according to the plan,"Which part of this support helps you most when working with toileting or hygiene routines and transitions to and from class? What should we keep, change or fade?",Follow the documented plan and do not fade safety-critical assistance except through formal review.,working_draft
D4-A05-PE-01,Self-Care,Washing Oneself,Present Environment,"Health, care & safety",Classroom Teacher,,,Maintain ordinary accessible supports and resources in the setting,"access handwashing, hygiene after toileting, eating, sport or practical activities",handwashing; hygiene after toileting; eating; sport; practical activities,as part of everyday practice,Ordinary supports/resources available in the setting,implementation as documented; safety/health observations required by the plan; participation and dignity; issues escalated according to the plan,"Which part of this support helps you most when working with handwashing, hygiene after toileting, eating, sport or practical activities? What should we keep, change or fade?",Follow the documented plan and do not fade safety-critical assistance except through formal review.,working_draft
D4-A05-DT-01,Self-Care,Washing Oneself,Differentiated Teaching,"Health, care & safety",Education Support Staff,School Nurse,Trained and authorised staff nominated in the relevant plan,Provide agreed classroom supports matched to the activity,complete hygiene routines safely and with dignity,handwashing; hygiene after toileting; eating; sport; practical activities,as needed during relevant tasks or routines,"Brief, occasional; within usual classroom practice",implementation as documented; safety/health observations required by the plan; participation and dignity; issues escalated according to the plan,"Which part of this support helps you most when working with handwashing, hygiene after toileting, eating, sport or practical activities? What should we keep, change or fade?",Follow the documented plan and do not fade safety-critical assistance except through formal review.,working_draft
D4-A05-SUP-01A,Self-Care,Washing Oneself,Supplementary,"Health, care & safety",Education Support Staff,School Nurse,Trained and authorised staff nominated in the relevant plan,Remind {preferredName} when washing is required,complete hygiene routines safely and with dignity,handwashing; hygiene after toileting; eating; sport; practical activities,at specific times through the week or in identified tasks or settings,"Regular, planned and personalised; at specific times/settings",implementation as documented; safety/health observations required by the plan; participation and dignity; issues escalated according to the plan,"Which part of this support helps you most when working with handwashing, hygiene after toileting, eating, sport or practical activities? What should we keep, change or fade?",Follow the documented plan and do not fade safety-critical assistance except through formal review.,working_draft
D4-A05-SUP-01B,Self-Care,Washing Oneself,Supplementary,"Health, care & safety",Education Support Staff,School Nurse,Trained and authorised staff nominated in the relevant plan,"Guide {preferredName} through the agreed steps, fading prompts where appropriate",complete hygiene routines safely and with dignity,handwashing; hygiene after toileting; eating; sport; practical activities,at specific times through the week or in identified tasks or settings,"Regular, planned and personalised; at specific times/settings",implementation as documented; safety/health observations required by the plan; participation and dignity; issues escalated according to the plan,"Which part of this support helps you most when working with handwashing, hygiene after toileting, eating, sport or practical activities? What should we keep, change or fade?",Follow the documented plan and do not fade safety-critical assistance except through formal review.,working_draft
D4-A05-SUP-01C,Self-Care,Washing Oneself,Supplementary,"Health, care & safety",Education Support Staff,School Nurse,Trained and authorised staff nominated in the relevant plan,Check that {preferredName} has used soap,complete hygiene routines safely and with dignity,handwashing; hygiene after toileting; eating; sport; practical activities,at specific times through the week or in identified tasks or settings,"Regular, planned and personalised; at specific times/settings",implementation as documented; safety/health observations required by the plan; participation and dignity; issues escalated according to the plan,"Which part of this support helps you most when working with handwashing, hygiene after toileting, eating, sport or practical activities? What should we keep, change or fade?",Follow the documented plan and do not fade safety-critical assistance except through formal review.,working_draft
D4-A05-SUP-01D,Self-Care,Washing Oneself,Supplementary,"Health, care & safety",Education Support Staff,School Nurse,Trained and authorised staff nominated in the relevant plan,Support effective drying,complete hygiene routines safely and with dignity,handwashing; hygiene after toileting; eating; sport; practical activities,at specific times through the week or in identified tasks or settings,"Regular, planned and personalised; at specific times/settings",implementation as documented; safety/health observations required by the plan; participation and dignity; issues escalated according to the plan,"Which part of this support helps you most when working with handwashing, hygiene after toileting, eating, sport or practical activities? What should we keep, change or fade?",Follow the documented plan and do not fade safety-critical assistance except through formal review.,working_draft
D4-A05-SUP-02A,Self-Care,Washing Oneself,Supplementary,"Health, care & safety",Education Support Staff,School Nurse,Trained and authorised staff nominated in the relevant plan,Prompt hygiene routines after toileting,complete hygiene routines safely and with dignity,handwashing; hygiene after toileting; eating; sport; practical activities,at specific times through the week or in identified tasks or settings,"Regular, planned and personalised; at specific times/settings",implementation as documented; safety/health observations required by the plan; participation and dignity; issues escalated according to the plan,"Which part of this support helps you most when working with handwashing, hygiene after toileting, eating, sport or practical activities? What should we keep, change or fade?",Follow the documented plan and do not fade safety-critical assistance except through formal review.,working_draft
D4-A05-SUP-02B,Self-Care,Washing Oneself,Supplementary,"Health, care & safety",Education Support Staff,School Nurse,Trained and authorised staff nominated in the relevant plan,Prompt washing after messy activities,complete hygiene routines safely and with dignity,handwashing; hygiene after toileting; eating; sport; practical activities,at specific times through the week or in identified tasks or settings,"Regular, planned and personalised; at specific times/settings",implementation as documented; safety/health observations required by the plan; participation and dignity; issues escalated according to the plan,"Which part of this support helps you most when working with handwashing, hygiene after toileting, eating, sport or practical activities? What should we keep, change or fade?",Follow the documented plan and do not fade safety-critical assistance except through formal review.,working_draft
D4-A05-SUP-02C,Self-Care,Washing Oneself,Supplementary,"Health, care & safety",Education Support Staff,School Nurse,Trained and authorised staff nominated in the relevant plan,Support washing after contact with bodily fluids,complete hygiene routines safely and with dignity,handwashing; hygiene after toileting; eating; sport; practical activities,at specific times through the week or in identified tasks or settings,"Regular, planned and personalised; at specific times/settings",implementation as documented; safety/health observations required by the plan; participation and dignity; issues escalated according to the plan,"Which part of this support helps you most when working with handwashing, hygiene after toileting, eating, sport or practical activities? What should we keep, change or fade?",Follow the documented plan and do not fade safety-critical assistance except through formal review.,working_draft
D4-A05-SUB-01A,Self-Care,Washing Oneself,Substantial,"Health, care & safety",Education Support Staff,School Nurse,Trained and authorised staff nominated in the relevant plan,Provide step-by-step prompts,complete hygiene routines safely and with dignity,handwashing; hygiene after toileting; eating; sport; practical activities,on most days or across most relevant tasks or settings,"Frequent, personalised; on most days/relevant settings",implementation as documented; safety/health observations required by the plan; participation and dignity; issues escalated according to the plan,"Which part of this support helps you most when working with handwashing, hygiene after toileting, eating, sport or practical activities? What should we keep, change or fade?",Follow the documented plan and do not fade safety-critical assistance except through formal review.,working_draft
D4-A05-SUB-01B,Self-Care,Washing Oneself,Substantial,"Health, care & safety",Education Support Staff,School Nurse,Trained and authorised staff nominated in the relevant plan,Prepare materials,complete hygiene routines safely and with dignity,handwashing; hygiene after toileting; eating; sport; practical activities,on most days or across most relevant tasks or settings,"Frequent, personalised; on most days/relevant settings",implementation as documented; safety/health observations required by the plan; participation and dignity; issues escalated according to the plan,"Which part of this support helps you most when working with handwashing, hygiene after toileting, eating, sport or practical activities? What should we keep, change or fade?",Follow the documented plan and do not fade safety-critical assistance except through formal review.,working_draft
D4-A05-SUB-01C,Self-Care,Washing Oneself,Substantial,"Health, care & safety",Education Support Staff,School Nurse,Trained and authorised staff nominated in the relevant plan,Supervise washing closely,complete hygiene routines safely and with dignity,handwashing; hygiene after toileting; eating; sport; practical activities,on most days or across most relevant tasks or settings,"Frequent, personalised; on most days/relevant settings",implementation as documented; safety/health observations required by the plan; participation and dignity; issues escalated according to the plan,"Which part of this support helps you most when working with handwashing, hygiene after toileting, eating, sport or practical activities? What should we keep, change or fade?",Follow the documented plan and do not fade safety-critical assistance except through formal review.,working_draft
D4-A05-SUB-01D,Self-Care,Washing Oneself,Substantial,"Health, care & safety",Education Support Staff,School Nurse,Trained and authorised staff nominated in the relevant plan,Provide physical assistance with some parts of washing,complete hygiene routines safely and with dignity,handwashing; hygiene after toileting; eating; sport; practical activities,on most days or across most relevant tasks or settings,"Frequent, personalised; on most days/relevant settings",implementation as documented; safety/health observations required by the plan; participation and dignity; issues escalated according to the plan,"Which part of this support helps you most when working with handwashing, hygiene after toileting, eating, sport or practical activities? What should we keep, change or fade?",Follow the documented plan and do not fade safety-critical assistance except through formal review.,working_draft
D4-A05-SUB-02A,Self-Care,Washing Oneself,Substantial,"Health, care & safety",Education Support Staff,School Nurse,Trained and authorised staff nominated in the relevant plan,Support effective drying where appropriate,complete hygiene routines safely and with dignity,handwashing; hygiene after toileting; eating; sport; practical activities,on most days or across most relevant tasks or settings,"Frequent, personalised; on most days/relevant settings",implementation as documented; safety/health observations required by the plan; participation and dignity; issues escalated according to the plan,"Which part of this support helps you most when working with handwashing, hygiene after toileting, eating, sport or practical activities? What should we keep, change or fade?",Follow the documented plan and do not fade safety-critical assistance except through formal review.,working_draft
D4-A05-SUB-02B,Self-Care,Washing Oneself,Substantial,"Health, care & safety",Education Support Staff,School Nurse,Trained and authorised staff nominated in the relevant plan,Support hand hygiene after toileting,complete hygiene routines safely and with dignity,handwashing; hygiene after toileting; eating; sport; practical activities,on most days or across most relevant tasks or settings,"Frequent, personalised; on most days/relevant settings",implementation as documented; safety/health observations required by the plan; participation and dignity; issues escalated according to the plan,"Which part of this support helps you most when working with handwashing, hygiene after toileting, eating, sport or practical activities? What should we keep, change or fade?",Follow the documented plan and do not fade safety-critical assistance except through formal review.,working_draft
D4-A05-SUB-02C,Self-Care,Washing Oneself,Substantial,"Health, care & safety",Education Support Staff,School Nurse,Trained and authorised staff nominated in the relevant plan,Assist with cleaning after spills,complete hygiene routines safely and with dignity,handwashing; hygiene after toileting; eating; sport; practical activities,on most days or across most relevant tasks or settings,"Frequent, personalised; on most days/relevant settings",implementation as documented; safety/health observations required by the plan; participation and dignity; issues escalated according to the plan,"Which part of this support helps you most when working with handwashing, hygiene after toileting, eating, sport or practical activities? What should we keep, change or fade?",Follow the documented plan and do not fade safety-critical assistance except through formal review.,working_draft
D4-A05-SUB-02D,Self-Care,Washing Oneself,Substantial,"Health, care & safety",Education Support Staff,School Nurse,Trained and authorised staff nominated in the relevant plan,Support washing after sensory activities,complete hygiene routines safely and with dignity,handwashing; hygiene after toileting; eating; sport; practical activities,on most days or across most relevant tasks or settings,"Frequent, personalised; on most days/relevant settings",implementation as documented; safety/health observations required by the plan; participation and dignity; issues escalated according to the plan,"Which part of this support helps you most when working with handwashing, hygiene after toileting, eating, sport or practical activities? What should we keep, change or fade?",Follow the documented plan and do not fade safety-critical assistance except through formal review.,working_draft
D4-A05-SUB-03,Self-Care,Washing Oneself,Substantial,"Health, care & safety",Education Support Staff,School Nurse,Trained and authorised staff nominated in the relevant plan,Follow the documented plan for personal care needs,complete hygiene routines safely and with dignity,handwashing; hygiene after toileting; eating; sport; practical activities,on most days or across most relevant tasks or settings,"Frequent, personalised; on most days/relevant settings",implementation as documented; safety/health observations required by the plan; participation and dignity; issues escalated according to the plan,"Which part of this support helps you most when working with handwashing, hygiene after toileting, eating, sport or practical activities? What should we keep, change or fade?",Follow the documented plan and do not fade safety-critical assistance except through formal review.,working_draft
D4-A05-EXT-01A,Self-Care,Washing Oneself,Extensive,"Health, care & safety",Education Support Staff,School Nurse,Trained and authorised staff nominated in the relevant plan,Identify when washing is required and tell {preferredName},complete hygiene routines safely and with dignity,handwashing; hygiene after toileting; eating; sport; practical activities,consistently throughout the activity or across relevant settings in the school day,"Sustained, highly individualised; consistently across activity/settings",implementation as documented; safety/health observations required by the plan; participation and dignity; issues escalated according to the plan,"Which part of this support helps you most when working with handwashing, hygiene after toileting, eating, sport or practical activities? What should we keep, change or fade?",Follow the documented plan and do not fade safety-critical assistance except through formal review.,working_draft
D4-A05-EXT-01B,Self-Care,Washing Oneself,Extensive,"Health, care & safety",Education Support Staff,School Nurse,Trained and authorised staff nominated in the relevant plan,Prepare materials,complete hygiene routines safely and with dignity,handwashing; hygiene after toileting; eating; sport; practical activities,consistently throughout the activity or across relevant settings in the school day,"Sustained, highly individualised; consistently across activity/settings",implementation as documented; safety/health observations required by the plan; participation and dignity; issues escalated according to the plan,"Which part of this support helps you most when working with handwashing, hygiene after toileting, eating, sport or practical activities? What should we keep, change or fade?",Follow the documented plan and do not fade safety-critical assistance except through formal review.,working_draft
D4-A05-EXT-01C,Self-Care,Washing Oneself,Extensive,"Health, care & safety",Education Support Staff,School Nurse,Trained and authorised staff nominated in the relevant plan,Provide physical assistance with washing and drying,complete hygiene routines safely and with dignity,handwashing; hygiene after toileting; eating; sport; practical activities,consistently throughout the activity or across relevant settings in the school day,"Sustained, highly individualised; consistently across activity/settings",implementation as documented; safety/health observations required by the plan; participation and dignity; issues escalated according to the plan,"Which part of this support helps you most when working with handwashing, hygiene after toileting, eating, sport or practical activities? What should we keep, change or fade?",Follow the documented plan and do not fade safety-critical assistance except through formal review.,working_draft
D4-A05-EXT-01D,Self-Care,Washing Oneself,Extensive,"Health, care & safety",Education Support Staff,School Nurse,Trained and authorised staff nominated in the relevant plan,Support hygiene after toileting,complete hygiene routines safely and with dignity,handwashing; hygiene after toileting; eating; sport; practical activities,consistently throughout the activity or across relevant settings in the school day,"Sustained, highly individualised; consistently across activity/settings",implementation as documented; safety/health observations required by the plan; participation and dignity; issues escalated according to the plan,"Which part of this support helps you most when working with handwashing, hygiene after toileting, eating, sport or practical activities? What should we keep, change or fade?",Follow the documented plan and do not fade safety-critical assistance except through formal review.,working_draft
D4-A05-EXT-02A,Self-Care,Washing Oneself,Extensive,"Health, care & safety",Education Support Staff,School Nurse,Trained and authorised staff nominated in the relevant plan,Protect {preferredName}'s dignity and privacy throughout washing,complete hygiene routines safely and with dignity,handwashing; hygiene after toileting; eating; sport; practical activities,consistently throughout the activity or across relevant settings in the school day,"Sustained, highly individualised; consistently across activity/settings",implementation as documented; safety/health observations required by the plan; participation and dignity; issues escalated according to the plan,"Which part of this support helps you most when working with handwashing, hygiene after toileting, eating, sport or practical activities? What should we keep, change or fade?",Follow the documented plan and do not fade safety-critical assistance except through formal review.,working_draft
D4-A05-EXT-02B,Self-Care,Washing Oneself,Extensive,"Health, care & safety",Education Support Staff,School Nurse,Trained and authorised staff nominated in the relevant plan,Support {preferredName} to follow the personal care plan,complete hygiene routines safely and with dignity,handwashing; hygiene after toileting; eating; sport; practical activities,consistently throughout the activity or across relevant settings in the school day,"Sustained, highly individualised; consistently across activity/settings",implementation as documented; safety/health observations required by the plan; participation and dignity; issues escalated according to the plan,"Which part of this support helps you most when working with handwashing, hygiene after toileting, eating, sport or practical activities? What should we keep, change or fade?",Follow the documented plan and do not fade safety-critical assistance except through formal review.,working_draft
D4-A05-EXT-02C,Self-Care,Washing Oneself,Extensive,"Health, care & safety",Education Support Staff,School Nurse,Trained and authorised staff nominated in the relevant plan,Follow the documented manual handling procedures,complete hygiene routines safely and with dignity,handwashing; hygiene after toileting; eating; sport; practical activities,consistently throughout the activity or across relevant settings in the school day,"Sustained, highly individualised; consistently across activity/settings",implementation as documented; safety/health observations required by the plan; participation and dignity; issues escalated according to the plan,"Which part of this support helps you most when working with handwashing, hygiene after toileting, eating, sport or practical activities? What should we keep, change or fade?",Follow the documented plan and do not fade safety-critical assistance except through formal review.,working_draft
D4-A05-EXT-02D,Self-Care,Washing Oneself,Extensive,"Health, care & safety",Education Support Staff,School Nurse,Trained and authorised staff nominated in the relevant plan,Follow the documented health procedures,complete hygiene routines safely and with dignity,handwashing; hygiene after toileting; eating; sport; practical activities,consistently throughout the activity or across relevant settings in the school day,"Sustained, highly individualised; consistently across activity/settings",implementation as documented; safety/health observations required by the plan; participation and dignity; issues escalated according to the plan,"Which part of this support helps you most when working with handwashing, hygiene after toileting, eating, sport or practical activities? What should we keep, change or fade?",Follow the documented plan and do not fade safety-critical assistance except through formal review.,working_draft
D4-A06-PE-01,Self-Care,Looking After One’s Health,Present Environment,"Health, care & safety",Classroom Teacher,,,Maintain ordinary accessible supports and resources in the setting,"access medication, health routines, wellbeing check-ins or symptom monitoring",medication; health routines; wellbeing check-ins; symptom monitoring,as part of everyday practice,Ordinary supports/resources available in the setting,implementation as documented; safety/health observations required by the plan; participation and dignity; issues escalated according to the plan,"Which part of this support helps you most when working with medication, health routines, wellbeing check-ins or symptom monitoring? What should we keep, change or fade?",Follow the documented plan and do not fade safety-critical assistance except through formal review.,working_draft
D4-A06-DT-01A,Self-Care,Looking After One’s Health,Differentiated Teaching,"Health, care & safety",Education Support Staff,School Nurse,Trained and authorised staff nominated in the relevant plan,Remind {preferredName} to follow the agreed health routine,manage health and wellbeing needs safely while participating in school,medication; health routines; wellbeing check-ins; symptom monitoring,as needed during relevant tasks or routines,"Brief, occasional; within usual classroom practice",implementation as documented; safety/health observations required by the plan; participation and dignity; issues escalated according to the plan,"Which part of this support helps you most when working with medication, health routines, wellbeing check-ins or symptom monitoring? What should we keep, change or fade?",Follow the documented plan and do not fade safety-critical assistance except through formal review.,working_draft
D4-A06-DT-01B,Self-Care,Looking After One’s Health,Differentiated Teaching,"Health, care & safety",Education Support Staff,School Nurse,Trained and authorised staff nominated in the relevant plan,Check in with {preferredName} about how {heshethey} are feeling,manage health and wellbeing needs safely while participating in school,medication; health routines; wellbeing check-ins; symptom monitoring,as needed during relevant tasks or routines,"Brief, occasional; within usual classroom practice",implementation as documented; safety/health observations required by the plan; participation and dignity; issues escalated according to the plan,"Which part of this support helps you most when working with medication, health routines, wellbeing check-ins or symptom monitoring? What should we keep, change or fade?",Follow the documented plan and do not fade safety-critical assistance except through formal review.,working_draft
D4-A06-DT-01C,Self-Care,Looking After One’s Health,Differentiated Teaching,"Health, care & safety",Education Support Staff,School Nurse,Trained and authorised staff nominated in the relevant plan,Support {preferredName} to access medication through the usual school processes,manage health and wellbeing needs safely while participating in school,medication; health routines; wellbeing check-ins; symptom monitoring,as needed during relevant tasks or routines,"Brief, occasional; within usual classroom practice",implementation as documented; safety/health observations required by the plan; participation and dignity; issues escalated according to the plan,"Which part of this support helps you most when working with medication, health routines, wellbeing check-ins or symptom monitoring? What should we keep, change or fade?",Follow the documented plan and do not fade safety-critical assistance except through formal review.,working_draft
D4-A06-DT-01D,Self-Care,Looking After One’s Health,Differentiated Teaching,"Health, care & safety",Education Support Staff,School Nurse,Trained and authorised staff nominated in the relevant plan,Provide the documented health support according to the relevant plan,manage health and wellbeing needs safely while participating in school,medication; health routines; wellbeing check-ins; symptom monitoring,as needed during relevant tasks or routines,"Brief, occasional; within usual classroom practice",implementation as documented; safety/health observations required by the plan; participation and dignity; issues escalated according to the plan,"Which part of this support helps you most when working with medication, health routines, wellbeing check-ins or symptom monitoring? What should we keep, change or fade?",Follow the documented plan and do not fade safety-critical assistance except through formal review.,working_draft
D4-A06-DT-02,Self-Care,Looking After One’s Health,Differentiated Teaching,"Health, care & safety",Education Support Staff,School Nurse,Trained and authorised staff nominated in the relevant plan,Teach and prompt {preferredName} to seek help when needed,manage health and wellbeing needs safely while participating in school,medication; health routines; wellbeing check-ins; symptom monitoring,as needed during relevant tasks or routines,"Brief, occasional; within usual classroom practice",implementation as documented; safety/health observations required by the plan; participation and dignity; issues escalated according to the plan,"Which part of this support helps you most when working with medication, health routines, wellbeing check-ins or symptom monitoring? What should we keep, change or fade?",Follow the documented plan and do not fade safety-critical assistance except through formal review.,working_draft
D4-A06-SUP-01A,Self-Care,Looking After One’s Health,Supplementary,"Health, care & safety",Education Support Staff,School Nurse,Trained and authorised staff nominated in the relevant plan,Support {preferredName} to follow the routine,manage health and wellbeing needs safely while participating in school,medication; health routines; wellbeing check-ins; symptom monitoring,at specific times through the week or in identified tasks or settings,"Regular, planned and personalised; at specific times/settings",implementation as documented; safety/health observations required by the plan; participation and dignity; issues escalated according to the plan,"Which part of this support helps you most when working with medication, health routines, wellbeing check-ins or symptom monitoring? What should we keep, change or fade?",Follow the documented plan and do not fade safety-critical assistance except through formal review.,working_draft
D4-A06-SUP-01B,Self-Care,Looking After One’s Health,Supplementary,"Health, care & safety",Education Support Staff,School Nurse,Trained and authorised staff nominated in the relevant plan,Recognise signs of difficulty,manage health and wellbeing needs safely while participating in school,medication; health routines; wellbeing check-ins; symptom monitoring,at specific times through the week or in identified tasks or settings,"Regular, planned and personalised; at specific times/settings",implementation as documented; safety/health observations required by the plan; participation and dignity; issues escalated according to the plan,"Which part of this support helps you most when working with medication, health routines, wellbeing check-ins or symptom monitoring? What should we keep, change or fade?",Follow the documented plan and do not fade safety-critical assistance except through formal review.,working_draft
D4-A06-SUP-01C,Self-Care,Looking After One’s Health,Supplementary,"Health, care & safety",Education Support Staff,School Nurse,Trained and authorised staff nominated in the relevant plan,Support {preferredName} to seek help,manage health and wellbeing needs safely while participating in school,medication; health routines; wellbeing check-ins; symptom monitoring,at specific times through the week or in identified tasks or settings,"Regular, planned and personalised; at specific times/settings",implementation as documented; safety/health observations required by the plan; participation and dignity; issues escalated according to the plan,"Which part of this support helps you most when working with medication, health routines, wellbeing check-ins or symptom monitoring? What should we keep, change or fade?",Follow the documented plan and do not fade safety-critical assistance except through formal review.,working_draft
D4-A06-SUP-01D,Self-Care,Looking After One’s Health,Supplementary,"Health, care & safety",Education Support Staff,School Nurse,Trained and authorised staff nominated in the relevant plan,Support {preferredName} to access medication as documented,manage health and wellbeing needs safely while participating in school,medication; health routines; wellbeing check-ins; symptom monitoring,at specific times through the week or in identified tasks or settings,"Regular, planned and personalised; at specific times/settings",implementation as documented; safety/health observations required by the plan; participation and dignity; issues escalated according to the plan,"Which part of this support helps you most when working with medication, health routines, wellbeing check-ins or symptom monitoring? What should we keep, change or fade?",Follow the documented plan and do not fade safety-critical assistance except through formal review.,working_draft
D4-A06-SUP-02,Self-Care,Looking After One’s Health,Supplementary,"Health, care & safety",Education Support Staff,School Nurse,Trained and authorised staff nominated in the relevant plan,Support {preferredName} to participate safely in learning and school activities,manage health and wellbeing needs safely while participating in school,medication; health routines; wellbeing check-ins; symptom monitoring,at specific times through the week or in identified tasks or settings,"Regular, planned and personalised; at specific times/settings",implementation as documented; safety/health observations required by the plan; participation and dignity; issues escalated according to the plan,"Which part of this support helps you most when working with medication, health routines, wellbeing check-ins or symptom monitoring? What should we keep, change or fade?",Follow the documented plan and do not fade safety-critical assistance except through formal review.,working_draft
D4-A06-SUB-01A,Self-Care,Looking After One’s Health,Substantial,"Health, care & safety",Education Support Staff,School Nurse,Trained and authorised staff nominated in the relevant plan,"Administer scheduled medication only when authorised and trained, following the documented health plan",manage health and wellbeing needs safely while participating in school,medication; health routines; wellbeing check-ins; symptom monitoring,on most days or across most relevant tasks or settings,"Frequent, personalised; on most days/relevant settings",implementation as documented; safety/health observations required by the plan; participation and dignity; issues escalated according to the plan,"Which part of this support helps you most when working with medication, health routines, wellbeing check-ins or symptom monitoring? What should we keep, change or fade?",Follow the documented plan and do not fade safety-critical assistance except through formal review.,working_draft
D4-A06-SUB-01B,Self-Care,Looking After One’s Health,Substantial,"Health, care & safety",Education Support Staff,School Nurse,Trained and authorised staff nominated in the relevant plan,Provide structured wellbeing check-ins,manage health and wellbeing needs safely while participating in school,medication; health routines; wellbeing check-ins; symptom monitoring,on most days or across most relevant tasks or settings,"Frequent, personalised; on most days/relevant settings",implementation as documented; safety/health observations required by the plan; participation and dignity; issues escalated according to the plan,"Which part of this support helps you most when working with medication, health routines, wellbeing check-ins or symptom monitoring? What should we keep, change or fade?",Follow the documented plan and do not fade safety-critical assistance except through formal review.,working_draft
D4-A06-SUB-01C,Self-Care,Looking After One’s Health,Substantial,"Health, care & safety",Education Support Staff,School Nurse,Trained and authorised staff nominated in the relevant plan,Explicitly prompt health routines,manage health and wellbeing needs safely while participating in school,medication; health routines; wellbeing check-ins; symptom monitoring,on most days or across most relevant tasks or settings,"Frequent, personalised; on most days/relevant settings",implementation as documented; safety/health observations required by the plan; participation and dignity; issues escalated according to the plan,"Which part of this support helps you most when working with medication, health routines, wellbeing check-ins or symptom monitoring? What should we keep, change or fade?",Follow the documented plan and do not fade safety-critical assistance except through formal review.,working_draft
D4-A06-SUB-01D,Self-Care,Looking After One’s Health,Substantial,"Health, care & safety",Education Support Staff,School Nurse,Trained and authorised staff nominated in the relevant plan,Monitor symptoms,manage health and wellbeing needs safely while participating in school,medication; health routines; wellbeing check-ins; symptom monitoring,on most days or across most relevant tasks or settings,"Frequent, personalised; on most days/relevant settings",implementation as documented; safety/health observations required by the plan; participation and dignity; issues escalated according to the plan,"Which part of this support helps you most when working with medication, health routines, wellbeing check-ins or symptom monitoring? What should we keep, change or fade?",Follow the documented plan and do not fade safety-critical assistance except through formal review.,working_draft
D4-A06-SUB-02A,Self-Care,Looking After One’s Health,Substantial,"Health, care & safety",Education Support Staff,School Nurse,Trained and authorised staff nominated in the relevant plan,Support prescribed procedures,manage health and wellbeing needs safely while participating in school,medication; health routines; wellbeing check-ins; symptom monitoring,on most days or across most relevant tasks or settings,"Frequent, personalised; on most days/relevant settings",implementation as documented; safety/health observations required by the plan; participation and dignity; issues escalated according to the plan,"Which part of this support helps you most when working with medication, health routines, wellbeing check-ins or symptom monitoring? What should we keep, change or fade?",Follow the documented plan and do not fade safety-critical assistance except through formal review.,working_draft
D4-A06-SUB-02B,Self-Care,Looking After One’s Health,Substantial,"Health, care & safety",Education Support Staff,School Nurse,Trained and authorised staff nominated in the relevant plan,Implement mental health and personal care plans,manage health and wellbeing needs safely while participating in school,medication; health routines; wellbeing check-ins; symptom monitoring,on most days or across most relevant tasks or settings,"Frequent, personalised; on most days/relevant settings",implementation as documented; safety/health observations required by the plan; participation and dignity; issues escalated according to the plan,"Which part of this support helps you most when working with medication, health routines, wellbeing check-ins or symptom monitoring? What should we keep, change or fade?",Follow the documented plan and do not fade safety-critical assistance except through formal review.,working_draft
D4-A06-SUB-02C,Self-Care,Looking After One’s Health,Substantial,"Health, care & safety",Education Support Staff,School Nurse,Trained and authorised staff nominated in the relevant plan,Follow the documented personal care plan,manage health and wellbeing needs safely while participating in school,medication; health routines; wellbeing check-ins; symptom monitoring,on most days or across most relevant tasks or settings,"Frequent, personalised; on most days/relevant settings",implementation as documented; safety/health observations required by the plan; participation and dignity; issues escalated according to the plan,"Which part of this support helps you most when working with medication, health routines, wellbeing check-ins or symptom monitoring? What should we keep, change or fade?",Follow the documented plan and do not fade safety-critical assistance except through formal review.,working_draft
D4-A06-EXT-01A,Self-Care,Looking After One’s Health,Extensive,"Health, care & safety",Education Support Staff,School Nurse,Trained and authorised staff nominated in the relevant plan,Provide sustained monitoring of {preferredName}'s medical condition as set out in the health plan,manage health and wellbeing needs safely while participating in school,medication; health routines; wellbeing check-ins; symptom monitoring,consistently throughout the activity or across relevant settings in the school day,"Sustained, highly individualised; consistently across activity/settings",implementation as documented; safety/health observations required by the plan; participation and dignity; issues escalated according to the plan,"Which part of this support helps you most when working with medication, health routines, wellbeing check-ins or symptom monitoring? What should we keep, change or fade?",Follow the documented plan and do not fade safety-critical assistance except through formal review.,working_draft
D4-A06-EXT-01B,Self-Care,Looking After One’s Health,Extensive,"Health, care & safety",Education Support Staff,School Nurse,Trained and authorised staff nominated in the relevant plan,Provide sustained monitoring for medical and mental health risks,manage health and wellbeing needs safely while participating in school,medication; health routines; wellbeing check-ins; symptom monitoring,consistently throughout the activity or across relevant settings in the school day,"Sustained, highly individualised; consistently across activity/settings",implementation as documented; safety/health observations required by the plan; participation and dignity; issues escalated according to the plan,"Which part of this support helps you most when working with medication, health routines, wellbeing check-ins or symptom monitoring? What should we keep, change or fade?",Follow the documented plan and do not fade safety-critical assistance except through formal review.,working_draft
D4-A06-EXT-01C,Self-Care,Looking After One’s Health,Extensive,"Health, care & safety",Education Support Staff,School Nurse,Trained and authorised staff nominated in the relevant plan,Follow health and safety plans,manage health and wellbeing needs safely while participating in school,medication; health routines; wellbeing check-ins; symptom monitoring,consistently throughout the activity or across relevant settings in the school day,"Sustained, highly individualised; consistently across activity/settings",implementation as documented; safety/health observations required by the plan; participation and dignity; issues escalated according to the plan,"Which part of this support helps you most when working with medication, health routines, wellbeing check-ins or symptom monitoring? What should we keep, change or fade?",Follow the documented plan and do not fade safety-critical assistance except through formal review.,working_draft
D4-A06-EXT-01D,Self-Care,Looking After One’s Health,Extensive,"Health, care & safety",Education Support Staff,School Nurse,Trained and authorised staff nominated in the relevant plan,Follow the documented safety plan,manage health and wellbeing needs safely while participating in school,medication; health routines; wellbeing check-ins; symptom monitoring,consistently throughout the activity or across relevant settings in the school day,"Sustained, highly individualised; consistently across activity/settings",implementation as documented; safety/health observations required by the plan; participation and dignity; issues escalated according to the plan,"Which part of this support helps you most when working with medication, health routines, wellbeing check-ins or symptom monitoring? What should we keep, change or fade?",Follow the documented plan and do not fade safety-critical assistance except through formal review.,working_draft
D4-A06-EXT-02A,Self-Care,Looking After One’s Health,Extensive,"Health, care & safety",Education Support Staff,School Nurse,Trained and authorised staff nominated in the relevant plan,Support prescribed health procedures,manage health and wellbeing needs safely while participating in school,medication; health routines; wellbeing check-ins; symptom monitoring,consistently throughout the activity or across relevant settings in the school day,"Sustained, highly individualised; consistently across activity/settings",implementation as documented; safety/health observations required by the plan; participation and dignity; issues escalated according to the plan,"Which part of this support helps you most when working with medication, health routines, wellbeing check-ins or symptom monitoring? What should we keep, change or fade?",Follow the documented plan and do not fade safety-critical assistance except through formal review.,working_draft
D4-A06-EXT-02B,Self-Care,Looking After One’s Health,Extensive,"Health, care & safety",Education Support Staff,School Nurse,Trained and authorised staff nominated in the relevant plan,Respond to emergency procedures where required,manage health and wellbeing needs safely while participating in school,medication; health routines; wellbeing check-ins; symptom monitoring,consistently throughout the activity or across relevant settings in the school day,"Sustained, highly individualised; consistently across activity/settings",implementation as documented; safety/health observations required by the plan; participation and dignity; issues escalated according to the plan,"Which part of this support helps you most when working with medication, health routines, wellbeing check-ins or symptom monitoring? What should we keep, change or fade?",Follow the documented plan and do not fade safety-critical assistance except through formal review.,working_draft
D4-A06-EXT-02C,Self-Care,Looking After One’s Health,Extensive,"Health, care & safety",Education Support Staff,School Nurse,Trained and authorised staff nominated in the relevant plan,Adapt the school routine to support safety,manage health and wellbeing needs safely while participating in school,medication; health routines; wellbeing check-ins; symptom monitoring,consistently throughout the activity or across relevant settings in the school day,"Sustained, highly individualised; consistently across activity/settings",implementation as documented; safety/health observations required by the plan; participation and dignity; issues escalated according to the plan,"Which part of this support helps you most when working with medication, health routines, wellbeing check-ins or symptom monitoring? What should we keep, change or fade?",Follow the documented plan and do not fade safety-critical assistance except through formal review.,working_draft
D4-A06-EXT-02D,Self-Care,Looking After One’s Health,Extensive,"Health, care & safety",Education Support Staff,School Nurse,Trained and authorised staff nominated in the relevant plan,Adapt the school routine to support health and participation,manage health and wellbeing needs safely while participating in school,medication; health routines; wellbeing check-ins; symptom monitoring,consistently throughout the activity or across relevant settings in the school day,"Sustained, highly individualised; consistently across activity/settings",implementation as documented; safety/health observations required by the plan; participation and dignity; issues escalated according to the plan,"Which part of this support helps you most when working with medication, health routines, wellbeing check-ins or symptom monitoring? What should we keep, change or fade?",Follow the documented plan and do not fade safety-critical assistance except through formal review.,working_draft
D4-A07-PE-01,Self-Care,Looking After One’s Safety,Present Environment,"Health, care & safety",Classroom Teacher,,,Maintain ordinary accessible supports and resources in the setting,"access classrooms, yard, transitions, practical subjects, excursions or unfamiliar settings",classrooms; yard; transitions; practical subjects; excursions; unfamiliar settings,as part of everyday practice,Ordinary supports/resources available in the setting,implementation as documented; safety/health observations required by the plan; participation and dignity; issues escalated according to the plan,"Which part of this support helps you most when working with classrooms, yard, transitions, practical subjects, excursions or unfamiliar settings? What should we keep, change or fade?",Follow the documented plan and do not fade safety-critical assistance except through formal review.,working_draft
D4-A07-DT-01A,Self-Care,Looking After One’s Safety,Differentiated Teaching,"Health, care & safety",Education Support Staff,School Nurse,Trained and authorised staff nominated in the relevant plan,Provide class-based safety instructions,recognise and respond to risks while participating safely,classrooms; yard; transitions; practical subjects; excursions; unfamiliar settings,as needed during relevant tasks or routines,"Brief, occasional; within usual classroom practice",implementation as documented; safety/health observations required by the plan; participation and dignity; issues escalated according to the plan,"Which part of this support helps you most when working with classrooms, yard, transitions, practical subjects, excursions or unfamiliar settings? What should we keep, change or fade?",Follow the documented plan and do not fade safety-critical assistance except through formal review.,working_draft
D4-A07-DT-01B,Self-Care,Looking After One’s Safety,Differentiated Teaching,"Health, care & safety",Education Support Staff,School Nurse,Trained and authorised staff nominated in the relevant plan,Provide reminders about equipment use,recognise and respond to risks while participating safely,classrooms; yard; transitions; practical subjects; excursions; unfamiliar settings,as needed during relevant tasks or routines,"Brief, occasional; within usual classroom practice",implementation as documented; safety/health observations required by the plan; participation and dignity; issues escalated according to the plan,"Which part of this support helps you most when working with classrooms, yard, transitions, practical subjects, excursions or unfamiliar settings? What should we keep, change or fade?",Follow the documented plan and do not fade safety-critical assistance except through formal review.,working_draft
D4-A07-DT-01C,Self-Care,Looking After One’s Safety,Differentiated Teaching,"Health, care & safety",Education Support Staff,School Nurse,Trained and authorised staff nominated in the relevant plan,Prompt {preferredName} during transitions,recognise and respond to risks while participating safely,classrooms; yard; transitions; practical subjects; excursions; unfamiliar settings,as needed during relevant tasks or routines,"Brief, occasional; within usual classroom practice",implementation as documented; safety/health observations required by the plan; participation and dignity; issues escalated according to the plan,"Which part of this support helps you most when working with classrooms, yard, transitions, practical subjects, excursions or unfamiliar settings? What should we keep, change or fade?",Follow the documented plan and do not fade safety-critical assistance except through formal review.,working_draft
D4-A07-DT-01D,Self-Care,Looking After One’s Safety,Differentiated Teaching,"Health, care & safety",Education Support Staff,School Nurse,Trained and authorised staff nominated in the relevant plan,Provide brief support in unfamiliar settings,recognise and respond to risks while participating safely,classrooms; yard; transitions; practical subjects; excursions; unfamiliar settings,as needed during relevant tasks or routines,"Brief, occasional; within usual classroom practice",implementation as documented; safety/health observations required by the plan; participation and dignity; issues escalated according to the plan,"Which part of this support helps you most when working with classrooms, yard, transitions, practical subjects, excursions or unfamiliar settings? What should we keep, change or fade?",Follow the documented plan and do not fade safety-critical assistance except through formal review.,working_draft
D4-A07-SUP-01A,Self-Care,Looking After One’s Safety,Supplementary,"Health, care & safety",Education Support Staff,School Nurse,Trained and authorised staff nominated in the relevant plan,Provide planned supervision in the yard,recognise and respond to risks while participating safely,classrooms; yard; transitions; practical subjects; excursions; unfamiliar settings,at specific times through the week or in identified tasks or settings,"Regular, planned and personalised; at specific times/settings",implementation as documented; safety/health observations required by the plan; participation and dignity; issues escalated according to the plan,"Which part of this support helps you most when working with classrooms, yard, transitions, practical subjects, excursions or unfamiliar settings? What should we keep, change or fade?",Follow the documented plan and do not fade safety-critical assistance except through formal review.,working_draft
D4-A07-SUP-01B,Self-Care,Looking After One’s Safety,Supplementary,"Health, care & safety",Education Support Staff,School Nurse,Trained and authorised staff nominated in the relevant plan,Provide safety support in practical subjects,recognise and respond to risks while participating safely,classrooms; yard; transitions; practical subjects; excursions; unfamiliar settings,at specific times through the week or in identified tasks or settings,"Regular, planned and personalised; at specific times/settings",implementation as documented; safety/health observations required by the plan; participation and dignity; issues escalated according to the plan,"Which part of this support helps you most when working with classrooms, yard, transitions, practical subjects, excursions or unfamiliar settings? What should we keep, change or fade?",Follow the documented plan and do not fade safety-critical assistance except through formal review.,working_draft
D4-A07-SUP-01C,Self-Care,Looking After One’s Safety,Supplementary,"Health, care & safety",Education Support Staff,School Nurse,Trained and authorised staff nominated in the relevant plan,Provide support to move safely through crowded spaces,recognise and respond to risks while participating safely,classrooms; yard; transitions; practical subjects; excursions; unfamiliar settings,at specific times through the week or in identified tasks or settings,"Regular, planned and personalised; at specific times/settings",implementation as documented; safety/health observations required by the plan; participation and dignity; issues escalated according to the plan,"Which part of this support helps you most when working with classrooms, yard, transitions, practical subjects, excursions or unfamiliar settings? What should we keep, change or fade?",Follow the documented plan and do not fade safety-critical assistance except through formal review.,working_draft
D4-A07-SUP-01D,Self-Care,Looking After One’s Safety,Supplementary,"Health, care & safety",Education Support Staff,School Nurse,Trained and authorised staff nominated in the relevant plan,Provide supervision during activities involving equipment,recognise and respond to risks while participating safely,classrooms; yard; transitions; practical subjects; excursions; unfamiliar settings,at specific times through the week or in identified tasks or settings,"Regular, planned and personalised; at specific times/settings",implementation as documented; safety/health observations required by the plan; participation and dignity; issues escalated according to the plan,"Which part of this support helps you most when working with classrooms, yard, transitions, practical subjects, excursions or unfamiliar settings? What should we keep, change or fade?",Follow the documented plan and do not fade safety-critical assistance except through formal review.,working_draft
D4-A07-SUB-01A,Self-Care,Looking After One’s Safety,Substantial,"Health, care & safety",Education Support Staff,School Nurse,Trained and authorised staff nominated in the relevant plan,Provide close supervision,recognise and respond to risks while participating safely,classrooms; yard; transitions; practical subjects; excursions; unfamiliar settings,on most days or across most relevant tasks or settings,"Frequent, personalised; on most days/relevant settings",implementation as documented; safety/health observations required by the plan; participation and dignity; issues escalated according to the plan,"Which part of this support helps you most when working with classrooms, yard, transitions, practical subjects, excursions or unfamiliar settings? What should we keep, change or fade?",Follow the documented plan and do not fade safety-critical assistance except through formal review.,working_draft
D4-A07-SUB-01B,Self-Care,Looking After One’s Safety,Substantial,"Health, care & safety",Education Support Staff,School Nurse,Trained and authorised staff nominated in the relevant plan,Explicitly teach safe behaviours,recognise and respond to risks while participating safely,classrooms; yard; transitions; practical subjects; excursions; unfamiliar settings,on most days or across most relevant tasks or settings,"Frequent, personalised; on most days/relevant settings",implementation as documented; safety/health observations required by the plan; participation and dignity; issues escalated according to the plan,"Which part of this support helps you most when working with classrooms, yard, transitions, practical subjects, excursions or unfamiliar settings? What should we keep, change or fade?",Follow the documented plan and do not fade safety-critical assistance except through formal review.,working_draft
D4-A07-SUB-01C,Self-Care,Looking After One’s Safety,Substantial,"Health, care & safety",Education Support Staff,School Nurse,Trained and authorised staff nominated in the relevant plan,Apply the agreed environmental adjustments,recognise and respond to risks while participating safely,classrooms; yard; transitions; practical subjects; excursions; unfamiliar settings,on most days or across most relevant tasks or settings,"Frequent, personalised; on most days/relevant settings",implementation as documented; safety/health observations required by the plan; participation and dignity; issues escalated according to the plan,"Which part of this support helps you most when working with classrooms, yard, transitions, practical subjects, excursions or unfamiliar settings? What should we keep, change or fade?",Follow the documented plan and do not fade safety-critical assistance except through formal review.,working_draft
D4-A07-SUB-01D,Self-Care,Looking After One’s Safety,Substantial,"Health, care & safety",Education Support Staff,School Nurse,Trained and authorised staff nominated in the relevant plan,Use visual reminders,recognise and respond to risks while participating safely,classrooms; yard; transitions; practical subjects; excursions; unfamiliar settings,on most days or across most relevant tasks or settings,"Frequent, personalised; on most days/relevant settings",implementation as documented; safety/health observations required by the plan; participation and dignity; issues escalated according to the plan,"Which part of this support helps you most when working with classrooms, yard, transitions, practical subjects, excursions or unfamiliar settings? What should we keep, change or fade?",Follow the documented plan and do not fade safety-critical assistance except through formal review.,working_draft
D4-A07-SUB-02A,Self-Care,Looking After One’s Safety,Substantial,"Health, care & safety",Education Support Staff,School Nurse,Trained and authorised staff nominated in the relevant plan,Provide supported transitions,recognise and respond to risks while participating safely,classrooms; yard; transitions; practical subjects; excursions; unfamiliar settings,on most days or across most relevant tasks or settings,"Frequent, personalised; on most days/relevant settings",implementation as documented; safety/health observations required by the plan; participation and dignity; issues escalated according to the plan,"Which part of this support helps you most when working with classrooms, yard, transitions, practical subjects, excursions or unfamiliar settings? What should we keep, change or fade?",Follow the documented plan and do not fade safety-critical assistance except through formal review.,working_draft
D4-A07-SUB-02B,Self-Care,Looking After One’s Safety,Substantial,"Health, care & safety",Education Support Staff,School Nurse,Trained and authorised staff nominated in the relevant plan,Follow planned responses to known safety risks,recognise and respond to risks while participating safely,classrooms; yard; transitions; practical subjects; excursions; unfamiliar settings,on most days or across most relevant tasks or settings,"Frequent, personalised; on most days/relevant settings",implementation as documented; safety/health observations required by the plan; participation and dignity; issues escalated according to the plan,"Which part of this support helps you most when working with classrooms, yard, transitions, practical subjects, excursions or unfamiliar settings? What should we keep, change or fade?",Follow the documented plan and do not fade safety-critical assistance except through formal review.,working_draft
D4-A07-EXT-01A,Self-Care,Looking After One’s Safety,Extensive,"Health, care & safety",Education Support Staff,School Nurse,Trained and authorised staff nominated in the relevant plan,Provide close supervision,recognise and respond to risks while participating safely,classrooms; yard; transitions; practical subjects; excursions; unfamiliar settings,consistently throughout the activity or across relevant settings in the school day,"Sustained, highly individualised; consistently across activity/settings",implementation as documented; safety/health observations required by the plan; participation and dignity; issues escalated according to the plan,"Which part of this support helps you most when working with classrooms, yard, transitions, practical subjects, excursions or unfamiliar settings? What should we keep, change or fade?",Follow the documented plan and do not fade safety-critical assistance except through formal review.,working_draft
D4-A07-EXT-01B,Self-Care,Looking After One’s Safety,Extensive,"Health, care & safety",Education Support Staff,School Nurse,Trained and authorised staff nominated in the relevant plan,Reduce known risks before the activity starts,recognise and respond to risks while participating safely,classrooms; yard; transitions; practical subjects; excursions; unfamiliar settings,consistently throughout the activity or across relevant settings in the school day,"Sustained, highly individualised; consistently across activity/settings",implementation as documented; safety/health observations required by the plan; participation and dignity; issues escalated according to the plan,"Which part of this support helps you most when working with classrooms, yard, transitions, practical subjects, excursions or unfamiliar settings? What should we keep, change or fade?",Follow the documented plan and do not fade safety-critical assistance except through formal review.,working_draft
D4-A07-EXT-01C,Self-Care,Looking After One’s Safety,Extensive,"Health, care & safety",Education Support Staff,School Nurse,Trained and authorised staff nominated in the relevant plan,Put the documented environmental controls in place,recognise and respond to risks while participating safely,classrooms; yard; transitions; practical subjects; excursions; unfamiliar settings,consistently throughout the activity or across relevant settings in the school day,"Sustained, highly individualised; consistently across activity/settings",implementation as documented; safety/health observations required by the plan; participation and dignity; issues escalated according to the plan,"Which part of this support helps you most when working with classrooms, yard, transitions, practical subjects, excursions or unfamiliar settings? What should we keep, change or fade?",Follow the documented plan and do not fade safety-critical assistance except through formal review.,working_draft
D4-A07-EXT-01D,Self-Care,Looking After One’s Safety,Extensive,"Health, care & safety",Education Support Staff,School Nurse,Trained and authorised staff nominated in the relevant plan,Explicitly teach safety routines,recognise and respond to risks while participating safely,classrooms; yard; transitions; practical subjects; excursions; unfamiliar settings,consistently throughout the activity or across relevant settings in the school day,"Sustained, highly individualised; consistently across activity/settings",implementation as documented; safety/health observations required by the plan; participation and dignity; issues escalated according to the plan,"Which part of this support helps you most when working with classrooms, yard, transitions, practical subjects, excursions or unfamiliar settings? What should we keep, change or fade?",Follow the documented plan and do not fade safety-critical assistance except through formal review.,working_draft
D4-A07-EXT-02A,Self-Care,Looking After One’s Safety,Extensive,"Health, care & safety",Education Support Staff,School Nurse,Trained and authorised staff nominated in the relevant plan,Follow planned responses to known risks,recognise and respond to risks while participating safely,classrooms; yard; transitions; practical subjects; excursions; unfamiliar settings,consistently throughout the activity or across relevant settings in the school day,"Sustained, highly individualised; consistently across activity/settings",implementation as documented; safety/health observations required by the plan; participation and dignity; issues escalated according to the plan,"Which part of this support helps you most when working with classrooms, yard, transitions, practical subjects, excursions or unfamiliar settings? What should we keep, change or fade?",Follow the documented plan and do not fade safety-critical assistance except through formal review.,working_draft
D4-A07-EXT-02B,Self-Care,Looking After One’s Safety,Extensive,"Health, care & safety",Education Support Staff,School Nurse,Trained and authorised staff nominated in the relevant plan,Provide immediate support when safety concerns arise,recognise and respond to risks while participating safely,classrooms; yard; transitions; practical subjects; excursions; unfamiliar settings,consistently throughout the activity or across relevant settings in the school day,"Sustained, highly individualised; consistently across activity/settings",implementation as documented; safety/health observations required by the plan; participation and dignity; issues escalated according to the plan,"Which part of this support helps you most when working with classrooms, yard, transitions, practical subjects, excursions or unfamiliar settings? What should we keep, change or fade?",Follow the documented plan and do not fade safety-critical assistance except through formal review.,working_draft
D5-A01-PE-01,Interpersonal Interactions,Responding to the Feelings of Others,Present Environment,Communication & interaction,Classroom Teacher,,,Maintain ordinary accessible supports and resources in the setting,"access peer interactions, group work, social incidents or repair conversations",peer interactions; group work; social incidents; repair conversations,as part of everyday practice,Ordinary supports/resources available in the setting,access and participation; prompt or assistance level; independent use of the support; task engagement/completion where relevant,"Which part of this support helps you most when working with peer interactions, group work, social incidents or repair conversations? What should we keep, change or fade?",Teach the student how and when to use the support; prompt use before increasing direct assistance; fade prompts when evidence shows increasing independence.,working_draft
D5-A01-DT-01A,Interpersonal Interactions,Responding to the Feelings of Others,Differentiated Teaching,Communication & interaction,Classroom Teacher,Education Support Staff,,Remind {preferredName} to pause before responding in the identified interaction,recognise and respond to others’ feelings during interactions,peer interactions; group work; social incidents; repair conversations,as needed during relevant tasks or routines,"Brief, occasional; within usual classroom practice",access and participation; prompt or assistance level; independent use of the support; task engagement/completion where relevant,"Which part of this support helps you most when working with peer interactions, group work, social incidents or repair conversations? What should we keep, change or fade?",Teach the student how and when to use the support; prompt use before increasing direct assistance; fade prompts when evidence shows increasing independence.,working_draft
D5-A01-DT-01B,Interpersonal Interactions,Responding to the Feelings of Others,Differentiated Teaching,Communication & interaction,Classroom Teacher,Education Support Staff,,Prompt and model giving others appropriate space,recognise and respond to others’ feelings during interactions,peer interactions; group work; social incidents; repair conversations,as needed during relevant tasks or routines,"Brief, occasional; within usual classroom practice",access and participation; prompt or assistance level; independent use of the support; task engagement/completion where relevant,"Which part of this support helps you most when working with peer interactions, group work, social incidents or repair conversations? What should we keep, change or fade?",Teach the student how and when to use the support; prompt use before increasing direct assistance; fade prompts when evidence shows increasing independence.,working_draft
D5-A01-DT-01C,Interpersonal Interactions,Responding to the Feelings of Others,Differentiated Teaching,Communication & interaction,Classroom Teacher,Education Support Staff,,Prompt and model offering help appropriately,recognise and respond to others’ feelings during interactions,peer interactions; group work; social incidents; repair conversations,as needed during relevant tasks or routines,"Brief, occasional; within usual classroom practice",access and participation; prompt or assistance level; independent use of the support; task engagement/completion where relevant,"Which part of this support helps you most when working with peer interactions, group work, social incidents or repair conversations? What should we keep, change or fade?",Teach the student how and when to use the support; prompt use before increasing direct assistance; fade prompts when evidence shows increasing independence.,working_draft
D5-A01-DT-01D,Interpersonal Interactions,Responding to the Feelings of Others,Differentiated Teaching,Communication & interaction,Classroom Teacher,Education Support Staff,,Prompt and model the agreed respectful or kind language,recognise and respond to others’ feelings during interactions,peer interactions; group work; social incidents; repair conversations,as needed during relevant tasks or routines,"Brief, occasional; within usual classroom practice",access and participation; prompt or assistance level; independent use of the support; task engagement/completion where relevant,"Which part of this support helps you most when working with peer interactions, group work, social incidents or repair conversations? What should we keep, change or fade?",Teach the student how and when to use the support; prompt use before increasing direct assistance; fade prompts when evidence shows increasing independence.,working_draft
D5-A01-DT-02,Interpersonal Interactions,Responding to the Feelings of Others,Differentiated Teaching,Communication & interaction,Classroom Teacher,Education Support Staff,,Prompt {preferredName} to check or interpret how another person may be feeling using the agreed strategy,recognise and respond to others’ feelings during interactions,peer interactions; group work; social incidents; repair conversations,as needed during relevant tasks or routines,"Brief, occasional; within usual classroom practice",access and participation; prompt or assistance level; independent use of the support; task engagement/completion where relevant,"Which part of this support helps you most when working with peer interactions, group work, social incidents or repair conversations? What should we keep, change or fade?",Teach the student how and when to use the support; prompt use before increasing direct assistance; fade prompts when evidence shows increasing independence.,working_draft
D5-A01-SUP-01A,Interpersonal Interactions,Responding to the Feelings of Others,Supplementary,Communication & interaction,Classroom Teacher,Education Support Staff,,Use a social story matched to the identified situation,recognise and respond to others’ feelings during interactions,peer interactions; group work; social incidents; repair conversations,at specific times through the week or in identified tasks or settings,"Regular, planned and personalised; at specific times/settings",access and participation; prompt or assistance level; independent use of the support; task engagement/completion where relevant,"Which part of this support helps you most when working with peer interactions, group work, social incidents or repair conversations? What should we keep, change or fade?",Teach the student how and when to use the support; prompt use before increasing direct assistance; fade prompts when evidence shows increasing independence.,working_draft
D5-A01-SUP-01B,Interpersonal Interactions,Responding to the Feelings of Others,Supplementary,Communication & interaction,Classroom Teacher,Education Support Staff,,Provide a visual emotion scale and teach its use,recognise and respond to others’ feelings during interactions,peer interactions; group work; social incidents; repair conversations,at specific times through the week or in identified tasks or settings,"Regular, planned and personalised; at specific times/settings",access and participation; prompt or assistance level; independent use of the support; task engagement/completion where relevant,"Which part of this support helps you most when working with peer interactions, group work, social incidents or repair conversations? What should we keep, change or fade?",Teach the student how and when to use the support; prompt use before increasing direct assistance; fade prompts when evidence shows increasing independence.,working_draft
D5-A01-SUP-01C,Interpersonal Interactions,Responding to the Feelings of Others,Supplementary,Communication & interaction,Classroom Teacher,Education Support Staff,,Use role play to practise the identified interaction skill,recognise and respond to others’ feelings during interactions,peer interactions; group work; social incidents; repair conversations,at specific times through the week or in identified tasks or settings,"Regular, planned and personalised; at specific times/settings",access and participation; prompt or assistance level; independent use of the support; task engagement/completion where relevant,"Which part of this support helps you most when working with peer interactions, group work, social incidents or repair conversations? What should we keep, change or fade?",Teach the student how and when to use the support; prompt use before increasing direct assistance; fade prompts when evidence shows increasing independence.,working_draft
D5-A01-SUP-01D,Interpersonal Interactions,Responding to the Feelings of Others,Supplementary,Communication & interaction,Classroom Teacher,Education Support Staff,,Use structured reflection after incidents,recognise and respond to others’ feelings during interactions,peer interactions; group work; social incidents; repair conversations,at specific times through the week or in identified tasks or settings,"Regular, planned and personalised; at specific times/settings",access and participation; prompt or assistance level; independent use of the support; task engagement/completion where relevant,"Which part of this support helps you most when working with peer interactions, group work, social incidents or repair conversations? What should we keep, change or fade?",Teach the student how and when to use the support; prompt use before increasing direct assistance; fade prompts when evidence shows increasing independence.,working_draft
D5-A01-SUP-02A,Interpersonal Interactions,Responding to the Feelings of Others,Supplementary,Communication & interaction,Classroom Teacher,Education Support Staff,,Use adult coaching during peer interactions,recognise and respond to others’ feelings during interactions,peer interactions; group work; social incidents; repair conversations,at specific times through the week or in identified tasks or settings,"Regular, planned and personalised; at specific times/settings",access and participation; prompt or assistance level; independent use of the support; task engagement/completion where relevant,"Which part of this support helps you most when working with peer interactions, group work, social incidents or repair conversations? What should we keep, change or fade?",Teach the student how and when to use the support; prompt use before increasing direct assistance; fade prompts when evidence shows increasing independence.,working_draft
D5-A01-SUP-02B,Interpersonal Interactions,Responding to the Feelings of Others,Supplementary,Communication & interaction,Classroom Teacher,Education Support Staff,,Use relevant specialist advice,recognise and respond to others’ feelings during interactions,peer interactions; group work; social incidents; repair conversations,at specific times through the week or in identified tasks or settings,"Regular, planned and personalised; at specific times/settings",access and participation; prompt or assistance level; independent use of the support; task engagement/completion where relevant,"Which part of this support helps you most when working with peer interactions, group work, social incidents or repair conversations? What should we keep, change or fade?",Teach the student how and when to use the support; prompt use before increasing direct assistance; fade prompts when evidence shows increasing independence.,working_draft
D5-A01-SUB-01A,Interpersonal Interactions,Responding to the Feelings of Others,Substantial,Communication & interaction,Classroom Teacher,Education Support Staff,,Actively mediate identified peer interactions while explicitly teaching the agreed interaction skills,recognise and respond to others’ feelings during interactions,peer interactions; group work; social incidents; repair conversations,on most days or across most relevant tasks or settings,"Frequent, personalised; on most days/relevant settings",access and participation; prompt or assistance level; independent use of the support; task engagement/completion where relevant,"Which part of this support helps you most when working with peer interactions, group work, social incidents or repair conversations? What should we keep, change or fade?",Teach the student how and when to use the support; prompt use before increasing direct assistance; fade prompts when evidence shows increasing independence.,working_draft
D5-A01-SUB-01B,Interpersonal Interactions,Responding to the Feelings of Others,Substantial,Communication & interaction,Classroom Teacher,Education Support Staff,,Explicitly label emotions in real time,recognise and respond to others’ feelings during interactions,peer interactions; group work; social incidents; repair conversations,on most days or across most relevant tasks or settings,"Frequent, personalised; on most days/relevant settings",access and participation; prompt or assistance level; independent use of the support; task engagement/completion where relevant,"Which part of this support helps you most when working with peer interactions, group work, social incidents or repair conversations? What should we keep, change or fade?",Teach the student how and when to use the support; prompt use before increasing direct assistance; fade prompts when evidence shows increasing independence.,working_draft
D5-A01-SUB-01C,Interpersonal Interactions,Responding to the Feelings of Others,Substantial,Communication & interaction,Classroom Teacher,Education Support Staff,,Provide social scripts,recognise and respond to others’ feelings during interactions,peer interactions; group work; social incidents; repair conversations,on most days or across most relevant tasks or settings,"Frequent, personalised; on most days/relevant settings",access and participation; prompt or assistance level; independent use of the support; task engagement/completion where relevant,"Which part of this support helps you most when working with peer interactions, group work, social incidents or repair conversations? What should we keep, change or fade?",Teach the student how and when to use the support; prompt use before increasing direct assistance; fade prompts when evidence shows increasing independence.,working_draft
D5-A01-SUB-01D,Interpersonal Interactions,Responding to the Feelings of Others,Substantial,Communication & interaction,Classroom Teacher,Education Support Staff,,Support repair after misunderstandings,recognise and respond to others’ feelings during interactions,peer interactions; group work; social incidents; repair conversations,on most days or across most relevant tasks or settings,"Frequent, personalised; on most days/relevant settings",access and participation; prompt or assistance level; independent use of the support; task engagement/completion where relevant,"Which part of this support helps you most when working with peer interactions, group work, social incidents or repair conversations? What should we keep, change or fade?",Teach the student how and when to use the support; prompt use before increasing direct assistance; fade prompts when evidence shows increasing independence.,working_draft
D5-A01-SUB-02,Interpersonal Interactions,Responding to the Feelings of Others,Substantial,Communication & interaction,Classroom Teacher,Education Support Staff,,Use structured reflection after social incidents,recognise and respond to others’ feelings during interactions,peer interactions; group work; social incidents; repair conversations,on most days or across most relevant tasks or settings,"Frequent, personalised; on most days/relevant settings",access and participation; prompt or assistance level; independent use of the support; task engagement/completion where relevant,"Which part of this support helps you most when working with peer interactions, group work, social incidents or repair conversations? What should we keep, change or fade?",Teach the student how and when to use the support; prompt use before increasing direct assistance; fade prompts when evidence shows increasing independence.,working_draft
D5-A01-EXT-01A,Interpersonal Interactions,Responding to the Feelings of Others,Extensive,Communication & interaction,Classroom Teacher,Education Support Staff,,Closely supervise and explain peer interactions,recognise and respond to others’ feelings during interactions,peer interactions; group work; social incidents; repair conversations,consistently throughout the activity or across relevant settings in the school day,"Sustained, highly individualised; consistently across activity/settings",access and participation; prompt or assistance level; independent use of the support; task engagement/completion where relevant,"Which part of this support helps you most when working with peer interactions, group work, social incidents or repair conversations? What should we keep, change or fade?",Teach the student how and when to use the support; prompt use before increasing direct assistance; fade prompts when evidence shows increasing independence.,working_draft
D5-A01-EXT-01B,Interpersonal Interactions,Responding to the Feelings of Others,Extensive,Communication & interaction,Classroom Teacher,Education Support Staff,,Act early to prevent escalation,recognise and respond to others’ feelings during interactions,peer interactions; group work; social incidents; repair conversations,consistently throughout the activity or across relevant settings in the school day,"Sustained, highly individualised; consistently across activity/settings",access and participation; prompt or assistance level; independent use of the support; task engagement/completion where relevant,"Which part of this support helps you most when working with peer interactions, group work, social incidents or repair conversations? What should we keep, change or fade?",Teach the student how and when to use the support; prompt use before increasing direct assistance; fade prompts when evidence shows increasing independence.,working_draft
D5-A01-EXT-01C,Interpersonal Interactions,Responding to the Feelings of Others,Extensive,Communication & interaction,Classroom Teacher,Education Support Staff,,Significantly scaffold social repair,recognise and respond to others’ feelings during interactions,peer interactions; group work; social incidents; repair conversations,consistently throughout the activity or across relevant settings in the school day,"Sustained, highly individualised; consistently across activity/settings",access and participation; prompt or assistance level; independent use of the support; task engagement/completion where relevant,"Which part of this support helps you most when working with peer interactions, group work, social incidents or repair conversations? What should we keep, change or fade?",Teach the student how and when to use the support; prompt use before increasing direct assistance; fade prompts when evidence shows increasing independence.,working_draft
D5-A01-EXT-01D,Interpersonal Interactions,Responding to the Feelings of Others,Extensive,Communication & interaction,Classroom Teacher,Education Support Staff,,Adapt the social environment,recognise and respond to others’ feelings during interactions,peer interactions; group work; social incidents; repair conversations,consistently throughout the activity or across relevant settings in the school day,"Sustained, highly individualised; consistently across activity/settings",access and participation; prompt or assistance level; independent use of the support; task engagement/completion where relevant,"Which part of this support helps you most when working with peer interactions, group work, social incidents or repair conversations? What should we keep, change or fade?",Teach the student how and when to use the support; prompt use before increasing direct assistance; fade prompts when evidence shows increasing independence.,working_draft
D5-A02-PE-01,Interpersonal Interactions,Forming Relationships,Present Environment,"Regulation, engagement & independence",Classroom Teacher,,,Maintain ordinary accessible supports and resources in the setting,"access group work, yard, clubs, social activities or peer interactions",group work; yard; clubs; social activities; peer interactions,as part of everyday practice,Ordinary supports/resources available in the setting,access and participation; prompt or assistance level; independent use of the support; task engagement/completion where relevant,"Which part of this support helps you most when working with group work, yard, clubs, social activities or peer interactions? What should we keep, change or fade?",Teach the student how and when to use the support; prompt use before increasing direct assistance; fade prompts when evidence shows increasing independence.,working_draft
D5-A02-DT-01,Interpersonal Interactions,Forming Relationships,Differentiated Teaching,"Regulation, engagement & independence",Classroom Teacher,Education Support Staff,,Provide agreed classroom supports matched to the activity,"begin, maintain and repair relationships with peers",group work; yard; clubs; social activities; peer interactions,as needed during relevant tasks or routines,"Brief, occasional; within usual classroom practice",access and participation; prompt or assistance level; independent use of the support; task engagement/completion where relevant,"Which part of this support helps you most when working with group work, yard, clubs, social activities or peer interactions? What should we keep, change or fade?",Teach the student how and when to use the support; prompt use before increasing direct assistance; fade prompts when evidence shows increasing independence.,working_draft
D5-A02-SUP-01A,Interpersonal Interactions,Forming Relationships,Supplementary,"Regulation, engagement & independence",Classroom Teacher,Education Support Staff,,Provide and rehearse a social script for the identified situation,"begin, maintain and repair relationships with peers",group work; yard; clubs; social activities; peer interactions,at specific times through the week or in identified tasks or settings,"Regular, planned and personalised; at specific times/settings",access and participation; prompt or assistance level; independent use of the support; task engagement/completion where relevant,"Which part of this support helps you most when working with group work, yard, clubs, social activities or peer interactions? What should we keep, change or fade?",Teach the student how and when to use the support; prompt use before increasing direct assistance; fade prompts when evidence shows increasing independence.,working_draft
D5-A02-SUP-01B,Interpersonal Interactions,Forming Relationships,Supplementary,"Regulation, engagement & independence",Classroom Teacher,Education Support Staff,,Facilitate peer interactions,"begin, maintain and repair relationships with peers",group work; yard; clubs; social activities; peer interactions,at specific times through the week or in identified tasks or settings,"Regular, planned and personalised; at specific times/settings",access and participation; prompt or assistance level; independent use of the support; task engagement/completion where relevant,"Which part of this support helps you most when working with group work, yard, clubs, social activities or peer interactions? What should we keep, change or fade?",Teach the student how and when to use the support; prompt use before increasing direct assistance; fade prompts when evidence shows increasing independence.,working_draft
D5-A02-SUP-01C,Interpersonal Interactions,Forming Relationships,Supplementary,"Regulation, engagement & independence",Classroom Teacher,Education Support Staff,,Use peer buddy systems,"begin, maintain and repair relationships with peers",group work; yard; clubs; social activities; peer interactions,at specific times through the week or in identified tasks or settings,"Regular, planned and personalised; at specific times/settings",access and participation; prompt or assistance level; independent use of the support; task engagement/completion where relevant,"Which part of this support helps you most when working with group work, yard, clubs, social activities or peer interactions? What should we keep, change or fade?",Teach the student how and when to use the support; prompt use before increasing direct assistance; fade prompts when evidence shows increasing independence.,working_draft
D5-A02-SUP-01D,Interpersonal Interactions,Forming Relationships,Supplementary,"Regulation, engagement & independence",Classroom Teacher,Education Support Staff,,Use structured social activities,"begin, maintain and repair relationships with peers",group work; yard; clubs; social activities; peer interactions,at specific times through the week or in identified tasks or settings,"Regular, planned and personalised; at specific times/settings",access and participation; prompt or assistance level; independent use of the support; task engagement/completion where relevant,"Which part of this support helps you most when working with group work, yard, clubs, social activities or peer interactions? What should we keep, change or fade?",Teach the student how and when to use the support; prompt use before increasing direct assistance; fade prompts when evidence shows increasing independence.,working_draft
D5-A02-SUP-02A,Interpersonal Interactions,Forming Relationships,Supplementary,"Regulation, engagement & independence",Classroom Teacher,Education Support Staff,,Use visual cues,"begin, maintain and repair relationships with peers",group work; yard; clubs; social activities; peer interactions,at specific times through the week or in identified tasks or settings,"Regular, planned and personalised; at specific times/settings",access and participation; prompt or assistance level; independent use of the support; task engagement/completion where relevant,"Which part of this support helps you most when working with group work, yard, clubs, social activities or peer interactions? What should we keep, change or fade?",Teach the student how and when to use the support; prompt use before increasing direct assistance; fade prompts when evidence shows increasing independence.,working_draft
D5-A02-SUP-02B,Interpersonal Interactions,Forming Relationships,Supplementary,"Regulation, engagement & independence",Classroom Teacher,Education Support Staff,,Use relevant specialist advice,"begin, maintain and repair relationships with peers",group work; yard; clubs; social activities; peer interactions,at specific times through the week or in identified tasks or settings,"Regular, planned and personalised; at specific times/settings",access and participation; prompt or assistance level; independent use of the support; task engagement/completion where relevant,"Which part of this support helps you most when working with group work, yard, clubs, social activities or peer interactions? What should we keep, change or fade?",Teach the student how and when to use the support; prompt use before increasing direct assistance; fade prompts when evidence shows increasing independence.,working_draft
D5-A02-SUB-01A,Interpersonal Interactions,Forming Relationships,Substantial,"Regulation, engagement & independence",Classroom Teacher,Education Support Staff,,Explicitly facilitate play,"begin, maintain and repair relationships with peers",group work; yard; clubs; social activities; peer interactions,on most days or across most relevant tasks or settings,"Frequent, personalised; on most days/relevant settings",access and participation; prompt or assistance level; independent use of the support; task engagement/completion where relevant,"Which part of this support helps you most when working with group work, yard, clubs, social activities or peer interactions? What should we keep, change or fade?",Teach the student how and when to use the support; prompt use before increasing direct assistance; fade prompts when evidence shows increasing independence.,working_draft
D5-A02-SUB-01B,Interpersonal Interactions,Forming Relationships,Substantial,"Regulation, engagement & independence",Classroom Teacher,Education Support Staff,,Create planned opportunities for social interaction,"begin, maintain and repair relationships with peers",group work; yard; clubs; social activities; peer interactions,on most days or across most relevant tasks or settings,"Frequent, personalised; on most days/relevant settings",access and participation; prompt or assistance level; independent use of the support; task engagement/completion where relevant,"Which part of this support helps you most when working with group work, yard, clubs, social activities or peer interactions? What should we keep, change or fade?",Teach the student how and when to use the support; prompt use before increasing direct assistance; fade prompts when evidence shows increasing independence.,working_draft
D5-A02-SUB-01C,Interpersonal Interactions,Forming Relationships,Substantial,"Regulation, engagement & independence",Classroom Teacher,Education Support Staff,,Set up structured social groups,"begin, maintain and repair relationships with peers",group work; yard; clubs; social activities; peer interactions,on most days or across most relevant tasks or settings,"Frequent, personalised; on most days/relevant settings",access and participation; prompt or assistance level; independent use of the support; task engagement/completion where relevant,"Which part of this support helps you most when working with group work, yard, clubs, social activities or peer interactions? What should we keep, change or fade?",Teach the student how and when to use the support; prompt use before increasing direct assistance; fade prompts when evidence shows increasing independence.,working_draft
D5-A02-SUB-01D,Interpersonal Interactions,Forming Relationships,Substantial,"Regulation, engagement & independence",Classroom Teacher,Education Support Staff,,Provide prompts for sharing,"begin, maintain and repair relationships with peers",group work; yard; clubs; social activities; peer interactions,on most days or across most relevant tasks or settings,"Frequent, personalised; on most days/relevant settings",access and participation; prompt or assistance level; independent use of the support; task engagement/completion where relevant,"Which part of this support helps you most when working with group work, yard, clubs, social activities or peer interactions? What should we keep, change or fade?",Teach the student how and when to use the support; prompt use before increasing direct assistance; fade prompts when evidence shows increasing independence.,working_draft
D5-A02-SUB-02A,Interpersonal Interactions,Forming Relationships,Substantial,Communication & interaction,Classroom Teacher,Education Support Staff,,Support {preferredName} to use the agreed communication strategy or system,"begin, maintain and repair relationships with peers",group work; yard; clubs; social activities; peer interactions,on most days or across most relevant tasks or settings,"Frequent, personalised; on most days/relevant settings",access and participation; prompt or assistance level; independent use of the support; task engagement/completion where relevant,"Which part of this support helps you most when working with group work, yard, clubs, social activities or peer interactions? What should we keep, change or fade?",Teach the student how and when to use the support; prompt use before increasing direct assistance; fade prompts when evidence shows increasing independence.,working_draft
D5-A02-SUB-02B,Interpersonal Interactions,Forming Relationships,Substantial,"Regulation, engagement & independence",Classroom Teacher,Education Support Staff,,Actively monitor interactions to prevent breakdown,"begin, maintain and repair relationships with peers",group work; yard; clubs; social activities; peer interactions,on most days or across most relevant tasks or settings,"Frequent, personalised; on most days/relevant settings",access and participation; prompt or assistance level; independent use of the support; task engagement/completion where relevant,"Which part of this support helps you most when working with group work, yard, clubs, social activities or peer interactions? What should we keep, change or fade?",Teach the student how and when to use the support; prompt use before increasing direct assistance; fade prompts when evidence shows increasing independence.,working_draft
D5-A02-EXT-01A,Interpersonal Interactions,Forming Relationships,Extensive,"Regulation, engagement & independence",Classroom Teacher,Education Support Staff,,Directly facilitate peer interactions,"begin, maintain and repair relationships with peers",group work; yard; clubs; social activities; peer interactions,consistently throughout the activity or across relevant settings in the school day,"Sustained, highly individualised; consistently across activity/settings",access and participation; prompt or assistance level; independent use of the support; task engagement/completion where relevant,"Which part of this support helps you most when working with group work, yard, clubs, social activities or peer interactions? What should we keep, change or fade?",Teach the student how and when to use the support; prompt use before increasing direct assistance; fade prompts when evidence shows increasing independence.,working_draft
D5-A02-EXT-01B,Interpersonal Interactions,Forming Relationships,Extensive,"Regulation, engagement & independence",Classroom Teacher,Education Support Staff,,Structure social opportunities,"begin, maintain and repair relationships with peers",group work; yard; clubs; social activities; peer interactions,consistently throughout the activity or across relevant settings in the school day,"Sustained, highly individualised; consistently across activity/settings",access and participation; prompt or assistance level; independent use of the support; task engagement/completion where relevant,"Which part of this support helps you most when working with group work, yard, clubs, social activities or peer interactions? What should we keep, change or fade?",Teach the student how and when to use the support; prompt use before increasing direct assistance; fade prompts when evidence shows increasing independence.,working_draft
D5-A02-EXT-01C,Interpersonal Interactions,Forming Relationships,Extensive,"Regulation, engagement & independence",Classroom Teacher,Education Support Staff,,Supervise interactions closely,"begin, maintain and repair relationships with peers",group work; yard; clubs; social activities; peer interactions,consistently throughout the activity or across relevant settings in the school day,"Sustained, highly individualised; consistently across activity/settings",access and participation; prompt or assistance level; independent use of the support; task engagement/completion where relevant,"Which part of this support helps you most when working with group work, yard, clubs, social activities or peer interactions? What should we keep, change or fade?",Teach the student how and when to use the support; prompt use before increasing direct assistance; fade prompts when evidence shows increasing independence.,working_draft
D5-A02-EXT-01D,Interpersonal Interactions,Forming Relationships,Extensive,Communication & interaction,Classroom Teacher,Education Support Staff,,Model the agreed communication strategy or system,"begin, maintain and repair relationships with peers",group work; yard; clubs; social activities; peer interactions,consistently throughout the activity or across relevant settings in the school day,"Sustained, highly individualised; consistently across activity/settings",access and participation; prompt or assistance level; independent use of the support; task engagement/completion where relevant,"Which part of this support helps you most when working with group work, yard, clubs, social activities or peer interactions? What should we keep, change or fade?",Teach the student how and when to use the support; prompt use before increasing direct assistance; fade prompts when evidence shows increasing independence.,working_draft
D5-A02-EXT-02A,Interpersonal Interactions,Forming Relationships,Extensive,"Regulation, engagement & independence",Classroom Teacher,Education Support Staff,,Support turn-taking,"begin, maintain and repair relationships with peers",group work; yard; clubs; social activities; peer interactions,consistently throughout the activity or across relevant settings in the school day,"Sustained, highly individualised; consistently across activity/settings",access and participation; prompt or assistance level; independent use of the support; task engagement/completion where relevant,"Which part of this support helps you most when working with group work, yard, clubs, social activities or peer interactions? What should we keep, change or fade?",Teach the student how and when to use the support; prompt use before increasing direct assistance; fade prompts when evidence shows increasing independence.,working_draft
D5-A02-EXT-02B,Interpersonal Interactions,Forming Relationships,Extensive,"Regulation, engagement & independence",Classroom Teacher,Education Support Staff,,Support {preferredName} to interpret social cues,"begin, maintain and repair relationships with peers",group work; yard; clubs; social activities; peer interactions,consistently throughout the activity or across relevant settings in the school day,"Sustained, highly individualised; consistently across activity/settings",access and participation; prompt or assistance level; independent use of the support; task engagement/completion where relevant,"Which part of this support helps you most when working with group work, yard, clubs, social activities or peer interactions? What should we keep, change or fade?",Teach the student how and when to use the support; prompt use before increasing direct assistance; fade prompts when evidence shows increasing independence.,working_draft
D5-A02-EXT-02C,Interpersonal Interactions,Forming Relationships,Extensive,"Regulation, engagement & independence",Classroom Teacher,Education Support Staff,,Support {preferredName} to repair conflict,"begin, maintain and repair relationships with peers",group work; yard; clubs; social activities; peer interactions,consistently throughout the activity or across relevant settings in the school day,"Sustained, highly individualised; consistently across activity/settings",access and participation; prompt or assistance level; independent use of the support; task engagement/completion where relevant,"Which part of this support helps you most when working with group work, yard, clubs, social activities or peer interactions? What should we keep, change or fade?",Teach the student how and when to use the support; prompt use before increasing direct assistance; fade prompts when evidence shows increasing independence.,working_draft
D5-A02-EXT-02D,Interpersonal Interactions,Forming Relationships,Extensive,"Regulation, engagement & independence",Classroom Teacher,Education Support Staff,,Help peers understand how to include {preferredName} respectfully in the identified activity,"begin, maintain and repair relationships with peers",group work; yard; clubs; social activities; peer interactions,consistently throughout the activity or across relevant settings in the school day,"Sustained, highly individualised; consistently across activity/settings",access and participation; prompt or assistance level; independent use of the support; task engagement/completion where relevant,"Which part of this support helps you most when working with group work, yard, clubs, social activities or peer interactions? What should we keep, change or fade?",Teach the student how and when to use the support; prompt use before increasing direct assistance; fade prompts when evidence shows increasing independence.,working_draft
D5-A03-PE-01,Interpersonal Interactions,Regulating Behaviours Within Interactions,Present Environment,"Regulation, engagement & independence",Classroom Teacher,,,Maintain ordinary accessible supports and resources in the setting,"access group work, peer conflict, social demands or unstructured settings",group work; peer conflict; social demands; unstructured settings,as part of everyday practice,Ordinary supports/resources available in the setting,access and participation; prompt or assistance level; independent use of the support; task engagement/completion where relevant,"Which part of this support helps you most when working with group work, peer conflict, social demands or unstructured settings? What should we keep, change or fade?",Teach the student how and when to use the support; prompt use before increasing direct assistance; fade prompts when evidence shows increasing independence.,working_draft
D5-A03-DT-01,Interpersonal Interactions,Regulating Behaviours Within Interactions,Differentiated Teaching,"Regulation, engagement & independence",Classroom Teacher,Education Support Staff,,Provide agreed classroom supports matched to the activity,regulate emotions and impulses during interactions and return to participation,group work; peer conflict; social demands; unstructured settings,as needed during relevant tasks or routines,"Brief, occasional; within usual classroom practice",access and participation; prompt or assistance level; independent use of the support; task engagement/completion where relevant,"Which part of this support helps you most when working with group work, peer conflict, social demands or unstructured settings? What should we keep, change or fade?",Teach the student how and when to use the support; prompt use before increasing direct assistance; fade prompts when evidence shows increasing independence.,working_draft
D5-A03-SUP-01A,Interpersonal Interactions,Regulating Behaviours Within Interactions,Supplementary,"Regulation, engagement & independence",Classroom Teacher,Education Support Staff,,Agree and share clear expectations for interactions,regulate emotions and impulses during interactions and return to participation,group work; peer conflict; social demands; unstructured settings,at specific times through the week or in identified tasks or settings,"Regular, planned and personalised; at specific times/settings",access and participation; prompt or assistance level; independent use of the support; task engagement/completion where relevant,"Which part of this support helps you most when working with group work, peer conflict, social demands or unstructured settings? What should we keep, change or fade?",Teach the student how and when to use the support; prompt use before increasing direct assistance; fade prompts when evidence shows increasing independence.,working_draft
D5-A03-SUP-01B,Interpersonal Interactions,Regulating Behaviours Within Interactions,Supplementary,"Regulation, engagement & independence",Classroom Teacher,Education Support Staff,,Use visual cues,regulate emotions and impulses during interactions and return to participation,group work; peer conflict; social demands; unstructured settings,at specific times through the week or in identified tasks or settings,"Regular, planned and personalised; at specific times/settings",access and participation; prompt or assistance level; independent use of the support; task engagement/completion where relevant,"Which part of this support helps you most when working with group work, peer conflict, social demands or unstructured settings? What should we keep, change or fade?",Teach the student how and when to use the support; prompt use before increasing direct assistance; fade prompts when evidence shows increasing independence.,working_draft
D5-A03-SUP-01C,Interpersonal Interactions,Regulating Behaviours Within Interactions,Supplementary,"Regulation, engagement & independence",Classroom Teacher,Education Support Staff,,Use a social story matched to the identified situation,regulate emotions and impulses during interactions and return to participation,group work; peer conflict; social demands; unstructured settings,at specific times through the week or in identified tasks or settings,"Regular, planned and personalised; at specific times/settings",access and participation; prompt or assistance level; independent use of the support; task engagement/completion where relevant,"Which part of this support helps you most when working with group work, peer conflict, social demands or unstructured settings? What should we keep, change or fade?",Teach the student how and when to use the support; prompt use before increasing direct assistance; fade prompts when evidence shows increasing independence.,working_draft
D5-A03-SUP-01D,Interpersonal Interactions,Regulating Behaviours Within Interactions,Supplementary,"Regulation, engagement & independence",Classroom Teacher,Education Support Staff,,Use adult coaching,regulate emotions and impulses during interactions and return to participation,group work; peer conflict; social demands; unstructured settings,at specific times through the week or in identified tasks or settings,"Regular, planned and personalised; at specific times/settings",access and participation; prompt or assistance level; independent use of the support; task engagement/completion where relevant,"Which part of this support helps you most when working with group work, peer conflict, social demands or unstructured settings? What should we keep, change or fade?",Teach the student how and when to use the support; prompt use before increasing direct assistance; fade prompts when evidence shows increasing independence.,working_draft
D5-A03-SUP-02A,Interpersonal Interactions,Regulating Behaviours Within Interactions,Supplementary,"Regulation, engagement & independence",Classroom Teacher,Education Support Staff,,Provide planned regulation or movement breaks,regulate emotions and impulses during interactions and return to participation,group work; peer conflict; social demands; unstructured settings,at specific times through the week or in identified tasks or settings,"Regular, planned and personalised; at specific times/settings",access and participation; prompt or assistance level; independent use of the support; task engagement/completion where relevant,"Which part of this support helps you most when working with group work, peer conflict, social demands or unstructured settings? What should we keep, change or fade?",Teach the student how and when to use the support; prompt use before increasing direct assistance; fade prompts when evidence shows increasing independence.,working_draft
D5-A03-SUP-02B,Interpersonal Interactions,Regulating Behaviours Within Interactions,Supplementary,"Regulation, engagement & independence",Classroom Teacher,Education Support Staff,,"Explicitly teach replacement behaviours, linked to school-wide positive behaviour supports",regulate emotions and impulses during interactions and return to participation,group work; peer conflict; social demands; unstructured settings,at specific times through the week or in identified tasks or settings,"Regular, planned and personalised; at specific times/settings",access and participation; prompt or assistance level; independent use of the support; task engagement/completion where relevant,"Which part of this support helps you most when working with group work, peer conflict, social demands or unstructured settings? What should we keep, change or fade?",Teach the student how and when to use the support; prompt use before increasing direct assistance; fade prompts when evidence shows increasing independence.,working_draft
D5-A03-SUB-01A,Interpersonal Interactions,Regulating Behaviours Within Interactions,Substantial,"Regulation, engagement & independence",Classroom Teacher,Education Support Staff,,Actively monitor group work,regulate emotions and impulses during interactions and return to participation,group work; peer conflict; social demands; unstructured settings,on most days or across most relevant tasks or settings,"Frequent, personalised; on most days/relevant settings",access and participation; prompt or assistance level; independent use of the support; task engagement/completion where relevant,"Which part of this support helps you most when working with group work, peer conflict, social demands or unstructured settings? What should we keep, change or fade?",Teach the student how and when to use the support; prompt use before increasing direct assistance; fade prompts when evidence shows increasing independence.,working_draft
D5-A03-SUB-01B,Interpersonal Interactions,Regulating Behaviours Within Interactions,Substantial,"Regulation, engagement & independence",Classroom Teacher,Education Support Staff,,Prepare for known triggers where possible,regulate emotions and impulses during interactions and return to participation,group work; peer conflict; social demands; unstructured settings,on most days or across most relevant tasks or settings,"Frequent, personalised; on most days/relevant settings",access and participation; prompt or assistance level; independent use of the support; task engagement/completion where relevant,"Which part of this support helps you most when working with group work, peer conflict, social demands or unstructured settings? What should we keep, change or fade?",Teach the student how and when to use the support; prompt use before increasing direct assistance; fade prompts when evidence shows increasing independence.,working_draft
D5-A03-SUB-01C,Interpersonal Interactions,Regulating Behaviours Within Interactions,Substantial,"Regulation, engagement & independence",Classroom Teacher,Education Support Staff,,Provide explicit coaching on emotional regulation and impulse control,regulate emotions and impulses during interactions and return to participation,group work; peer conflict; social demands; unstructured settings,on most days or across most relevant tasks or settings,"Frequent, personalised; on most days/relevant settings",access and participation; prompt or assistance level; independent use of the support; task engagement/completion where relevant,"Which part of this support helps you most when working with group work, peer conflict, social demands or unstructured settings? What should we keep, change or fade?",Teach the student how and when to use the support; prompt use before increasing direct assistance; fade prompts when evidence shows increasing independence.,working_draft
D5-A03-SUB-01D,Interpersonal Interactions,Regulating Behaviours Within Interactions,Substantial,"Regulation, engagement & independence",Classroom Teacher,Education Support Staff,,Offer timely co-regulation,regulate emotions and impulses during interactions and return to participation,group work; peer conflict; social demands; unstructured settings,on most days or across most relevant tasks or settings,"Frequent, personalised; on most days/relevant settings",access and participation; prompt or assistance level; independent use of the support; task engagement/completion where relevant,"Which part of this support helps you most when working with group work, peer conflict, social demands or unstructured settings? What should we keep, change or fade?",Teach the student how and when to use the support; prompt use before increasing direct assistance; fade prompts when evidence shows increasing independence.,working_draft
D5-A03-EXT-01A,Interpersonal Interactions,Regulating Behaviours Within Interactions,Extensive,"Regulation, engagement & independence",Classroom Teacher,Education Support Staff,,Anticipate triggers and adjust before they occur,regulate emotions and impulses during interactions and return to participation,group work; peer conflict; social demands; unstructured settings,consistently throughout the activity or across relevant settings in the school day,"Sustained, highly individualised; consistently across activity/settings",access and participation; prompt or assistance level; independent use of the support; task engagement/completion where relevant,"Which part of this support helps you most when working with group work, peer conflict, social demands or unstructured settings? What should we keep, change or fade?",Teach the student how and when to use the support; prompt use before increasing direct assistance; fade prompts when evidence shows increasing independence.,working_draft
D5-A03-EXT-01B,Interpersonal Interactions,Regulating Behaviours Within Interactions,Extensive,"Regulation, engagement & independence",Classroom Teacher,Education Support Staff,,Reduce demands,regulate emotions and impulses during interactions and return to participation,group work; peer conflict; social demands; unstructured settings,consistently throughout the activity or across relevant settings in the school day,"Sustained, highly individualised; consistently across activity/settings",access and participation; prompt or assistance level; independent use of the support; task engagement/completion where relevant,"Which part of this support helps you most when working with group work, peer conflict, social demands or unstructured settings? What should we keep, change or fade?",Teach the student how and when to use the support; prompt use before increasing direct assistance; fade prompts when evidence shows increasing independence.,working_draft
D5-A03-EXT-01C,Interpersonal Interactions,Regulating Behaviours Within Interactions,Extensive,"Regulation, engagement & independence",Classroom Teacher,Education Support Staff,,Provide co-regulation,regulate emotions and impulses during interactions and return to participation,group work; peer conflict; social demands; unstructured settings,consistently throughout the activity or across relevant settings in the school day,"Sustained, highly individualised; consistently across activity/settings",access and participation; prompt or assistance level; independent use of the support; task engagement/completion where relevant,"Which part of this support helps you most when working with group work, peer conflict, social demands or unstructured settings? What should we keep, change or fade?",Teach the student how and when to use the support; prompt use before increasing direct assistance; fade prompts when evidence shows increasing independence.,working_draft
D5-A03-EXT-01D,Interpersonal Interactions,Regulating Behaviours Within Interactions,Extensive,"Regulation, engagement & independence",Classroom Teacher,Education Support Staff,,Support {preferredName} to communicate safely using the agreed strategy or system,regulate emotions and impulses during interactions and return to participation,group work; peer conflict; social demands; unstructured settings,consistently throughout the activity or across relevant settings in the school day,"Sustained, highly individualised; consistently across activity/settings",access and participation; prompt or assistance level; independent use of the support; task engagement/completion where relevant,"Which part of this support helps you most when working with group work, peer conflict, social demands or unstructured settings? What should we keep, change or fade?",Teach the student how and when to use the support; prompt use before increasing direct assistance; fade prompts when evidence shows increasing independence.,working_draft
D5-A03-EXT-02A,Interpersonal Interactions,Regulating Behaviours Within Interactions,Extensive,"Regulation, engagement & independence",Classroom Teacher,Education Support Staff,,Prompt breaks,regulate emotions and impulses during interactions and return to participation,group work; peer conflict; social demands; unstructured settings,consistently throughout the activity or across relevant settings in the school day,"Sustained, highly individualised; consistently across activity/settings",access and participation; prompt or assistance level; independent use of the support; task engagement/completion where relevant,"Which part of this support helps you most when working with group work, peer conflict, social demands or unstructured settings? What should we keep, change or fade?",Teach the student how and when to use the support; prompt use before increasing direct assistance; fade prompts when evidence shows increasing independence.,working_draft
D5-A03-EXT-02B,Interpersonal Interactions,Regulating Behaviours Within Interactions,Extensive,"Regulation, engagement & independence",Classroom Teacher,Education Support Staff,,Model replacement behaviours,regulate emotions and impulses during interactions and return to participation,group work; peer conflict; social demands; unstructured settings,consistently throughout the activity or across relevant settings in the school day,"Sustained, highly individualised; consistently across activity/settings",access and participation; prompt or assistance level; independent use of the support; task engagement/completion where relevant,"Which part of this support helps you most when working with group work, peer conflict, social demands or unstructured settings? What should we keep, change or fade?",Teach the student how and when to use the support; prompt use before increasing direct assistance; fade prompts when evidence shows increasing independence.,working_draft
D5-A03-EXT-02C,Interpersonal Interactions,Regulating Behaviours Within Interactions,Extensive,"Regulation, engagement & independence",Classroom Teacher,Education Support Staff,,Intervene early in conflict,regulate emotions and impulses during interactions and return to participation,group work; peer conflict; social demands; unstructured settings,consistently throughout the activity or across relevant settings in the school day,"Sustained, highly individualised; consistently across activity/settings",access and participation; prompt or assistance level; independent use of the support; task engagement/completion where relevant,"Which part of this support helps you most when working with group work, peer conflict, social demands or unstructured settings? What should we keep, change or fade?",Teach the student how and when to use the support; prompt use before increasing direct assistance; fade prompts when evidence shows increasing independence.,working_draft
D5-A03-EXT-02D,Interpersonal Interactions,Regulating Behaviours Within Interactions,Extensive,"Regulation, engagement & independence",Classroom Teacher,Education Support Staff,,Support {preferredName} to return to learning,regulate emotions and impulses during interactions and return to participation,group work; peer conflict; social demands; unstructured settings,consistently throughout the activity or across relevant settings in the school day,"Sustained, highly individualised; consistently across activity/settings",access and participation; prompt or assistance level; independent use of the support; task engagement/completion where relevant,"Which part of this support helps you most when working with group work, peer conflict, social demands or unstructured settings? What should we keep, change or fade?",Teach the student how and when to use the support; prompt use before increasing direct assistance; fade prompts when evidence shows increasing independence.,working_draft
D5-A03-EXT-03,Interpersonal Interactions,Regulating Behaviours Within Interactions,Extensive,"Regulation, engagement & independence",Classroom Teacher,Education Support Staff,,Support {preferredName} to return to social participation after dysregulation,regulate emotions and impulses during interactions and return to participation,group work; peer conflict; social demands; unstructured settings,consistently throughout the activity or across relevant settings in the school day,"Sustained, highly individualised; consistently across activity/settings",access and participation; prompt or assistance level; independent use of the support; task engagement/completion where relevant,"Which part of this support helps you most when working with group work, peer conflict, social demands or unstructured settings? What should we keep, change or fade?",Teach the student how and when to use the support; prompt use before increasing direct assistance; fade prompts when evidence shows increasing independence.,working_draft
D5-A04-PE-01,Interpersonal Interactions,Interacting According to Social Rules,Present Environment,"Regulation, engagement & independence",Classroom Teacher,,,Maintain ordinary accessible supports and resources in the setting,"access classrooms, group work, yard, transitions, excursions or assemblies",classrooms; group work; yard; transitions; excursions; assemblies,as part of everyday practice,Ordinary supports/resources available in the setting,access and participation; prompt or assistance level; independent use of the support; task engagement/completion where relevant,"Which part of this support helps you most when working with classrooms, group work, yard, transitions, excursions or assemblies? What should we keep, change or fade?",Teach the student how and when to use the support; prompt use before increasing direct assistance; fade prompts when evidence shows increasing independence.,working_draft
D5-A04-DT-01,Interpersonal Interactions,Interacting According to Social Rules,Differentiated Teaching,"Regulation, engagement & independence",Classroom Teacher,Education Support Staff,,Provide agreed classroom supports matched to the activity,navigate social expectations safely and respectfully,classrooms; group work; yard; transitions; excursions; assemblies,as needed during relevant tasks or routines,"Brief, occasional; within usual classroom practice",access and participation; prompt or assistance level; independent use of the support; task engagement/completion where relevant,"Which part of this support helps you most when working with classrooms, group work, yard, transitions, excursions or assemblies? What should we keep, change or fade?",Teach the student how and when to use the support; prompt use before increasing direct assistance; fade prompts when evidence shows increasing independence.,working_draft
D5-A04-SUP-01A,Interpersonal Interactions,Interacting According to Social Rules,Supplementary,"Regulation, engagement & independence",Classroom Teacher,Education Support Staff,,Use a social story matched to the identified situation,navigate social expectations safely and respectfully,classrooms; group work; yard; transitions; excursions; assemblies,at specific times through the week or in identified tasks or settings,"Regular, planned and personalised; at specific times/settings",access and participation; prompt or assistance level; independent use of the support; task engagement/completion where relevant,"Which part of this support helps you most when working with classrooms, group work, yard, transitions, excursions or assemblies? What should we keep, change or fade?",Teach the student how and when to use the support; prompt use before increasing direct assistance; fade prompts when evidence shows increasing independence.,working_draft
D5-A04-SUP-01B,Interpersonal Interactions,Interacting According to Social Rules,Supplementary,"Regulation, engagement & independence",Classroom Teacher,Education Support Staff,,Use social skills groups,navigate social expectations safely and respectfully,classrooms; group work; yard; transitions; excursions; assemblies,at specific times through the week or in identified tasks or settings,"Regular, planned and personalised; at specific times/settings",access and participation; prompt or assistance level; independent use of the support; task engagement/completion where relevant,"Which part of this support helps you most when working with classrooms, group work, yard, transitions, excursions or assemblies? What should we keep, change or fade?",Teach the student how and when to use the support; prompt use before increasing direct assistance; fade prompts when evidence shows increasing independence.,working_draft
D5-A04-SUP-01C,Interpersonal Interactions,Interacting According to Social Rules,Supplementary,"Regulation, engagement & independence",Classroom Teacher,Education Support Staff,,Use visual prompts,navigate social expectations safely and respectfully,classrooms; group work; yard; transitions; excursions; assemblies,at specific times through the week or in identified tasks or settings,"Regular, planned and personalised; at specific times/settings",access and participation; prompt or assistance level; independent use of the support; task engagement/completion where relevant,"Which part of this support helps you most when working with classrooms, group work, yard, transitions, excursions or assemblies? What should we keep, change or fade?",Teach the student how and when to use the support; prompt use before increasing direct assistance; fade prompts when evidence shows increasing independence.,working_draft
D5-A04-SUP-01D,Interpersonal Interactions,Interacting According to Social Rules,Supplementary,"Regulation, engagement & independence",Classroom Teacher,Education Support Staff,,Use adult coaching,navigate social expectations safely and respectfully,classrooms; group work; yard; transitions; excursions; assemblies,at specific times through the week or in identified tasks or settings,"Regular, planned and personalised; at specific times/settings",access and participation; prompt or assistance level; independent use of the support; task engagement/completion where relevant,"Which part of this support helps you most when working with classrooms, group work, yard, transitions, excursions or assemblies? What should we keep, change or fade?",Teach the student how and when to use the support; prompt use before increasing direct assistance; fade prompts when evidence shows increasing independence.,working_draft
D5-A04-SUP-02,Interpersonal Interactions,Interacting According to Social Rules,Supplementary,"Regulation, engagement & independence",Classroom Teacher,Education Support Staff,,Use pre-correction and structured opportunities to practise expected behaviours,navigate social expectations safely and respectfully,classrooms; group work; yard; transitions; excursions; assemblies,at specific times through the week or in identified tasks or settings,"Regular, planned and personalised; at specific times/settings",access and participation; prompt or assistance level; independent use of the support; task engagement/completion where relevant,"Which part of this support helps you most when working with classrooms, group work, yard, transitions, excursions or assemblies? What should we keep, change or fade?",Teach the student how and when to use the support; prompt use before increasing direct assistance; fade prompts when evidence shows increasing independence.,working_draft
D5-A04-SUB-01A,Interpersonal Interactions,Interacting According to Social Rules,Substantial,"Regulation, engagement & independence",Classroom Teacher,Education Support Staff,,Pre-teach social expectations,navigate social expectations safely and respectfully,classrooms; group work; yard; transitions; excursions; assemblies,on most days or across most relevant tasks or settings,"Frequent, personalised; on most days/relevant settings",access and participation; prompt or assistance level; independent use of the support; task engagement/completion where relevant,"Which part of this support helps you most when working with classrooms, group work, yard, transitions, excursions or assemblies? What should we keep, change or fade?",Teach the student how and when to use the support; prompt use before increasing direct assistance; fade prompts when evidence shows increasing independence.,working_draft
D5-A04-SUB-01B,Interpersonal Interactions,Interacting According to Social Rules,Substantial,"Regulation, engagement & independence",Classroom Teacher,Education Support Staff,,Provide visual cues for group norms,navigate social expectations safely and respectfully,classrooms; group work; yard; transitions; excursions; assemblies,on most days or across most relevant tasks or settings,"Frequent, personalised; on most days/relevant settings",access and participation; prompt or assistance level; independent use of the support; task engagement/completion where relevant,"Which part of this support helps you most when working with classrooms, group work, yard, transitions, excursions or assemblies? What should we keep, change or fade?",Teach the student how and when to use the support; prompt use before increasing direct assistance; fade prompts when evidence shows increasing independence.,working_draft
D5-A04-SUB-01C,Interpersonal Interactions,Interacting According to Social Rules,Substantial,"Regulation, engagement & independence",Classroom Teacher,Education Support Staff,,Actively coach {preferredName} during activities,navigate social expectations safely and respectfully,classrooms; group work; yard; transitions; excursions; assemblies,on most days or across most relevant tasks or settings,"Frequent, personalised; on most days/relevant settings",access and participation; prompt or assistance level; independent use of the support; task engagement/completion where relevant,"Which part of this support helps you most when working with classrooms, group work, yard, transitions, excursions or assemblies? What should we keep, change or fade?",Teach the student how and when to use the support; prompt use before increasing direct assistance; fade prompts when evidence shows increasing independence.,working_draft
D5-A04-SUB-01D,Interpersonal Interactions,Interacting According to Social Rules,Substantial,"Regulation, engagement & independence",Classroom Teacher,Education Support Staff,,Support repair after misunderstandings,navigate social expectations safely and respectfully,classrooms; group work; yard; transitions; excursions; assemblies,on most days or across most relevant tasks or settings,"Frequent, personalised; on most days/relevant settings",access and participation; prompt or assistance level; independent use of the support; task engagement/completion where relevant,"Which part of this support helps you most when working with classrooms, group work, yard, transitions, excursions or assemblies? What should we keep, change or fade?",Teach the student how and when to use the support; prompt use before increasing direct assistance; fade prompts when evidence shows increasing independence.,working_draft
D5-A04-SUB-02,Interpersonal Interactions,Interacting According to Social Rules,Substantial,"Regulation, engagement & independence",Classroom Teacher,Education Support Staff,,Offer structured breaks from social demands,navigate social expectations safely and respectfully,classrooms; group work; yard; transitions; excursions; assemblies,on most days or across most relevant tasks or settings,"Frequent, personalised; on most days/relevant settings",access and participation; prompt or assistance level; independent use of the support; task engagement/completion where relevant,"Which part of this support helps you most when working with classrooms, group work, yard, transitions, excursions or assemblies? What should we keep, change or fade?",Teach the student how and when to use the support; prompt use before increasing direct assistance; fade prompts when evidence shows increasing independence.,working_draft
D5-A04-EXT-01A,Interpersonal Interactions,Interacting According to Social Rules,Extensive,"Regulation, engagement & independence",Classroom Teacher,Education Support Staff,,Closely supervise interactions,navigate social expectations safely and respectfully,classrooms; group work; yard; transitions; excursions; assemblies,consistently throughout the activity or across relevant settings in the school day,"Sustained, highly individualised; consistently across activity/settings",access and participation; prompt or assistance level; independent use of the support; task engagement/completion where relevant,"Which part of this support helps you most when working with classrooms, group work, yard, transitions, excursions or assemblies? What should we keep, change or fade?",Teach the student how and when to use the support; prompt use before increasing direct assistance; fade prompts when evidence shows increasing independence.,working_draft
D5-A04-EXT-01B,Interpersonal Interactions,Interacting According to Social Rules,Extensive,"Regulation, engagement & independence",Classroom Teacher,Education Support Staff,,Explicitly teach social expectations,navigate social expectations safely and respectfully,classrooms; group work; yard; transitions; excursions; assemblies,consistently throughout the activity or across relevant settings in the school day,"Sustained, highly individualised; consistently across activity/settings",access and participation; prompt or assistance level; independent use of the support; task engagement/completion where relevant,"Which part of this support helps you most when working with classrooms, group work, yard, transitions, excursions or assemblies? What should we keep, change or fade?",Teach the student how and when to use the support; prompt use before increasing direct assistance; fade prompts when evidence shows increasing independence.,working_draft
D5-A04-EXT-01C,Interpersonal Interactions,Interacting According to Social Rules,Extensive,"Regulation, engagement & independence",Classroom Teacher,Education Support Staff,,Pre-teach routines,navigate social expectations safely and respectfully,classrooms; group work; yard; transitions; excursions; assemblies,consistently throughout the activity or across relevant settings in the school day,"Sustained, highly individualised; consistently across activity/settings",access and participation; prompt or assistance level; independent use of the support; task engagement/completion where relevant,"Which part of this support helps you most when working with classrooms, group work, yard, transitions, excursions or assemblies? What should we keep, change or fade?",Teach the student how and when to use the support; prompt use before increasing direct assistance; fade prompts when evidence shows increasing independence.,working_draft
D5-A04-EXT-01D,Interpersonal Interactions,Interacting According to Social Rules,Extensive,"Regulation, engagement & independence",Classroom Teacher,Education Support Staff,,Provide real-time coaching,navigate social expectations safely and respectfully,classrooms; group work; yard; transitions; excursions; assemblies,consistently throughout the activity or across relevant settings in the school day,"Sustained, highly individualised; consistently across activity/settings",access and participation; prompt or assistance level; independent use of the support; task engagement/completion where relevant,"Which part of this support helps you most when working with classrooms, group work, yard, transitions, excursions or assemblies? What should we keep, change or fade?",Teach the student how and when to use the support; prompt use before increasing direct assistance; fade prompts when evidence shows increasing independence.,working_draft
D5-A04-EXT-02A,Interpersonal Interactions,Interacting According to Social Rules,Extensive,"Regulation, engagement & independence",Classroom Teacher,Education Support Staff,,Intervene during misunderstandings,navigate social expectations safely and respectfully,classrooms; group work; yard; transitions; excursions; assemblies,consistently throughout the activity or across relevant settings in the school day,"Sustained, highly individualised; consistently across activity/settings",access and participation; prompt or assistance level; independent use of the support; task engagement/completion where relevant,"Which part of this support helps you most when working with classrooms, group work, yard, transitions, excursions or assemblies? What should we keep, change or fade?",Teach the student how and when to use the support; prompt use before increasing direct assistance; fade prompts when evidence shows increasing independence.,working_draft
D5-A04-EXT-02B,Interpersonal Interactions,Interacting According to Social Rules,Extensive,"Regulation, engagement & independence",Classroom Teacher,Education Support Staff,,Support repair after incidents,navigate social expectations safely and respectfully,classrooms; group work; yard; transitions; excursions; assemblies,consistently throughout the activity or across relevant settings in the school day,"Sustained, highly individualised; consistently across activity/settings",access and participation; prompt or assistance level; independent use of the support; task engagement/completion where relevant,"Which part of this support helps you most when working with classrooms, group work, yard, transitions, excursions or assemblies? What should we keep, change or fade?",Teach the student how and when to use the support; prompt use before increasing direct assistance; fade prompts when evidence shows increasing independence.,working_draft
D5-A04-EXT-02C,Interpersonal Interactions,Interacting According to Social Rules,Extensive,"Regulation, engagement & independence",Classroom Teacher,Education Support Staff,,Modify activities,navigate social expectations safely and respectfully,classrooms; group work; yard; transitions; excursions; assemblies,consistently throughout the activity or across relevant settings in the school day,"Sustained, highly individualised; consistently across activity/settings",access and participation; prompt or assistance level; independent use of the support; task engagement/completion where relevant,"Which part of this support helps you most when working with classrooms, group work, yard, transitions, excursions or assemblies? What should we keep, change or fade?",Teach the student how and when to use the support; prompt use before increasing direct assistance; fade prompts when evidence shows increasing independence.,working_draft
D6-A01-PE-01,Mobility,Lifting and Carrying Objects,Present Environment,Physical access & mobility,Classroom Teacher,,,Maintain ordinary accessible supports and resources in the setting,"access school bag, books, equipment, technology or materials",school bag; books; equipment; technology; materials,as part of everyday practice,Ordinary supports/resources available in the setting,access and participation; prompt or assistance level; independent use of the support; task engagement/completion where relevant,"Which part of this support helps you most when working with school bag, books, equipment, technology or materials? What should we keep, change or fade?",Teach the student how and when to use the support; prompt use before increasing direct assistance; fade prompts when evidence shows increasing independence.,working_draft
D6-A01-DT-01A,Mobility,Lifting and Carrying Objects,Differentiated Teaching,Physical access & mobility,Classroom Teacher; Education Support Staff,,,Prompt {preferredName} to use two hands when this is the agreed safe technique,manage required materials safely and participate in school routines,school bag; books; equipment; technology; materials,as needed during relevant tasks or routines,"Brief, occasional; within usual classroom practice",access and participation; prompt or assistance level; independent use of the support; task engagement/completion where relevant,"Which part of this support helps you most when working with school bag, books, equipment, technology or materials? What should we keep, change or fade?",Teach the student how and when to use the support; prompt use before increasing direct assistance; fade prompts when evidence shows increasing independence.,working_draft
D6-A01-DT-01B,Mobility,Lifting and Carrying Objects,Differentiated Teaching,Physical access & mobility,Classroom Teacher; Education Support Staff,,,Reduce the load,manage required materials safely and participate in school routines,school bag; books; equipment; technology; materials,as needed during relevant tasks or routines,"Brief, occasional; within usual classroom practice",access and participation; prompt or assistance level; independent use of the support; task engagement/completion where relevant,"Which part of this support helps you most when working with school bag, books, equipment, technology or materials? What should we keep, change or fade?",Teach the student how and when to use the support; prompt use before increasing direct assistance; fade prompts when evidence shows increasing independence.,working_draft
D6-A01-DT-01C,Mobility,Lifting and Carrying Objects,Differentiated Teaching,Physical access & mobility,Classroom Teacher; Education Support Staff,,,Teach and prompt {preferredName} to ask for help when a load or task exceeds the agreed safe limit,manage required materials safely and participate in school routines,school bag; books; equipment; technology; materials,as needed during relevant tasks or routines,"Brief, occasional; within usual classroom practice",access and participation; prompt or assistance level; independent use of the support; task engagement/completion where relevant,"Which part of this support helps you most when working with school bag, books, equipment, technology or materials? What should we keep, change or fade?",Teach the student how and when to use the support; prompt use before increasing direct assistance; fade prompts when evidence shows increasing independence.,working_draft
D6-A01-DT-01D,Mobility,Lifting and Carrying Objects,Differentiated Teaching,Physical access & mobility,Classroom Teacher; Education Support Staff,,,Provide an appropriate bag or carrying aid,manage required materials safely and participate in school routines,school bag; books; equipment; technology; materials,as needed during relevant tasks or routines,"Brief, occasional; within usual classroom practice",access and participation; prompt or assistance level; independent use of the support; task engagement/completion where relevant,"Which part of this support helps you most when working with school bag, books, equipment, technology or materials? What should we keep, change or fade?",Teach the student how and when to use the support; prompt use before increasing direct assistance; fade prompts when evidence shows increasing independence.,working_draft
D6-A01-DT-02A,Mobility,Lifting and Carrying Objects,Differentiated Teaching,Physical access & mobility,Classroom Teacher; Education Support Staff,,,Allow {preferredName} to carry items in stages,manage required materials safely and participate in school routines,school bag; books; equipment; technology; materials,as needed during relevant tasks or routines,"Brief, occasional; within usual classroom practice",access and participation; prompt or assistance level; independent use of the support; task engagement/completion where relevant,"Which part of this support helps you most when working with school bag, books, equipment, technology or materials? What should we keep, change or fade?",Teach the student how and when to use the support; prompt use before increasing direct assistance; fade prompts when evidence shows increasing independence.,working_draft
D6-A01-DT-02B,Mobility,Lifting and Carrying Objects,Differentiated Teaching,Physical access & mobility,Classroom Teacher; Education Support Staff,,,Provide the agreed support to maintain balance while carrying items,manage required materials safely and participate in school routines,school bag; books; equipment; technology; materials,as needed during relevant tasks or routines,"Brief, occasional; within usual classroom practice",access and participation; prompt or assistance level; independent use of the support; task engagement/completion where relevant,"Which part of this support helps you most when working with school bag, books, equipment, technology or materials? What should we keep, change or fade?",Teach the student how and when to use the support; prompt use before increasing direct assistance; fade prompts when evidence shows increasing independence.,working_draft
D6-A01-DT-02C,Mobility,Lifting and Carrying Objects,Differentiated Teaching,Physical access & mobility,Classroom Teacher; Education Support Staff,,,Ensure {preferredName} does not carry objects above the agreed safe load,manage required materials safely and participate in school routines,school bag; books; equipment; technology; materials,as needed during relevant tasks or routines,"Brief, occasional; within usual classroom practice",access and participation; prompt or assistance level; independent use of the support; task engagement/completion where relevant,"Which part of this support helps you most when working with school bag, books, equipment, technology or materials? What should we keep, change or fade?",Teach the student how and when to use the support; prompt use before increasing direct assistance; fade prompts when evidence shows increasing independence.,working_draft
D6-A01-SUP-01A,Mobility,Lifting and Carrying Objects,Supplementary,Physical access & mobility,Classroom Teacher; Education Support Staff,,,Arrange for items to be handed to {preferredName} where this reduces lifting or carrying demand,manage required materials safely and participate in school routines,school bag; books; equipment; technology; materials,at specific times through the week or in identified tasks or settings,"Regular, planned and personalised; at specific times/settings",access and participation; prompt or assistance level; independent use of the support; task engagement/completion where relevant,"Which part of this support helps you most when working with school bag, books, equipment, technology or materials? What should we keep, change or fade?",Teach the student how and when to use the support; prompt use before increasing direct assistance; fade prompts when evidence shows increasing independence.,working_draft
D6-A01-SUP-01B,Mobility,Lifting and Carrying Objects,Supplementary,Physical access & mobility,Classroom Teacher; Education Support Staff,,,Reduce load size,manage required materials safely and participate in school routines,school bag; books; equipment; technology; materials,at specific times through the week or in identified tasks or settings,"Regular, planned and personalised; at specific times/settings",access and participation; prompt or assistance level; independent use of the support; task engagement/completion where relevant,"Which part of this support helps you most when working with school bag, books, equipment, technology or materials? What should we keep, change or fade?",Teach the student how and when to use the support; prompt use before increasing direct assistance; fade prompts when evidence shows increasing independence.,working_draft
D6-A01-SUP-01C,Mobility,Lifting and Carrying Objects,Supplementary,Physical access & mobility,Classroom Teacher; Education Support Staff,,,Provide the agreed assistive equipment and teach or support its safe use,manage required materials safely and participate in school routines,school bag; books; equipment; technology; materials,at specific times through the week or in identified tasks or settings,"Regular, planned and personalised; at specific times/settings",access and participation; prompt or assistance level; independent use of the support; task engagement/completion where relevant,"Which part of this support helps you most when working with school bag, books, equipment, technology or materials? What should we keep, change or fade?",Teach the student how and when to use the support; prompt use before increasing direct assistance; fade prompts when evidence shows increasing independence.,working_draft
D6-A01-SUP-01D,Mobility,Lifting and Carrying Objects,Supplementary,Physical access & mobility,Classroom Teacher; Education Support Staff,,,Provide access to a trolley or other agreed carrying aid,manage required materials safely and participate in school routines,school bag; books; equipment; technology; materials,at specific times through the week or in identified tasks or settings,"Regular, planned and personalised; at specific times/settings",access and participation; prompt or assistance level; independent use of the support; task engagement/completion where relevant,"Which part of this support helps you most when working with school bag, books, equipment, technology or materials? What should we keep, change or fade?",Teach the student how and when to use the support; prompt use before increasing direct assistance; fade prompts when evidence shows increasing independence.,working_draft
D6-A01-SUP-02,Mobility,Lifting and Carrying Objects,Supplementary,Physical access & mobility,Classroom Teacher; Education Support Staff,,,Arrange for staff to transport some materials,manage required materials safely and participate in school routines,school bag; books; equipment; technology; materials,at specific times through the week or in identified tasks or settings,"Regular, planned and personalised; at specific times/settings",access and participation; prompt or assistance level; independent use of the support; task engagement/completion where relevant,"Which part of this support helps you most when working with school bag, books, equipment, technology or materials? What should we keep, change or fade?",Teach the student how and when to use the support; prompt use before increasing direct assistance; fade prompts when evidence shows increasing independence.,working_draft
D6-A01-SUB-01A,Mobility,Lifting and Carrying Objects,Substantial,Physical access & mobility,Classroom Teacher; Education Support Staff,,,Regularly carry {hishertheir} bag,manage required materials safely and participate in school routines,school bag; books; equipment; technology; materials,on most days or across most relevant tasks or settings,"Frequent, personalised; on most days/relevant settings",access and participation; prompt or assistance level; independent use of the support; task engagement/completion where relevant,"Which part of this support helps you most when working with school bag, books, equipment, technology or materials? What should we keep, change or fade?",Teach the student how and when to use the support; prompt use before increasing direct assistance; fade prompts when evidence shows increasing independence.,working_draft
D6-A01-SUB-01B,Mobility,Lifting and Carrying Objects,Substantial,Physical access & mobility,Classroom Teacher; Education Support Staff,,,Move equipment between classes,manage required materials safely and participate in school routines,school bag; books; equipment; technology; materials,on most days or across most relevant tasks or settings,"Frequent, personalised; on most days/relevant settings",access and participation; prompt or assistance level; independent use of the support; task engagement/completion where relevant,"Which part of this support helps you most when working with school bag, books, equipment, technology or materials? What should we keep, change or fade?",Teach the student how and when to use the support; prompt use before increasing direct assistance; fade prompts when evidence shows increasing independence.,working_draft
D6-A01-SUB-01C,Mobility,Lifting and Carrying Objects,Substantial,Physical access & mobility,Classroom Teacher; Education Support Staff,,,Modify the physical load,manage required materials safely and participate in school routines,school bag; books; equipment; technology; materials,on most days or across most relevant tasks or settings,"Frequent, personalised; on most days/relevant settings",access and participation; prompt or assistance level; independent use of the support; task engagement/completion where relevant,"Which part of this support helps you most when working with school bag, books, equipment, technology or materials? What should we keep, change or fade?",Teach the student how and when to use the support; prompt use before increasing direct assistance; fade prompts when evidence shows increasing independence.,working_draft
D6-A01-SUB-01D,Mobility,Lifting and Carrying Objects,Substantial,Physical access & mobility,Classroom Teacher; Education Support Staff,,,Support use of transport aids,manage required materials safely and participate in school routines,school bag; books; equipment; technology; materials,on most days or across most relevant tasks or settings,"Frequent, personalised; on most days/relevant settings",access and participation; prompt or assistance level; independent use of the support; task engagement/completion where relevant,"Which part of this support helps you most when working with school bag, books, equipment, technology or materials? What should we keep, change or fade?",Teach the student how and when to use the support; prompt use before increasing direct assistance; fade prompts when evidence shows increasing independence.,working_draft
D6-A01-SUB-02,Mobility,Lifting and Carrying Objects,Substantial,Physical access & mobility,Classroom Teacher; Education Support Staff,,,Explicitly prompt alternative transport methods,manage required materials safely and participate in school routines,school bag; books; equipment; technology; materials,on most days or across most relevant tasks or settings,"Frequent, personalised; on most days/relevant settings",access and participation; prompt or assistance level; independent use of the support; task engagement/completion where relevant,"Which part of this support helps you most when working with school bag, books, equipment, technology or materials? What should we keep, change or fade?",Teach the student how and when to use the support; prompt use before increasing direct assistance; fade prompts when evidence shows increasing independence.,working_draft
D6-A01-EXT-01A,Mobility,Lifting and Carrying Objects,Extensive,Physical access & mobility,Classroom Teacher; Education Support Staff,,,Carry {hishertheir} bag and materials,manage required materials safely and participate in school routines,school bag; books; equipment; technology; materials,consistently throughout the activity or across relevant settings in the school day,"Sustained, highly individualised; consistently across activity/settings",access and participation; prompt or assistance level; independent use of the support; task engagement/completion where relevant,"Which part of this support helps you most when working with school bag, books, equipment, technology or materials? What should we keep, change or fade?",Teach the student how and when to use the support; prompt use before increasing direct assistance; fade prompts when evidence shows increasing independence.,working_draft
D6-A01-EXT-01B,Mobility,Lifting and Carrying Objects,Extensive,Physical access & mobility,Classroom Teacher; Education Support Staff,,,Carry and set up {hishertheir} communication device,manage required materials safely and participate in school routines,school bag; books; equipment; technology; materials,consistently throughout the activity or across relevant settings in the school day,"Sustained, highly individualised; consistently across activity/settings",access and participation; prompt or assistance level; independent use of the support; task engagement/completion where relevant,"Which part of this support helps you most when working with school bag, books, equipment, technology or materials? What should we keep, change or fade?",Teach the student how and when to use the support; prompt use before increasing direct assistance; fade prompts when evidence shows increasing independence.,working_draft
D6-A01-EXT-01C,Mobility,Lifting and Carrying Objects,Extensive,Physical access & mobility,Classroom Teacher; Education Support Staff,,,Provide mobility equipment,manage required materials safely and participate in school routines,school bag; books; equipment; technology; materials,consistently throughout the activity or across relevant settings in the school day,"Sustained, highly individualised; consistently across activity/settings",access and participation; prompt or assistance level; independent use of the support; task engagement/completion where relevant,"Which part of this support helps you most when working with school bag, books, equipment, technology or materials? What should we keep, change or fade?",Teach the student how and when to use the support; prompt use before increasing direct assistance; fade prompts when evidence shows increasing independence.,working_draft
D6-A01-EXT-01D,Mobility,Lifting and Carrying Objects,Extensive,Physical access & mobility,Classroom Teacher; Education Support Staff,,,Carry {hishertheir} personal care items,manage required materials safely and participate in school routines,school bag; books; equipment; technology; materials,consistently throughout the activity or across relevant settings in the school day,"Sustained, highly individualised; consistently across activity/settings",implementation as documented; safety/health observations required by the plan; participation and dignity; issues escalated according to the plan,"Which part of this support helps you most when working with school bag, books, equipment, technology or materials? What should we keep, change or fade?",Follow the documented plan and do not fade safety-critical assistance except through formal review.,working_draft
D6-A01-EXT-02,Mobility,Lifting and Carrying Objects,Extensive,Physical access & mobility,Classroom Teacher; Education Support Staff,,,Arrange transport of learning materials between settings where carrying them creates an access barrier,manage required materials safely and participate in school routines,school bag; books; equipment; technology; materials,consistently throughout the activity or across relevant settings in the school day,"Sustained, highly individualised; consistently across activity/settings",access and participation; prompt or assistance level; independent use of the support; task engagement/completion where relevant,"Which part of this support helps you most when working with school bag, books, equipment, technology or materials? What should we keep, change or fade?",Teach the student how and when to use the support; prompt use before increasing direct assistance; fade prompts when evidence shows increasing independence.,working_draft
D6-A02-PE-01,Mobility,Fine Motor Skills,Present Environment,Physical access & mobility,Classroom Teacher,,,Maintain ordinary accessible supports and resources in the setting,"access handwriting, page turning, tools, equipment or device use",handwriting; page turning; tools; equipment; device use,as part of everyday practice,Ordinary supports/resources available in the setting,access and participation; prompt or assistance level; independent use of the support; task engagement/completion where relevant,"Which part of this support helps you most when working with handwriting, page turning, tools, equipment or device use? What should we keep, change or fade?",Teach the student how and when to use the support; prompt use before increasing direct assistance; fade prompts when evidence shows increasing independence.,working_draft
D6-A02-DT-01A,Mobility,Fine Motor Skills,Differentiated Teaching,Physical access & mobility,Classroom Teacher; Education Support Staff,,,Use pencil grips,access learning tasks that require coordinated hand or finger movements,handwriting; page turning; tools; equipment; device use,as needed during relevant tasks or routines,"Brief, occasional; within usual classroom practice",access and participation; prompt or assistance level; independent use of the support; task engagement/completion where relevant,"Which part of this support helps you most when working with handwriting, page turning, tools, equipment or device use? What should we keep, change or fade?",Teach the student how and when to use the support; prompt use before increasing direct assistance; fade prompts when evidence shows increasing independence.,working_draft
D6-A02-DT-01B,Mobility,Fine Motor Skills,Differentiated Teaching,Physical access & mobility,Classroom Teacher; Education Support Staff,,,Use adapted scissors,access learning tasks that require coordinated hand or finger movements,handwriting; page turning; tools; equipment; device use,as needed during relevant tasks or routines,"Brief, occasional; within usual classroom practice",access and participation; prompt or assistance level; independent use of the support; task engagement/completion where relevant,"Which part of this support helps you most when working with handwriting, page turning, tools, equipment or device use? What should we keep, change or fade?",Teach the student how and when to use the support; prompt use before increasing direct assistance; fade prompts when evidence shows increasing independence.,working_draft
D6-A02-DT-01C,Mobility,Fine Motor Skills,Differentiated Teaching,Physical access & mobility,Classroom Teacher; Education Support Staff,,,Provide larger materials,access learning tasks that require coordinated hand or finger movements,handwriting; page turning; tools; equipment; device use,as needed during relevant tasks or routines,"Brief, occasional; within usual classroom practice",access and participation; prompt or assistance level; independent use of the support; task engagement/completion where relevant,"Which part of this support helps you most when working with handwriting, page turning, tools, equipment or device use? What should we keep, change or fade?",Teach the student how and when to use the support; prompt use before increasing direct assistance; fade prompts when evidence shows increasing independence.,working_draft
D6-A02-DT-01D,Mobility,Fine Motor Skills,Differentiated Teaching,Assessment & demonstrating learning,Classroom Teacher; Education Support Staff,,,Allow extra time for handwriting,access learning tasks that require coordinated hand or finger movements,handwriting; page turning; tools; equipment; device use,as needed during relevant tasks or routines,"Brief, occasional; within usual classroom practice",access and participation; prompt or assistance level; independent use of the support; task engagement/completion where relevant,"Which part of this support helps you most when working with handwriting, page turning, tools, equipment or device use? What should we keep, change or fade?",Teach the student how and when to use the support; prompt use before increasing direct assistance; fade prompts when evidence shows increasing independence.,working_draft
D6-A02-DT-02,Mobility,Fine Motor Skills,Differentiated Teaching,Physical access & mobility,Classroom Teacher; Education Support Staff,,,Provide brief help with tools,access learning tasks that require coordinated hand or finger movements,handwriting; page turning; tools; equipment; device use,as needed during relevant tasks or routines,"Brief, occasional; within usual classroom practice",access and participation; prompt or assistance level; independent use of the support; task engagement/completion where relevant,"Which part of this support helps you most when working with handwriting, page turning, tools, equipment or device use? What should we keep, change or fade?",Teach the student how and when to use the support; prompt use before increasing direct assistance; fade prompts when evidence shows increasing independence.,working_draft
D6-A02-SUP-01A,Mobility,Fine Motor Skills,Supplementary,Physical access & mobility,Classroom Teacher; Education Support Staff,,,Use adapted writing tools,access learning tasks that require coordinated hand or finger movements,handwriting; page turning; tools; equipment; device use,at specific times through the week or in identified tasks or settings,"Regular, planned and personalised; at specific times/settings",access and participation; prompt or assistance level; independent use of the support; task engagement/completion where relevant,"Which part of this support helps you most when working with handwriting, page turning, tools, equipment or device use? What should we keep, change or fade?",Teach the student how and when to use the support; prompt use before increasing direct assistance; fade prompts when evidence shows increasing independence.,working_draft
D6-A02-SUP-01B,Mobility,Fine Motor Skills,Supplementary,Physical access & mobility,Classroom Teacher; Education Support Staff,,,Modify materials,access learning tasks that require coordinated hand or finger movements,handwriting; page turning; tools; equipment; device use,at specific times through the week or in identified tasks or settings,"Regular, planned and personalised; at specific times/settings",access and participation; prompt or assistance level; independent use of the support; task engagement/completion where relevant,"Which part of this support helps you most when working with handwriting, page turning, tools, equipment or device use? What should we keep, change or fade?",Teach the student how and when to use the support; prompt use before increasing direct assistance; fade prompts when evidence shows increasing independence.,working_draft
D6-A02-SUP-01C,Mobility,Fine Motor Skills,Supplementary,Physical access & mobility,Classroom Teacher; Education Support Staff,,,Provide the agreed assistive technology and teach its use,access learning tasks that require coordinated hand or finger movements,handwriting; page turning; tools; equipment; device use,at specific times through the week or in identified tasks or settings,"Regular, planned and personalised; at specific times/settings",access and participation; prompt or assistance level; independent use of the support; task engagement/completion where relevant,"Which part of this support helps you most when working with handwriting, page turning, tools, equipment or device use? What should we keep, change or fade?",Teach the student how and when to use the support; prompt use before increasing direct assistance; fade prompts when evidence shows increasing independence.,working_draft
D6-A02-SUP-01D,Mobility,Fine Motor Skills,Supplementary,Physical access & mobility,Classroom Teacher; Education Support Staff,,,Reduce copying,access learning tasks that require coordinated hand or finger movements,handwriting; page turning; tools; equipment; device use,at specific times through the week or in identified tasks or settings,"Regular, planned and personalised; at specific times/settings",access and participation; prompt or assistance level; independent use of the support; task engagement/completion where relevant,"Which part of this support helps you most when working with handwriting, page turning, tools, equipment or device use? What should we keep, change or fade?",Teach the student how and when to use the support; prompt use before increasing direct assistance; fade prompts when evidence shows increasing independence.,working_draft
D6-A02-SUP-02A,Mobility,Fine Motor Skills,Supplementary,Assessment & demonstrating learning,Classroom Teacher; Education Support Staff,,,Provide or allow alternative response formats,access learning tasks that require coordinated hand or finger movements,handwriting; page turning; tools; equipment; device use,at specific times through the week or in identified tasks or settings,"Regular, planned and personalised; at specific times/settings",access and participation; prompt or assistance level; independent use of the support; task engagement/completion where relevant,"Which part of this support helps you most when working with handwriting, page turning, tools, equipment or device use? What should we keep, change or fade?",Teach the student how and when to use the support; prompt use before increasing direct assistance; fade prompts when evidence shows increasing independence.,working_draft
D6-A02-SUP-02B,Mobility,Fine Motor Skills,Supplementary,Physical access & mobility,Classroom Teacher; Education Support Staff,,,Provide fine motor breaks,access learning tasks that require coordinated hand or finger movements,handwriting; page turning; tools; equipment; device use,at specific times through the week or in identified tasks or settings,"Regular, planned and personalised; at specific times/settings",access and participation; prompt or assistance level; independent use of the support; task engagement/completion where relevant,"Which part of this support helps you most when working with handwriting, page turning, tools, equipment or device use? What should we keep, change or fade?",Teach the student how and when to use the support; prompt use before increasing direct assistance; fade prompts when evidence shows increasing independence.,working_draft
D6-A02-SUP-02C,Mobility,Fine Motor Skills,Supplementary,Physical access & mobility,Classroom Teacher; Education Support Staff,,,Use relevant specialist advice,access learning tasks that require coordinated hand or finger movements,handwriting; page turning; tools; equipment; device use,at specific times through the week or in identified tasks or settings,"Regular, planned and personalised; at specific times/settings",access and participation; prompt or assistance level; independent use of the support; task engagement/completion where relevant,"Which part of this support helps you most when working with handwriting, page turning, tools, equipment or device use? What should we keep, change or fade?",Teach the student how and when to use the support; prompt use before increasing direct assistance; fade prompts when evidence shows increasing independence.,working_draft
D6-A02-SUB-01A,Mobility,Fine Motor Skills,Substantial,Physical access & mobility,Classroom Teacher; Education Support Staff,,,Use adapted keyboards,access learning tasks that require coordinated hand or finger movements,handwriting; page turning; tools; equipment; device use,on most days or across most relevant tasks or settings,"Frequent, personalised; on most days/relevant settings",access and participation; prompt or assistance level; independent use of the support; task engagement/completion where relevant,"Which part of this support helps you most when working with handwriting, page turning, tools, equipment or device use? What should we keep, change or fade?",Teach the student how and when to use the support; prompt use before increasing direct assistance; fade prompts when evidence shows increasing independence.,working_draft
D6-A02-SUB-01B,Mobility,Fine Motor Skills,Substantial,Physical access & mobility,Classroom Teacher; Education Support Staff,,,Use concept keyboards,access learning tasks that require coordinated hand or finger movements,handwriting; page turning; tools; equipment; device use,on most days or across most relevant tasks or settings,"Frequent, personalised; on most days/relevant settings",access and participation; prompt or assistance level; independent use of the support; task engagement/completion where relevant,"Which part of this support helps you most when working with handwriting, page turning, tools, equipment or device use? What should we keep, change or fade?",Teach the student how and when to use the support; prompt use before increasing direct assistance; fade prompts when evidence shows increasing independence.,working_draft
D6-A02-SUB-01C,Mobility,Fine Motor Skills,Substantial,Assessment & demonstrating learning,Classroom Teacher; Education Support Staff,,,Offer alternative assessment methods,access learning tasks that require coordinated hand or finger movements,handwriting; page turning; tools; equipment; device use,on most days or across most relevant tasks or settings,"Frequent, personalised; on most days/relevant settings",access and participation; prompt or assistance level; independent use of the support; task engagement/completion where relevant,"Which part of this support helps you most when working with handwriting, page turning, tools, equipment or device use? What should we keep, change or fade?",Teach the student how and when to use the support; prompt use before increasing direct assistance; fade prompts when evidence shows increasing independence.,working_draft
D6-A02-SUB-01D,Mobility,Fine Motor Skills,Substantial,Physical access & mobility,Classroom Teacher; Education Support Staff,,,Reduce physical output requirements,access learning tasks that require coordinated hand or finger movements,handwriting; page turning; tools; equipment; device use,on most days or across most relevant tasks or settings,"Frequent, personalised; on most days/relevant settings",access and participation; prompt or assistance level; independent use of the support; task engagement/completion where relevant,"Which part of this support helps you most when working with handwriting, page turning, tools, equipment or device use? What should we keep, change or fade?",Teach the student how and when to use the support; prompt use before increasing direct assistance; fade prompts when evidence shows increasing independence.,working_draft
D6-A02-SUB-02,Mobility,Fine Motor Skills,Substantial,Physical access & mobility,Classroom Teacher; Education Support Staff,,,Provide scheduled physical breaks,access learning tasks that require coordinated hand or finger movements,handwriting; page turning; tools; equipment; device use,on most days or across most relevant tasks or settings,"Frequent, personalised; on most days/relevant settings",access and participation; prompt or assistance level; independent use of the support; task engagement/completion where relevant,"Which part of this support helps you most when working with handwriting, page turning, tools, equipment or device use? What should we keep, change or fade?",Teach the student how and when to use the support; prompt use before increasing direct assistance; fade prompts when evidence shows increasing independence.,working_draft
D6-A02-EXT-01A,Mobility,Fine Motor Skills,Extensive,Physical access & mobility,Classroom Teacher; Education Support Staff,,,Provide sustained physical assistance where appropriate,access learning tasks that require coordinated hand or finger movements,handwriting; page turning; tools; equipment; device use,consistently throughout the activity or across relevant settings in the school day,"Sustained, highly individualised; consistently across activity/settings",implementation as documented; safety/health observations required by the plan; participation and dignity; issues escalated according to the plan,"Which part of this support helps you most when working with handwriting, page turning, tools, equipment or device use? What should we keep, change or fade?",Follow the documented plan and do not fade safety-critical assistance except through formal review.,working_draft
D6-A02-EXT-01B,Mobility,Fine Motor Skills,Extensive,Physical access & mobility,Classroom Teacher; Education Support Staff,,,Set up materials and equipment before the task,access learning tasks that require coordinated hand or finger movements,handwriting; page turning; tools; equipment; device use,consistently throughout the activity or across relevant settings in the school day,"Sustained, highly individualised; consistently across activity/settings",access and participation; prompt or assistance level; independent use of the support; task engagement/completion where relevant,"Which part of this support helps you most when working with handwriting, page turning, tools, equipment or device use? What should we keep, change or fade?",Teach the student how and when to use the support; prompt use before increasing direct assistance; fade prompts when evidence shows increasing independence.,working_draft
D6-A02-EXT-01C,Mobility,Fine Motor Skills,Extensive,Physical access & mobility,Classroom Teacher; Education Support Staff,,,Support access to specialist equipment,access learning tasks that require coordinated hand or finger movements,handwriting; page turning; tools; equipment; device use,consistently throughout the activity or across relevant settings in the school day,"Sustained, highly individualised; consistently across activity/settings",access and participation; prompt or assistance level; independent use of the support; task engagement/completion where relevant,"Which part of this support helps you most when working with handwriting, page turning, tools, equipment or device use? What should we keep, change or fade?",Teach the student how and when to use the support; prompt use before increasing direct assistance; fade prompts when evidence shows increasing independence.,working_draft
D6-A02-EXT-01D,Mobility,Fine Motor Skills,Extensive,Physical access & mobility,Classroom Teacher; Education Support Staff,,,Significantly scaffold the physical output of the task,access learning tasks that require coordinated hand or finger movements,handwriting; page turning; tools; equipment; device use,consistently throughout the activity or across relevant settings in the school day,"Sustained, highly individualised; consistently across activity/settings",access and participation; prompt or assistance level; independent use of the support; task engagement/completion where relevant,"Which part of this support helps you most when working with handwriting, page turning, tools, equipment or device use? What should we keep, change or fade?",Teach the student how and when to use the support; prompt use before increasing direct assistance; fade prompts when evidence shows increasing independence.,working_draft
D6-A02-EXT-02,Mobility,Fine Motor Skills,Extensive,Physical access & mobility,Classroom Teacher; Education Support Staff,,,Adapt materials,access learning tasks that require coordinated hand or finger movements,handwriting; page turning; tools; equipment; device use,consistently throughout the activity or across relevant settings in the school day,"Sustained, highly individualised; consistently across activity/settings",access and participation; prompt or assistance level; independent use of the support; task engagement/completion where relevant,"Which part of this support helps you most when working with handwriting, page turning, tools, equipment or device use? What should we keep, change or fade?",Teach the student how and when to use the support; prompt use before increasing direct assistance; fade prompts when evidence shows increasing independence.,working_draft
D6-A03-PE-01,Mobility,Moving From Place to Place,Present Environment,Physical access & mobility,Classroom Teacher,,,Maintain ordinary accessible supports and resources in the setting,"access movement between classes, yard, excursions or uneven or crowded areas",movement between classes; yard; excursions; uneven or crowded areas,as part of everyday practice,Ordinary supports/resources available in the setting,access and participation; prompt or assistance level; independent use of the support; task engagement/completion where relevant,"Which part of this support helps you most when working with movement between classes, yard, excursions or uneven or crowded areas? What should we keep, change or fade?",Teach the student how and when to use the support; prompt use before increasing direct assistance; fade prompts when evidence shows increasing independence.,working_draft
D6-A03-DT-01,Mobility,Moving From Place to Place,Differentiated Teaching,Physical access & mobility,Classroom Teacher; Education Support Staff,,,Provide agreed classroom supports matched to the activity,move safely between school settings and access activities,movement between classes; yard; excursions; uneven or crowded areas,as needed during relevant tasks or routines,"Brief, occasional; within usual classroom practice",access and participation; prompt or assistance level; independent use of the support; task engagement/completion where relevant,"Which part of this support helps you most when working with movement between classes, yard, excursions or uneven or crowded areas? What should we keep, change or fade?",Teach the student how and when to use the support; prompt use before increasing direct assistance; fade prompts when evidence shows increasing independence.,working_draft
D6-A03-SUP-01,Mobility,Moving From Place to Place,Supplementary,Physical access & mobility,Classroom Teacher; Education Support Staff,,,Provide agreed classroom supports matched to the activity,move safely between school settings and access activities,movement between classes; yard; excursions; uneven or crowded areas,at specific times through the week or in identified tasks or settings,"Regular, planned and personalised; at specific times/settings",access and participation; prompt or assistance level; independent use of the support; task engagement/completion where relevant,"Which part of this support helps you most when working with movement between classes, yard, excursions or uneven or crowded areas? What should we keep, change or fade?",Teach the student how and when to use the support; prompt use before increasing direct assistance; fade prompts when evidence shows increasing independence.,working_draft
D6-A03-SUB-01A,Mobility,Moving From Place to Place,Substantial,Physical access & mobility,Classroom Teacher; Education Support Staff,,,Support {preferredName} when using a walking frame,move safely between school settings and access activities,movement between classes; yard; excursions; uneven or crowded areas,on most days or across most relevant tasks or settings,"Frequent, personalised; on most days/relevant settings",access and participation; prompt or assistance level; independent use of the support; task engagement/completion where relevant,"Which part of this support helps you most when working with movement between classes, yard, excursions or uneven or crowded areas? What should we keep, change or fade?",Teach the student how and when to use the support; prompt use before increasing direct assistance; fade prompts when evidence shows increasing independence.,working_draft
D6-A03-SUB-01B,Mobility,Moving From Place to Place,Substantial,Physical access & mobility,Classroom Teacher; Education Support Staff,,,Provide the documented assistance for pushing a manual wheelchair over longer distances,move safely between school settings and access activities,movement between classes; yard; excursions; uneven or crowded areas,on most days or across most relevant tasks or settings,"Frequent, personalised; on most days/relevant settings",access and participation; prompt or assistance level; independent use of the support; task engagement/completion where relevant,"Which part of this support helps you most when working with movement between classes, yard, excursions or uneven or crowded areas? What should we keep, change or fade?",Teach the student how and when to use the support; prompt use before increasing direct assistance; fade prompts when evidence shows increasing independence.,working_draft
D6-A03-SUB-01C,Mobility,Moving From Place to Place,Substantial,Physical access & mobility,Classroom Teacher; Education Support Staff,,,Assist on uneven ground,move safely between school settings and access activities,movement between classes; yard; excursions; uneven or crowded areas,on most days or across most relevant tasks or settings,"Frequent, personalised; on most days/relevant settings",access and participation; prompt or assistance level; independent use of the support; task engagement/completion where relevant,"Which part of this support helps you most when working with movement between classes, yard, excursions or uneven or crowded areas? What should we keep, change or fade?",Teach the student how and when to use the support; prompt use before increasing direct assistance; fade prompts when evidence shows increasing independence.,working_draft
D6-A03-SUB-01D,Mobility,Moving From Place to Place,Substantial,Physical access & mobility,Classroom Teacher; Education Support Staff,,,Support transitions between spaces,move safely between school settings and access activities,movement between classes; yard; excursions; uneven or crowded areas,on most days or across most relevant tasks or settings,"Frequent, personalised; on most days/relevant settings",access and participation; prompt or assistance level; independent use of the support; task engagement/completion where relevant,"Which part of this support helps you most when working with movement between classes, yard, excursions or uneven or crowded areas? What should we keep, change or fade?",Teach the student how and when to use the support; prompt use before increasing direct assistance; fade prompts when evidence shows increasing independence.,working_draft
D6-A03-SUB-02,Mobility,Moving From Place to Place,Substantial,Physical access & mobility,Classroom Teacher; Education Support Staff,,,Actively plan accessible routes,move safely between school settings and access activities,movement between classes; yard; excursions; uneven or crowded areas,on most days or across most relevant tasks or settings,"Frequent, personalised; on most days/relevant settings",access and participation; prompt or assistance level; independent use of the support; task engagement/completion where relevant,"Which part of this support helps you most when working with movement between classes, yard, excursions or uneven or crowded areas? What should we keep, change or fade?",Teach the student how and when to use the support; prompt use before increasing direct assistance; fade prompts when evidence shows increasing independence.,working_draft
D6-A03-EXT-01A,Mobility,Moving From Place to Place,Extensive,Physical access & mobility,Classroom Teacher; Education Support Staff,,,Manage {hishertheir} mobility equipment,move safely between school settings and access activities,movement between classes; yard; excursions; uneven or crowded areas,consistently throughout the activity or across relevant settings in the school day,"Sustained, highly individualised; consistently across activity/settings",access and participation; prompt or assistance level; independent use of the support; task engagement/completion where relevant,"Which part of this support helps you most when working with movement between classes, yard, excursions or uneven or crowded areas? What should we keep, change or fade?",Teach the student how and when to use the support; prompt use before increasing direct assistance; fade prompts when evidence shows increasing independence.,working_draft
D6-A03-EXT-01B,Mobility,Moving From Place to Place,Extensive,Physical access & mobility,Classroom Teacher; Education Support Staff,,,Assist movement between locations,move safely between school settings and access activities,movement between classes; yard; excursions; uneven or crowded areas,consistently throughout the activity or across relevant settings in the school day,"Sustained, highly individualised; consistently across activity/settings",access and participation; prompt or assistance level; independent use of the support; task engagement/completion where relevant,"Which part of this support helps you most when working with movement between classes, yard, excursions or uneven or crowded areas? What should we keep, change or fade?",Teach the student how and when to use the support; prompt use before increasing direct assistance; fade prompts when evidence shows increasing independence.,working_draft
D6-A03-EXT-01C,Mobility,Moving From Place to Place,Extensive,Physical access & mobility,Classroom Teacher; Education Support Staff,,,Significantly scaffold transitions,move safely between school settings and access activities,movement between classes; yard; excursions; uneven or crowded areas,consistently throughout the activity or across relevant settings in the school day,"Sustained, highly individualised; consistently across activity/settings",access and participation; prompt or assistance level; independent use of the support; task engagement/completion where relevant,"Which part of this support helps you most when working with movement between classes, yard, excursions or uneven or crowded areas? What should we keep, change or fade?",Teach the student how and when to use the support; prompt use before increasing direct assistance; fade prompts when evidence shows increasing independence.,working_draft
D6-A03-EXT-01D,Mobility,Moving From Place to Place,Extensive,Physical access & mobility,Classroom Teacher; Education Support Staff,,,Plan accessible routes,move safely between school settings and access activities,movement between classes; yard; excursions; uneven or crowded areas,consistently throughout the activity or across relevant settings in the school day,"Sustained, highly individualised; consistently across activity/settings",access and participation; prompt or assistance level; independent use of the support; task engagement/completion where relevant,"Which part of this support helps you most when working with movement between classes, yard, excursions or uneven or crowded areas? What should we keep, change or fade?",Teach the student how and when to use the support; prompt use before increasing direct assistance; fade prompts when evidence shows increasing independence.,working_draft
D6-A03-EXT-02A,Mobility,Moving From Place to Place,Extensive,Physical access & mobility,Classroom Teacher; Education Support Staff,,,Adapt the physical environment in line with specialist advice,move safely between school settings and access activities,movement between classes; yard; excursions; uneven or crowded areas,consistently throughout the activity or across relevant settings in the school day,"Sustained, highly individualised; consistently across activity/settings",access and participation; prompt or assistance level; independent use of the support; task engagement/completion where relevant,"Which part of this support helps you most when working with movement between classes, yard, excursions or uneven or crowded areas? What should we keep, change or fade?",Teach the student how and when to use the support; prompt use before increasing direct assistance; fade prompts when evidence shows increasing independence.,working_draft
D6-A03-EXT-02B,Mobility,Moving From Place to Place,Extensive,Physical access & mobility,Classroom Teacher; Education Support Staff,,,Follow the documented manual handling advice,move safely between school settings and access activities,movement between classes; yard; excursions; uneven or crowded areas,consistently throughout the activity or across relevant settings in the school day,"Sustained, highly individualised; consistently across activity/settings",access and participation; prompt or assistance level; independent use of the support; task engagement/completion where relevant,"Which part of this support helps you most when working with movement between classes, yard, excursions or uneven or crowded areas? What should we keep, change or fade?",Teach the student how and when to use the support; prompt use before increasing direct assistance; fade prompts when evidence shows increasing independence.,working_draft
D6-A04-PE-01,Mobility,Positioning One’s Body,Present Environment,"Health, care & safety",Classroom Teacher,,,Maintain ordinary accessible supports and resources in the setting,"access seating, standing, transfers, posture or positioning for learning or care",seating; standing; transfers; posture; positioning for learning or care,as part of everyday practice,Ordinary supports/resources available in the setting,access and participation; prompt or assistance level; independent use of the support; task engagement/completion where relevant,"Which part of this support helps you most when working with seating, standing, transfers, posture or positioning for learning or care? What should we keep, change or fade?",Teach the student how and when to use the support; prompt use before increasing direct assistance; fade prompts when evidence shows increasing independence.,working_draft
D6-A04-DT-01A,Mobility,Positioning One’s Body,Differentiated Teaching,"Health, care & safety",Classroom Teacher; Education Support Staff,,,Provide occasional verbal prompts or brief physical-positioning support as documented and required for access,"position their body safely and comfortably for learning, communication and participation",seating; standing; transfers; posture; positioning for learning or care,as needed during relevant tasks or routines,"Brief, occasional; within usual classroom practice",access and participation; prompt or assistance level; independent use of the support; task engagement/completion where relevant,"Which part of this support helps you most when working with seating, standing, transfers, posture or positioning for learning or care? What should we keep, change or fade?",Teach the student how and when to use the support; prompt use before increasing direct assistance; fade prompts when evidence shows increasing independence.,working_draft
D6-A04-DT-01B,Mobility,Positioning One’s Body,Differentiated Teaching,"Health, care & safety",Classroom Teacher; Education Support Staff,,,Provide brief physical assistance,"position their body safely and comfortably for learning, communication and participation",seating; standing; transfers; posture; positioning for learning or care,as needed during relevant tasks or routines,"Brief, occasional; within usual classroom practice",implementation as documented; safety/health observations required by the plan; participation and dignity; issues escalated according to the plan,"Which part of this support helps you most when working with seating, standing, transfers, posture or positioning for learning or care? What should we keep, change or fade?",Follow the documented plan and do not fade safety-critical assistance except through formal review.,working_draft
D6-A04-DT-01C,Mobility,Positioning One’s Body,Differentiated Teaching,"Health, care & safety",Classroom Teacher; Education Support Staff,,,Provide simple equipment adjustments,"position their body safely and comfortably for learning, communication and participation",seating; standing; transfers; posture; positioning for learning or care,as needed during relevant tasks or routines,"Brief, occasional; within usual classroom practice",access and participation; prompt or assistance level; independent use of the support; task engagement/completion where relevant,"Which part of this support helps you most when working with seating, standing, transfers, posture or positioning for learning or care? What should we keep, change or fade?",Teach the student how and when to use the support; prompt use before increasing direct assistance; fade prompts when evidence shows increasing independence.,working_draft
D6-A04-SUP-01,Mobility,Positioning One’s Body,Supplementary,"Health, care & safety",Classroom Teacher; Education Support Staff,,,Provide agreed classroom supports matched to the activity,"position their body safely and comfortably for learning, communication and participation",seating; standing; transfers; posture; positioning for learning or care,at specific times through the week or in identified tasks or settings,"Regular, planned and personalised; at specific times/settings",access and participation; prompt or assistance level; independent use of the support; task engagement/completion where relevant,"Which part of this support helps you most when working with seating, standing, transfers, posture or positioning for learning or care? What should we keep, change or fade?",Teach the student how and when to use the support; prompt use before increasing direct assistance; fade prompts when evidence shows increasing independence.,working_draft
D6-A04-SUB-01A,Mobility,Positioning One’s Body,Substantial,"Health, care & safety",Classroom Teacher; Education Support Staff,,,Support transfers between equipment,"position their body safely and comfortably for learning, communication and participation",seating; standing; transfers; posture; positioning for learning or care,on most days or across most relevant tasks or settings,"Frequent, personalised; on most days/relevant settings",access and participation; prompt or assistance level; independent use of the support; task engagement/completion where relevant,"Which part of this support helps you most when working with seating, standing, transfers, posture or positioning for learning or care? What should we keep, change or fade?",Teach the student how and when to use the support; prompt use before increasing direct assistance; fade prompts when evidence shows increasing independence.,working_draft
D6-A04-SUB-01B,Mobility,Positioning One’s Body,Substantial,"Health, care & safety",Classroom Teacher; Education Support Staff,,,Adjust posture regularly to prevent pain,"position their body safely and comfortably for learning, communication and participation",seating; standing; transfers; posture; positioning for learning or care,on most days or across most relevant tasks or settings,"Frequent, personalised; on most days/relevant settings",access and participation; prompt or assistance level; independent use of the support; task engagement/completion where relevant,"Which part of this support helps you most when working with seating, standing, transfers, posture or positioning for learning or care? What should we keep, change or fade?",Teach the student how and when to use the support; prompt use before increasing direct assistance; fade prompts when evidence shows increasing independence.,working_draft
D6-A04-SUB-01C,Mobility,Positioning One’s Body,Substantial,"Health, care & safety",Classroom Teacher; Education Support Staff,,,Assist with specialist seating,"position their body safely and comfortably for learning, communication and participation",seating; standing; transfers; posture; positioning for learning or care,on most days or across most relevant tasks or settings,"Frequent, personalised; on most days/relevant settings",implementation as documented; safety/health observations required by the plan; participation and dignity; issues escalated according to the plan,"Which part of this support helps you most when working with seating, standing, transfers, posture or positioning for learning or care? What should we keep, change or fade?",Follow the documented plan and do not fade safety-critical assistance except through formal review.,working_draft
D6-A04-SUB-01D,Mobility,Positioning One’s Body,Substantial,"Health, care & safety",Classroom Teacher; Education Support Staff,,,Use the standing frame only as documented and in line with relevant training or specialist advice,"position their body safely and comfortably for learning, communication and participation",seating; standing; transfers; posture; positioning for learning or care,on most days or across most relevant tasks or settings,"Frequent, personalised; on most days/relevant settings",access and participation; prompt or assistance level; independent use of the support; task engagement/completion where relevant,"Which part of this support helps you most when working with seating, standing, transfers, posture or positioning for learning or care? What should we keep, change or fade?",Teach the student how and when to use the support; prompt use before increasing direct assistance; fade prompts when evidence shows increasing independence.,working_draft
D6-A04-SUB-02,Mobility,Positioning One’s Body,Substantial,"Health, care & safety",Classroom Teacher; Education Support Staff,,,Monitor comfort and safety during learning activities,"position their body safely and comfortably for learning, communication and participation",seating; standing; transfers; posture; positioning for learning or care,on most days or across most relevant tasks or settings,"Frequent, personalised; on most days/relevant settings",implementation as documented; safety/health observations required by the plan; participation and dignity; issues escalated according to the plan,"Which part of this support helps you most when working with seating, standing, transfers, posture or positioning for learning or care? What should we keep, change or fade?",Follow the documented plan and do not fade safety-critical assistance except through formal review.,working_draft
D6-A04-EXT-01A,Mobility,Positioning One’s Body,Extensive,Assessment & demonstrating learning,Classroom Teacher; Education Support Staff,,,Use prescribed equipment,"position their body safely and comfortably for learning, communication and participation",seating; standing; transfers; posture; positioning for learning or care,consistently throughout the activity or across relevant settings in the school day,"Sustained, highly individualised; consistently across activity/settings",access and participation; prompt or assistance level; independent use of the support; task engagement/completion where relevant,"Which part of this support helps you most when working with seating, standing, transfers, posture or positioning for learning or care? What should we keep, change or fade?",Teach the student how and when to use the support; prompt use before increasing direct assistance; fade prompts when evidence shows increasing independence.,working_draft
D6-A04-EXT-01B,Mobility,Positioning One’s Body,Extensive,"Health, care & safety",Classroom Teacher; Education Support Staff,,,Support {preferredName} to follow manual handling procedures,"position their body safely and comfortably for learning, communication and participation",seating; standing; transfers; posture; positioning for learning or care,consistently throughout the activity or across relevant settings in the school day,"Sustained, highly individualised; consistently across activity/settings",access and participation; prompt or assistance level; independent use of the support; task engagement/completion where relevant,"Which part of this support helps you most when working with seating, standing, transfers, posture or positioning for learning or care? What should we keep, change or fade?",Teach the student how and when to use the support; prompt use before increasing direct assistance; fade prompts when evidence shows increasing independence.,working_draft
D6-A04-EXT-01C,Mobility,Positioning One’s Body,Extensive,"Health, care & safety",Classroom Teacher; Education Support Staff,,,Adjust seating,"position their body safely and comfortably for learning, communication and participation",seating; standing; transfers; posture; positioning for learning or care,consistently throughout the activity or across relevant settings in the school day,"Sustained, highly individualised; consistently across activity/settings",implementation as documented; safety/health observations required by the plan; participation and dignity; issues escalated according to the plan,"Which part of this support helps you most when working with seating, standing, transfers, posture or positioning for learning or care? What should we keep, change or fade?",Follow the documented plan and do not fade safety-critical assistance except through formal review.,working_draft
D6-A04-EXT-01D,Mobility,Positioning One’s Body,Extensive,"Health, care & safety",Classroom Teacher; Education Support Staff,,,Provide wheelchair positioning,"position their body safely and comfortably for learning, communication and participation",seating; standing; transfers; posture; positioning for learning or care,consistently throughout the activity or across relevant settings in the school day,"Sustained, highly individualised; consistently across activity/settings",access and participation; prompt or assistance level; independent use of the support; task engagement/completion where relevant,"Which part of this support helps you most when working with seating, standing, transfers, posture or positioning for learning or care? What should we keep, change or fade?",Teach the student how and when to use the support; prompt use before increasing direct assistance; fade prompts when evidence shows increasing independence.,working_draft
D6-A04-EXT-02A,Mobility,Positioning One’s Body,Extensive,"Health, care & safety",Classroom Teacher; Education Support Staff,,,Support transfers,"position their body safely and comfortably for learning, communication and participation",seating; standing; transfers; posture; positioning for learning or care,consistently throughout the activity or across relevant settings in the school day,"Sustained, highly individualised; consistently across activity/settings",access and participation; prompt or assistance level; independent use of the support; task engagement/completion where relevant,"Which part of this support helps you most when working with seating, standing, transfers, posture or positioning for learning or care? What should we keep, change or fade?",Teach the student how and when to use the support; prompt use before increasing direct assistance; fade prompts when evidence shows increasing independence.,working_draft
D6-A04-EXT-02B,Mobility,Positioning One’s Body,Extensive,"Health, care & safety",Classroom Teacher; Education Support Staff,,,Monitor posture and comfort,"position their body safely and comfortably for learning, communication and participation",seating; standing; transfers; posture; positioning for learning or care,consistently throughout the activity or across relevant settings in the school day,"Sustained, highly individualised; consistently across activity/settings",access and participation; prompt or assistance level; independent use of the support; task engagement/completion where relevant,"Which part of this support helps you most when working with seating, standing, transfers, posture or positioning for learning or care? What should we keep, change or fade?",Teach the student how and when to use the support; prompt use before increasing direct assistance; fade prompts when evidence shows increasing independence.,working_draft
D6-A04-EXT-02C,Mobility,Positioning One’s Body,Extensive,"Health, care & safety",Classroom Teacher; Education Support Staff,,,Reposition {preferredName} throughout the day,"position their body safely and comfortably for learning, communication and participation",seating; standing; transfers; posture; positioning for learning or care,consistently throughout the activity or across relevant settings in the school day,"Sustained, highly individualised; consistently across activity/settings",access and participation; prompt or assistance level; independent use of the support; task engagement/completion where relevant,"Which part of this support helps you most when working with seating, standing, transfers, posture or positioning for learning or care? What should we keep, change or fade?",Teach the student how and when to use the support; prompt use before increasing direct assistance; fade prompts when evidence shows increasing independence.,working_draft
D6-A04-EXT-02D,Mobility,Positioning One’s Body,Extensive,"Health, care & safety",Classroom Teacher; Education Support Staff,,,Follow the documented response to fatigue,"position their body safely and comfortably for learning, communication and participation",seating; standing; transfers; posture; positioning for learning or care,consistently throughout the activity or across relevant settings in the school day,"Sustained, highly individualised; consistently across activity/settings",access and participation; prompt or assistance level; independent use of the support; task engagement/completion where relevant,"Which part of this support helps you most when working with seating, standing, transfers, posture or positioning for learning or care? What should we keep, change or fade?",Teach the student how and when to use the support; prompt use before increasing direct assistance; fade prompts when evidence shows increasing independence.,working_draft
D6-A04-EXT-03,Mobility,Positioning One’s Body,Extensive,"Health, care & safety",Classroom Teacher; Education Support Staff,,,Respond to signs of physical distress as documented,"position their body safely and comfortably for learning, communication and participation",seating; standing; transfers; posture; positioning for learning or care,consistently throughout the activity or across relevant settings in the school day,"Sustained, highly individualised; consistently across activity/settings",access and participation; prompt or assistance level; independent use of the support; task engagement/completion where relevant,"Which part of this support helps you most when working with seating, standing, transfers, posture or positioning for learning or care? What should we keep, change or fade?",Teach the student how and when to use the support; prompt use before increasing direct assistance; fade prompts when evidence shows increasing independence.,working_draft
